protocol,seed,model,record_id,target,probability,threshold,prediction
paper_rows,42,LR,527,1,0.9749100037878153,0.5,1
paper_rows,42,LR,359,1,0.9969114790422708,0.5,1
paper_rows,42,LR,447,0,0.014693816667095383,0.5,0
paper_rows,42,LR,31,1,0.9710238778418957,0.5,1
paper_rows,42,LR,621,0,0.04274513272398995,0.5,0
paper_rows,42,LR,590,1,0.6760885615599113,0.5,1
paper_rows,42,LR,905,0,0.00731120515580715,0.5,0
paper_rows,42,LR,737,0,0.0043681938860799276,0.5,0
paper_rows,42,LR,76,1,0.8408982794826444,0.5,1
paper_rows,42,LR,948,0,0.015279991369957073,0.5,0
paper_rows,42,LR,432,1,0.9797740182957935,0.5,1
paper_rows,42,LR,70,0,0.0017298766575574844,0.5,0
paper_rows,42,LR,680,1,0.8779236335605239,0.5,1
paper_rows,42,LR,101,1,0.868498782498694,0.5,1
paper_rows,42,LR,845,0,0.06990814166955453,0.5,0
paper_rows,42,LR,656,0,0.9441054518836327,0.5,1
paper_rows,42,LR,310,0,0.006850103936401115,0.5,0
paper_rows,42,LR,344,1,0.9778375599564845,0.5,1
paper_rows,42,LR,837,1,0.7572153901968345,0.5,1
paper_rows,42,LR,174,0,0.011402880000779598,0.5,0
paper_rows,42,LR,96,1,0.8241582224166029,0.5,1
paper_rows,42,LR,822,0,0.05027232766513549,0.5,0
paper_rows,42,LR,598,0,0.4908093903623053,0.5,0
paper_rows,42,LR,218,0,0.0025505921062156504,0.5,0
paper_rows,42,LR,420,1,0.8241582224166029,0.5,1
paper_rows,42,LR,208,1,0.6506954605339811,0.5,1
paper_rows,42,LR,774,1,0.9792373318670706,0.5,1
paper_rows,42,LR,290,1,0.5163261020189365,0.5,1
paper_rows,42,LR,889,0,0.002695123835665234,0.5,0
paper_rows,42,LR,670,0,0.9141637529389672,0.5,1
paper_rows,42,LR,903,0,0.6569985787462792,0.5,1
paper_rows,42,LR,1004,1,0.8175988450955105,0.5,1
paper_rows,42,LR,1012,0,0.5066167156411766,0.5,1
paper_rows,42,LR,329,1,0.9969114790422708,0.5,1
paper_rows,42,LR,1001,1,0.8622794986359741,0.5,1
paper_rows,42,LR,762,1,0.7543428401915144,0.5,1
paper_rows,42,LR,490,1,0.8241582224166029,0.5,1
paper_rows,42,LR,350,1,0.40751427285888103,0.5,0
paper_rows,42,LR,500,1,0.8442483505435443,0.5,1
paper_rows,42,LR,307,1,0.9466054734476491,0.5,1
paper_rows,42,LR,853,0,0.0043681938860799276,0.5,0
paper_rows,42,LR,351,0,0.052201378998814496,0.5,0
paper_rows,42,LR,643,1,0.5458207112474585,0.5,1
paper_rows,42,LR,439,0,0.4908093903623053,0.5,0
paper_rows,42,LR,819,0,0.106816681537089,0.5,0
paper_rows,42,LR,833,0,0.0010439436353377445,0.5,0
paper_rows,42,LR,518,0,0.08936408738299163,0.5,0
paper_rows,42,LR,554,0,0.4694377972244557,0.5,0
paper_rows,42,LR,289,0,0.6553411146111591,0.5,1
paper_rows,42,LR,292,1,0.4316166787986205,0.5,0
paper_rows,42,LR,213,1,0.5912514112839836,0.5,1
paper_rows,42,LR,966,0,0.002287234698134498,0.5,0
paper_rows,42,LR,59,0,0.7075341534587333,0.5,1
paper_rows,42,LR,692,0,0.014083313623902466,0.5,0
paper_rows,42,LR,321,1,0.9792373318670706,0.5,1
paper_rows,42,LR,10,1,0.8442483505435443,0.5,1
paper_rows,42,LR,331,0,0.3287061915177344,0.5,0
paper_rows,42,LR,334,0,0.005603746041779039,0.5,0
paper_rows,42,LR,918,0,0.8866815685585149,0.5,1
paper_rows,42,LR,86,1,0.9452475238642047,0.5,1
paper_rows,42,LR,332,1,0.5708791076639793,0.5,1
paper_rows,42,LR,743,1,0.04061924057281558,0.5,0
paper_rows,42,LR,450,0,0.002695123835665234,0.5,0
paper_rows,42,LR,468,1,0.4316166787986205,0.5,0
paper_rows,42,LR,305,0,0.00296198163197141,0.5,0
paper_rows,42,LR,30,0,0.25636936337344757,0.5,0
paper_rows,42,LR,558,1,0.9984582220531861,0.5,1
paper_rows,42,LR,405,0,0.5958596493010656,0.5,1
paper_rows,42,LR,54,0,0.0010439436353377445,0.5,0
paper_rows,42,LR,23,1,0.9915638096674005,0.5,1
paper_rows,42,LR,1018,0,0.7196918464169298,0.5,1
paper_rows,42,LR,481,0,0.002695123835665234,0.5,0
paper_rows,42,LR,3,0,0.37561673441612786,0.5,0
paper_rows,42,LR,231,1,0.9178268797788699,0.5,1
paper_rows,42,LR,355,1,0.7467740663512299,0.5,1
paper_rows,42,LR,673,1,0.6305797436022804,0.5,1
paper_rows,42,LR,756,0,0.00731120515580715,0.5,0
paper_rows,42,LR,843,0,0.8600886693023018,0.5,1
paper_rows,42,LR,667,0,0.5764676170451845,0.5,1
paper_rows,42,LR,215,1,0.8700082415240095,0.5,1
paper_rows,42,LR,634,0,0.1892641875108372,0.5,0
paper_rows,42,LR,318,0,0.2723989062216459,0.5,0
paper_rows,42,LR,986,0,0.03949344846785472,0.5,0
paper_rows,42,LR,352,0,0.006830194388025057,0.5,0
paper_rows,42,LR,715,1,0.7192112901333566,0.5,1
paper_rows,42,LR,394,0,0.0017859463921157909,0.5,0
paper_rows,42,LR,198,1,0.9797740182957935,0.5,1
paper_rows,42,LR,594,0,0.10149328193475968,0.5,0
paper_rows,42,LR,863,0,0.1892641875108372,0.5,0
paper_rows,42,LR,924,0,0.9141637529389672,0.5,1
paper_rows,42,LR,39,0,0.47886255844980763,0.5,0
paper_rows,42,LR,790,0,0.011402880000779598,0.5,0
paper_rows,42,LR,314,1,0.8488726072621036,0.5,1
paper_rows,42,LR,761,1,0.953457359286942,0.5,1
paper_rows,42,LR,580,1,0.8535205864822382,0.5,1
paper_rows,42,LR,66,1,0.70135469439573,0.5,1
paper_rows,42,LR,717,0,0.5958596493010656,0.5,1
paper_rows,42,LR,67,0,0.1218878749035858,0.5,0
paper_rows,42,LR,294,0,0.0007830626344263378,0.5,0
paper_rows,42,LR,921,0,0.016175721887750398,0.5,0
paper_rows,42,LR,464,1,0.32023430640485695,0.5,0
paper_rows,42,LR,107,0,0.03646514620958227,0.5,0
paper_rows,42,LR,629,0,0.7360742967652337,0.5,1
paper_rows,42,LR,576,1,0.707289043437075,0.5,1
paper_rows,42,LR,254,0,0.0742639996507429,0.5,0
paper_rows,42,LR,723,1,0.9010655502026851,0.5,1
paper_rows,42,LR,929,0,0.005603746041779039,0.5,0
paper_rows,42,LR,539,1,0.6993386505885935,0.5,1
paper_rows,42,LR,915,0,0.29481055995534955,0.5,0
paper_rows,42,LR,525,1,0.9789494092018657,0.5,1
paper_rows,42,LR,543,0,0.8866815685585149,0.5,1
paper_rows,42,LR,754,1,0.9789494092018657,0.5,1
paper_rows,42,LR,100,1,0.9913093960132553,0.5,1
paper_rows,42,LR,88,0,0.06306297876980484,0.5,0
paper_rows,42,LR,63,1,0.8350648841900778,0.5,1
paper_rows,42,LR,848,1,0.9808785479836355,0.5,1
paper_rows,42,LR,893,0,0.816673573378547,0.5,1
paper_rows,42,LR,139,1,0.9198009709867294,0.5,1
paper_rows,42,LR,603,1,0.9595341417398595,0.5,1
paper_rows,42,LR,620,0,0.003863829064616782,0.5,0
paper_rows,42,LR,542,1,0.47346306755780027,0.5,0
paper_rows,42,LR,494,1,0.6620456603488235,0.5,1
paper_rows,42,LR,589,0,0.003488089761366914,0.5,0
paper_rows,42,LR,109,0,0.12156656318693315,0.5,0
paper_rows,42,LR,962,1,0.08906528836551397,0.5,0
paper_rows,42,LR,247,0,0.0025505921062156504,0.5,0
paper_rows,42,LR,922,1,0.8154138725627622,0.5,1
paper_rows,42,LR,697,0,0.543636623118656,0.5,1
paper_rows,42,LR,486,0,0.7196918464169298,0.5,1
paper_rows,42,LR,136,1,0.9208443008366735,0.5,1
paper_rows,42,LR,932,1,0.8175988450955105,0.5,1
paper_rows,42,LR,688,0,0.0007830626344263378,0.5,0
paper_rows,42,LR,758,1,0.9943536417154967,0.5,1
paper_rows,42,LR,158,1,0.32023430640485695,0.5,0
paper_rows,42,LR,493,0,0.009513563100500628,0.5,0
paper_rows,42,LR,501,1,0.9630745199372712,0.5,1
paper_rows,42,LR,682,0,0.05211184074799768,0.5,0
paper_rows,42,LR,973,1,0.6620456603488235,0.5,1
paper_rows,42,LR,256,1,0.9630745199372712,0.5,1
paper_rows,42,LR,734,0,0.816673573378547,0.5,1
paper_rows,42,LR,857,1,0.5766285794520255,0.5,1
paper_rows,42,LR,959,1,0.9216162767412177,0.5,1
paper_rows,42,LR,617,1,0.9738531163843627,0.5,1
paper_rows,42,LR,983,1,0.020502175747615075,0.5,0
paper_rows,42,LR,901,1,0.7626175660054476,0.5,1
paper_rows,42,LR,210,1,0.7858754633586044,0.5,1
paper_rows,42,LR,168,1,0.5912514112839836,0.5,1
paper_rows,42,LR,939,1,0.9603715456557135,0.5,1
paper_rows,42,LR,440,0,0.5564017872152285,0.5,1
paper_rows,42,LR,1022,0,0.048313487813779046,0.5,0
paper_rows,42,LR,545,0,0.5066167156411766,0.5,1
paper_rows,42,LR,55,0,0.0010439436353377445,0.5,0
paper_rows,42,LR,120,1,0.6894428110018274,0.5,1
paper_rows,42,LR,616,1,0.5766285794520255,0.5,1
paper_rows,42,LR,25,0,0.17319118055118485,0.5,0
paper_rows,42,LR,72,0,0.06937415868418705,0.5,0
paper_rows,42,LR,532,0,0.8247300787195374,0.5,1
paper_rows,42,LR,44,1,0.9208443008366735,0.5,1
paper_rows,42,LR,296,0,0.09933731829683466,0.5,0
paper_rows,42,LR,199,0,0.052201378998814496,0.5,0
paper_rows,42,LR,753,1,0.5458207112474585,0.5,1
paper_rows,42,LR,793,1,0.97422876700317,0.5,1
paper_rows,42,LR,485,0,0.03646514620958227,0.5,0
paper_rows,42,LR,209,0,0.03646514620958227,0.5,0
paper_rows,42,LR,265,1,0.12615413860257593,0.5,0
paper_rows,42,LR,377,1,0.118117253755853,0.5,0
paper_rows,42,LR,894,0,0.11733608159658718,0.5,0
paper_rows,42,LR,788,0,0.030537497370085723,0.5,0
paper_rows,42,LR,528,1,0.04966702591057917,0.5,0
paper_rows,42,LR,451,1,0.9603715456557135,0.5,1
paper_rows,42,LR,595,0,0.37561673441612786,0.5,0
paper_rows,42,LR,745,1,0.7396652468218604,0.5,1
paper_rows,42,LR,965,1,0.9424622735092721,0.5,1
paper_rows,42,LR,526,0,0.0020185748543628057,0.5,0
paper_rows,42,LR,306,1,0.9610598364311643,0.5,1
paper_rows,42,LR,319,1,0.9969114790422708,0.5,1
paper_rows,42,LR,60,1,0.97050741528733,0.5,1
paper_rows,42,LR,482,0,0.00026708518626891866,0.5,0
paper_rows,42,LR,854,0,0.7360742967652337,0.5,1
paper_rows,42,LR,615,1,0.972744688249802,0.5,1
paper_rows,42,LR,541,1,0.9625785393729348,0.5,1
paper_rows,42,LR,428,0,0.003953352594459341,0.5,0
paper_rows,42,LR,184,1,0.8415029316431459,0.5,1
paper_rows,42,LR,881,0,0.7075341534587333,0.5,1
paper_rows,42,LR,982,1,0.8054397520031286,0.5,1
paper_rows,42,LR,599,1,0.9595341417398595,0.5,1
paper_rows,42,LR,906,1,0.8622794986359741,0.5,1
paper_rows,42,LR,778,0,0.8866815685585149,0.5,1
paper_rows,42,LR,261,1,0.6216289789551657,0.5,1
paper_rows,42,LR,342,1,0.9642391202100625,0.5,1
paper_rows,42,LR,522,1,0.9753421373656618,0.5,1
paper_rows,42,LR,237,0,0.5764676170451845,0.5,1
paper_rows,42,LR,110,0,0.8214082840247414,0.5,1
paper_rows,42,LR,497,0,0.7075341534587333,0.5,1
paper_rows,42,LR,516,0,0.005603746041779039,0.5,0
paper_rows,42,LR,361,1,0.07132277064325522,0.5,0
paper_rows,42,LR,429,0,0.9617137710209694,0.5,1
paper_rows,42,LR,1013,0,0.008151199443617358,0.5,0
paper_rows,42,LR,277,1,0.9501983826557889,0.5,1
paper_rows,42,LR,260,1,0.9745493315689201,0.5,1
paper_rows,42,LR,832,1,0.5285526320641663,0.5,1
paper_rows,42,LR,796,1,0.9000266503753329,0.5,1
paper_rows,42,LR,644,1,0.9745493315689201,0.5,1
paper_rows,42,LR,404,0,0.029890245705033163,0.5,0
paper_rows,42,LR,842,0,0.3131172185129499,0.5,0
paper_rows,42,DT,527,1,1.0,0.5,1
paper_rows,42,DT,359,1,1.0,0.5,1
paper_rows,42,DT,447,0,0.0,0.5,0
paper_rows,42,DT,31,1,1.0,0.5,1
paper_rows,42,DT,621,0,0.0,0.5,0
paper_rows,42,DT,590,1,1.0,0.5,1
paper_rows,42,DT,905,0,0.0,0.5,0
paper_rows,42,DT,737,0,0.0,0.5,0
paper_rows,42,DT,76,1,1.0,0.5,1
paper_rows,42,DT,948,0,0.0,0.5,0
paper_rows,42,DT,432,1,1.0,0.5,1
paper_rows,42,DT,70,0,0.0,0.5,0
paper_rows,42,DT,680,1,1.0,0.5,1
paper_rows,42,DT,101,1,1.0,0.5,1
paper_rows,42,DT,845,0,0.0,0.5,0
paper_rows,42,DT,656,0,0.0,0.5,0
paper_rows,42,DT,310,0,0.0,0.5,0
paper_rows,42,DT,344,1,1.0,0.5,1
paper_rows,42,DT,837,1,1.0,0.5,1
paper_rows,42,DT,174,0,0.0,0.5,0
paper_rows,42,DT,96,1,0.0,0.5,0
paper_rows,42,DT,822,0,0.0,0.5,0
paper_rows,42,DT,598,0,0.0,0.5,0
paper_rows,42,DT,218,0,0.0,0.5,0
paper_rows,42,DT,420,1,0.0,0.5,0
paper_rows,42,DT,208,1,1.0,0.5,1
paper_rows,42,DT,774,1,1.0,0.5,1
paper_rows,42,DT,290,1,1.0,0.5,1
paper_rows,42,DT,889,0,0.0,0.5,0
paper_rows,42,DT,670,0,0.0,0.5,0
paper_rows,42,DT,903,0,0.0,0.5,0
paper_rows,42,DT,1004,1,1.0,0.5,1
paper_rows,42,DT,1012,0,0.0,0.5,0
paper_rows,42,DT,329,1,1.0,0.5,1
paper_rows,42,DT,1001,1,1.0,0.5,1
paper_rows,42,DT,762,1,1.0,0.5,1
paper_rows,42,DT,490,1,0.0,0.5,0
paper_rows,42,DT,350,1,1.0,0.5,1
paper_rows,42,DT,500,1,1.0,0.5,1
paper_rows,42,DT,307,1,1.0,0.5,1
paper_rows,42,DT,853,0,0.0,0.5,0
paper_rows,42,DT,351,0,0.0,0.5,0
paper_rows,42,DT,643,1,1.0,0.5,1
paper_rows,42,DT,439,0,0.0,0.5,0
paper_rows,42,DT,819,0,0.0,0.5,0
paper_rows,42,DT,833,0,0.0,0.5,0
paper_rows,42,DT,518,0,0.0,0.5,0
paper_rows,42,DT,554,0,0.0,0.5,0
paper_rows,42,DT,289,0,0.0,0.5,0
paper_rows,42,DT,292,1,1.0,0.5,1
paper_rows,42,DT,213,1,1.0,0.5,1
paper_rows,42,DT,966,0,0.0,0.5,0
paper_rows,42,DT,59,0,0.0,0.5,0
paper_rows,42,DT,692,0,0.0,0.5,0
paper_rows,42,DT,321,1,1.0,0.5,1
paper_rows,42,DT,10,1,1.0,0.5,1
paper_rows,42,DT,331,0,0.0,0.5,0
paper_rows,42,DT,334,0,0.0,0.5,0
paper_rows,42,DT,918,0,0.0,0.5,0
paper_rows,42,DT,86,1,1.0,0.5,1
paper_rows,42,DT,332,1,1.0,0.5,1
paper_rows,42,DT,743,1,1.0,0.5,1
paper_rows,42,DT,450,0,0.0,0.5,0
paper_rows,42,DT,468,1,1.0,0.5,1
paper_rows,42,DT,305,0,0.0,0.5,0
paper_rows,42,DT,30,0,0.0,0.5,0
paper_rows,42,DT,558,1,1.0,0.5,1
paper_rows,42,DT,405,0,0.0,0.5,0
paper_rows,42,DT,54,0,0.0,0.5,0
paper_rows,42,DT,23,1,1.0,0.5,1
paper_rows,42,DT,1018,0,0.0,0.5,0
paper_rows,42,DT,481,0,0.0,0.5,0
paper_rows,42,DT,3,0,0.0,0.5,0
paper_rows,42,DT,231,1,1.0,0.5,1
paper_rows,42,DT,355,1,1.0,0.5,1
paper_rows,42,DT,673,1,1.0,0.5,1
paper_rows,42,DT,756,0,0.0,0.5,0
paper_rows,42,DT,843,0,0.0,0.5,0
paper_rows,42,DT,667,0,0.0,0.5,0
paper_rows,42,DT,215,1,1.0,0.5,1
paper_rows,42,DT,634,0,0.0,0.5,0
paper_rows,42,DT,318,0,0.0,0.5,0
paper_rows,42,DT,986,0,0.0,0.5,0
paper_rows,42,DT,352,0,0.0,0.5,0
paper_rows,42,DT,715,1,1.0,0.5,1
paper_rows,42,DT,394,0,0.0,0.5,0
paper_rows,42,DT,198,1,1.0,0.5,1
paper_rows,42,DT,594,0,0.0,0.5,0
paper_rows,42,DT,863,0,0.0,0.5,0
paper_rows,42,DT,924,0,0.0,0.5,0
paper_rows,42,DT,39,0,0.0,0.5,0
paper_rows,42,DT,790,0,0.0,0.5,0
paper_rows,42,DT,314,1,1.0,0.5,1
paper_rows,42,DT,761,1,1.0,0.5,1
paper_rows,42,DT,580,1,1.0,0.5,1
paper_rows,42,DT,66,1,1.0,0.5,1
paper_rows,42,DT,717,0,0.0,0.5,0
paper_rows,42,DT,67,0,0.0,0.5,0
paper_rows,42,DT,294,0,0.0,0.5,0
paper_rows,42,DT,921,0,0.0,0.5,0
paper_rows,42,DT,464,1,1.0,0.5,1
paper_rows,42,DT,107,0,0.0,0.5,0
paper_rows,42,DT,629,0,0.0,0.5,0
paper_rows,42,DT,576,1,1.0,0.5,1
paper_rows,42,DT,254,0,0.0,0.5,0
paper_rows,42,DT,723,1,1.0,0.5,1
paper_rows,42,DT,929,0,0.0,0.5,0
paper_rows,42,DT,539,1,1.0,0.5,1
paper_rows,42,DT,915,0,0.0,0.5,0
paper_rows,42,DT,525,1,1.0,0.5,1
paper_rows,42,DT,543,0,0.0,0.5,0
paper_rows,42,DT,754,1,1.0,0.5,1
paper_rows,42,DT,100,1,1.0,0.5,1
paper_rows,42,DT,88,0,0.0,0.5,0
paper_rows,42,DT,63,1,1.0,0.5,1
paper_rows,42,DT,848,1,1.0,0.5,1
paper_rows,42,DT,893,0,0.0,0.5,0
paper_rows,42,DT,139,1,1.0,0.5,1
paper_rows,42,DT,603,1,1.0,0.5,1
paper_rows,42,DT,620,0,0.0,0.5,0
paper_rows,42,DT,542,1,1.0,0.5,1
paper_rows,42,DT,494,1,1.0,0.5,1
paper_rows,42,DT,589,0,0.0,0.5,0
paper_rows,42,DT,109,0,0.0,0.5,0
paper_rows,42,DT,962,1,1.0,0.5,1
paper_rows,42,DT,247,0,0.0,0.5,0
paper_rows,42,DT,922,1,1.0,0.5,1
paper_rows,42,DT,697,0,0.0,0.5,0
paper_rows,42,DT,486,0,0.0,0.5,0
paper_rows,42,DT,136,1,1.0,0.5,1
paper_rows,42,DT,932,1,1.0,0.5,1
paper_rows,42,DT,688,0,0.0,0.5,0
paper_rows,42,DT,758,1,1.0,0.5,1
paper_rows,42,DT,158,1,1.0,0.5,1
paper_rows,42,DT,493,0,0.0,0.5,0
paper_rows,42,DT,501,1,1.0,0.5,1
paper_rows,42,DT,682,0,0.0,0.5,0
paper_rows,42,DT,973,1,1.0,0.5,1
paper_rows,42,DT,256,1,1.0,0.5,1
paper_rows,42,DT,734,0,0.0,0.5,0
paper_rows,42,DT,857,1,1.0,0.5,1
paper_rows,42,DT,959,1,1.0,0.5,1
paper_rows,42,DT,617,1,1.0,0.5,1
paper_rows,42,DT,983,1,1.0,0.5,1
paper_rows,42,DT,901,1,1.0,0.5,1
paper_rows,42,DT,210,1,1.0,0.5,1
paper_rows,42,DT,168,1,1.0,0.5,1
paper_rows,42,DT,939,1,1.0,0.5,1
paper_rows,42,DT,440,0,0.0,0.5,0
paper_rows,42,DT,1022,0,0.0,0.5,0
paper_rows,42,DT,545,0,0.0,0.5,0
paper_rows,42,DT,55,0,0.0,0.5,0
paper_rows,42,DT,120,1,1.0,0.5,1
paper_rows,42,DT,616,1,1.0,0.5,1
paper_rows,42,DT,25,0,0.0,0.5,0
paper_rows,42,DT,72,0,0.0,0.5,0
paper_rows,42,DT,532,0,0.0,0.5,0
paper_rows,42,DT,44,1,1.0,0.5,1
paper_rows,42,DT,296,0,0.0,0.5,0
paper_rows,42,DT,199,0,0.0,0.5,0
paper_rows,42,DT,753,1,1.0,0.5,1
paper_rows,42,DT,793,1,1.0,0.5,1
paper_rows,42,DT,485,0,0.0,0.5,0
paper_rows,42,DT,209,0,0.0,0.5,0
paper_rows,42,DT,265,1,1.0,0.5,1
paper_rows,42,DT,377,1,1.0,0.5,1
paper_rows,42,DT,894,0,0.0,0.5,0
paper_rows,42,DT,788,0,0.0,0.5,0
paper_rows,42,DT,528,1,1.0,0.5,1
paper_rows,42,DT,451,1,1.0,0.5,1
paper_rows,42,DT,595,0,0.0,0.5,0
paper_rows,42,DT,745,1,1.0,0.5,1
paper_rows,42,DT,965,1,1.0,0.5,1
paper_rows,42,DT,526,0,0.0,0.5,0
paper_rows,42,DT,306,1,1.0,0.5,1
paper_rows,42,DT,319,1,1.0,0.5,1
paper_rows,42,DT,60,1,1.0,0.5,1
paper_rows,42,DT,482,0,0.0,0.5,0
paper_rows,42,DT,854,0,0.0,0.5,0
paper_rows,42,DT,615,1,1.0,0.5,1
paper_rows,42,DT,541,1,1.0,0.5,1
paper_rows,42,DT,428,0,0.0,0.5,0
paper_rows,42,DT,184,1,1.0,0.5,1
paper_rows,42,DT,881,0,0.0,0.5,0
paper_rows,42,DT,982,1,1.0,0.5,1
paper_rows,42,DT,599,1,1.0,0.5,1
paper_rows,42,DT,906,1,1.0,0.5,1
paper_rows,42,DT,778,0,0.0,0.5,0
paper_rows,42,DT,261,1,1.0,0.5,1
paper_rows,42,DT,342,1,1.0,0.5,1
paper_rows,42,DT,522,1,1.0,0.5,1
paper_rows,42,DT,237,0,0.0,0.5,0
paper_rows,42,DT,110,0,0.0,0.5,0
paper_rows,42,DT,497,0,0.0,0.5,0
paper_rows,42,DT,516,0,0.0,0.5,0
paper_rows,42,DT,361,1,1.0,0.5,1
paper_rows,42,DT,429,0,0.0,0.5,0
paper_rows,42,DT,1013,0,0.0,0.5,0
paper_rows,42,DT,277,1,1.0,0.5,1
paper_rows,42,DT,260,1,1.0,0.5,1
paper_rows,42,DT,832,1,1.0,0.5,1
paper_rows,42,DT,796,1,1.0,0.5,1
paper_rows,42,DT,644,1,1.0,0.5,1
paper_rows,42,DT,404,0,0.0,0.5,0
paper_rows,42,DT,842,0,0.0,0.5,0
paper_rows,42,RF,527,1,0.99,0.5,1
paper_rows,42,RF,359,1,0.96,0.5,1
paper_rows,42,RF,447,0,0.0,0.5,0
paper_rows,42,RF,31,1,1.0,0.5,1
paper_rows,42,RF,621,0,0.01,0.5,0
paper_rows,42,RF,590,1,0.94,0.5,1
paper_rows,42,RF,905,0,0.03,0.5,0
paper_rows,42,RF,737,0,0.0,0.5,0
paper_rows,42,RF,76,1,0.98,0.5,1
paper_rows,42,RF,948,0,0.0,0.5,0
paper_rows,42,RF,432,1,0.9,0.5,1
paper_rows,42,RF,70,0,0.01,0.5,0
paper_rows,42,RF,680,1,1.0,0.5,1
paper_rows,42,RF,101,1,0.94,0.5,1
paper_rows,42,RF,845,0,0.0,0.5,0
paper_rows,42,RF,656,0,0.1,0.5,0
paper_rows,42,RF,310,0,0.0,0.5,0
paper_rows,42,RF,344,1,1.0,0.5,1
paper_rows,42,RF,837,1,0.96,0.5,1
paper_rows,42,RF,174,0,0.01,0.5,0
paper_rows,42,RF,96,1,0.45,0.5,0
paper_rows,42,RF,822,0,0.02,0.5,0
paper_rows,42,RF,598,0,0.11,0.5,0
paper_rows,42,RF,218,0,0.01,0.5,0
paper_rows,42,RF,420,1,0.45,0.5,0
paper_rows,42,RF,208,1,1.0,0.5,1
paper_rows,42,RF,774,1,0.98,0.5,1
paper_rows,42,RF,290,1,0.97,0.5,1
paper_rows,42,RF,889,0,0.01,0.5,0
paper_rows,42,RF,670,0,0.14,0.5,0
paper_rows,42,RF,903,0,0.0,0.5,0
paper_rows,42,RF,1004,1,0.89,0.5,1
paper_rows,42,RF,1012,0,0.1,0.5,0
paper_rows,42,RF,329,1,0.96,0.5,1
paper_rows,42,RF,1001,1,0.97,0.5,1
paper_rows,42,RF,762,1,1.0,0.5,1
paper_rows,42,RF,490,1,0.45,0.5,0
paper_rows,42,RF,350,1,0.94,0.5,1
paper_rows,42,RF,500,1,0.97,0.5,1
paper_rows,42,RF,307,1,1.0,0.5,1
paper_rows,42,RF,853,0,0.0,0.5,0
paper_rows,42,RF,351,0,0.06,0.5,0
paper_rows,42,RF,643,1,0.77,0.5,1
paper_rows,42,RF,439,0,0.11,0.5,0
paper_rows,42,RF,819,0,0.0,0.5,0
paper_rows,42,RF,833,0,0.03,0.5,0
paper_rows,42,RF,518,0,0.04,0.5,0
paper_rows,42,RF,554,0,0.05,0.5,0
paper_rows,42,RF,289,0,0.02,0.5,0
paper_rows,42,RF,292,1,0.77,0.5,1
paper_rows,42,RF,213,1,0.91,0.5,1
paper_rows,42,RF,966,0,0.0,0.5,0
paper_rows,42,RF,59,0,0.35,0.5,0
paper_rows,42,RF,692,0,0.0,0.5,0
paper_rows,42,RF,321,1,0.98,0.5,1
paper_rows,42,RF,10,1,0.97,0.5,1
paper_rows,42,RF,331,0,0.02,0.5,0
paper_rows,42,RF,334,0,0.01,0.5,0
paper_rows,42,RF,918,0,0.3,0.5,0
paper_rows,42,RF,86,1,1.0,0.5,1
paper_rows,42,RF,332,1,0.97,0.5,1
paper_rows,42,RF,743,1,0.98,0.5,1
paper_rows,42,RF,450,0,0.01,0.5,0
paper_rows,42,RF,468,1,0.77,0.5,1
paper_rows,42,RF,305,0,0.01,0.5,0
paper_rows,42,RF,30,0,0.04,0.5,0
paper_rows,42,RF,558,1,1.0,0.5,1
paper_rows,42,RF,405,0,0.09,0.5,0
paper_rows,42,RF,54,0,0.03,0.5,0
paper_rows,42,RF,23,1,0.98,0.5,1
paper_rows,42,RF,1018,0,0.26,0.5,0
paper_rows,42,RF,481,0,0.01,0.5,0
paper_rows,42,RF,3,0,0.03,0.5,0
paper_rows,42,RF,231,1,1.0,0.5,1
paper_rows,42,RF,355,1,0.97,0.5,1
paper_rows,42,RF,673,1,0.98,0.5,1
paper_rows,42,RF,756,0,0.03,0.5,0
paper_rows,42,RF,843,0,0.11,0.5,0
paper_rows,42,RF,667,0,0.1,0.5,0
paper_rows,42,RF,215,1,1.0,0.5,1
paper_rows,42,RF,634,0,0.03,0.5,0
paper_rows,42,RF,318,0,0.0,0.5,0
paper_rows,42,RF,986,0,0.0,0.5,0
paper_rows,42,RF,352,0,0.0,0.5,0
paper_rows,42,RF,715,1,0.96,0.5,1
paper_rows,42,RF,394,0,0.01,0.5,0
paper_rows,42,RF,198,1,0.9,0.5,1
paper_rows,42,RF,594,0,0.02,0.5,0
paper_rows,42,RF,863,0,0.03,0.5,0
paper_rows,42,RF,924,0,0.14,0.5,0
paper_rows,42,RF,39,0,0.03,0.5,0
paper_rows,42,RF,790,0,0.01,0.5,0
paper_rows,42,RF,314,1,0.95,0.5,1
paper_rows,42,RF,761,1,1.0,0.5,1
paper_rows,42,RF,580,1,0.97,0.5,1
paper_rows,42,RF,66,1,1.0,0.5,1
paper_rows,42,RF,717,0,0.09,0.5,0
paper_rows,42,RF,67,0,0.05,0.5,0
paper_rows,42,RF,294,0,0.0,0.5,0
paper_rows,42,RF,921,0,0.0,0.5,0
paper_rows,42,RF,464,1,0.85,0.5,1
paper_rows,42,RF,107,0,0.07,0.5,0
paper_rows,42,RF,629,0,0.11,0.5,0
paper_rows,42,RF,576,1,0.93,0.5,1
paper_rows,42,RF,254,0,0.0,0.5,0
paper_rows,42,RF,723,1,0.98,0.5,1
paper_rows,42,RF,929,0,0.01,0.5,0
paper_rows,42,RF,539,1,0.93,0.5,1
paper_rows,42,RF,915,0,0.02,0.5,0
paper_rows,42,RF,525,1,1.0,0.5,1
paper_rows,42,RF,543,0,0.3,0.5,0
paper_rows,42,RF,754,1,1.0,0.5,1
paper_rows,42,RF,100,1,1.0,0.5,1
paper_rows,42,RF,88,0,0.02,0.5,0
paper_rows,42,RF,63,1,0.97,0.5,1
paper_rows,42,RF,848,1,0.99,0.5,1
paper_rows,42,RF,893,0,0.08,0.5,0
paper_rows,42,RF,139,1,0.96,0.5,1
paper_rows,42,RF,603,1,0.9,0.5,1
paper_rows,42,RF,620,0,0.0,0.5,0
paper_rows,42,RF,542,1,0.95,0.5,1
paper_rows,42,RF,494,1,0.91,0.5,1
paper_rows,42,RF,589,0,0.0,0.5,0
paper_rows,42,RF,109,0,0.01,0.5,0
paper_rows,42,RF,962,1,0.92,0.5,1
paper_rows,42,RF,247,0,0.01,0.5,0
paper_rows,42,RF,922,1,0.93,0.5,1
paper_rows,42,RF,697,0,0.0,0.5,0
paper_rows,42,RF,486,0,0.26,0.5,0
paper_rows,42,RF,136,1,1.0,0.5,1
paper_rows,42,RF,932,1,0.89,0.5,1
paper_rows,42,RF,688,0,0.0,0.5,0
paper_rows,42,RF,758,1,1.0,0.5,1
paper_rows,42,RF,158,1,0.85,0.5,1
paper_rows,42,RF,493,0,0.0,0.5,0
paper_rows,42,RF,501,1,0.98,0.5,1
paper_rows,42,RF,682,0,0.02,0.5,0
paper_rows,42,RF,973,1,0.91,0.5,1
paper_rows,42,RF,256,1,0.98,0.5,1
paper_rows,42,RF,734,0,0.08,0.5,0
paper_rows,42,RF,857,1,0.85,0.5,1
paper_rows,42,RF,959,1,0.94,0.5,1
paper_rows,42,RF,617,1,0.99,0.5,1
paper_rows,42,RF,983,1,0.87,0.5,1
paper_rows,42,RF,901,1,0.99,0.5,1
paper_rows,42,RF,210,1,0.92,0.5,1
paper_rows,42,RF,168,1,0.91,0.5,1
paper_rows,42,RF,939,1,0.99,0.5,1
paper_rows,42,RF,440,0,0.04,0.5,0
paper_rows,42,RF,1022,0,0.0,0.5,0
paper_rows,42,RF,545,0,0.1,0.5,0
paper_rows,42,RF,55,0,0.03,0.5,0
paper_rows,42,RF,120,1,0.98,0.5,1
paper_rows,42,RF,616,1,0.85,0.5,1
paper_rows,42,RF,25,0,0.0,0.5,0
paper_rows,42,RF,72,0,0.0,0.5,0
paper_rows,42,RF,532,0,0.1,0.5,0
paper_rows,42,RF,44,1,1.0,0.5,1
paper_rows,42,RF,296,0,0.0,0.5,0
paper_rows,42,RF,199,0,0.06,0.5,0
paper_rows,42,RF,753,1,0.77,0.5,1
paper_rows,42,RF,793,1,0.95,0.5,1
paper_rows,42,RF,485,0,0.07,0.5,0
paper_rows,42,RF,209,0,0.07,0.5,0
paper_rows,42,RF,265,1,0.95,0.5,1
paper_rows,42,RF,377,1,0.85,0.5,1
paper_rows,42,RF,894,0,0.02,0.5,0
paper_rows,42,RF,788,0,0.04,0.5,0
paper_rows,42,RF,528,1,0.9,0.5,1
paper_rows,42,RF,451,1,0.99,0.5,1
paper_rows,42,RF,595,0,0.03,0.5,0
paper_rows,42,RF,745,1,1.0,0.5,1
paper_rows,42,RF,965,1,0.99,0.5,1
paper_rows,42,RF,526,0,0.02,0.5,0
paper_rows,42,RF,306,1,0.97,0.5,1
paper_rows,42,RF,319,1,0.96,0.5,1
paper_rows,42,RF,60,1,0.99,0.5,1
paper_rows,42,RF,482,0,0.0,0.5,0
paper_rows,42,RF,854,0,0.11,0.5,0
paper_rows,42,RF,615,1,1.0,0.5,1
paper_rows,42,RF,541,1,1.0,0.5,1
paper_rows,42,RF,428,0,0.03,0.5,0
paper_rows,42,RF,184,1,1.0,0.5,1
paper_rows,42,RF,881,0,0.35,0.5,0
paper_rows,42,RF,982,1,0.95,0.5,1
paper_rows,42,RF,599,1,0.9,0.5,1
paper_rows,42,RF,906,1,0.97,0.5,1
paper_rows,42,RF,778,0,0.3,0.5,0
paper_rows,42,RF,261,1,0.94,0.5,1
paper_rows,42,RF,342,1,1.0,0.5,1
paper_rows,42,RF,522,1,1.0,0.5,1
paper_rows,42,RF,237,0,0.1,0.5,0
paper_rows,42,RF,110,0,0.04,0.5,0
paper_rows,42,RF,497,0,0.35,0.5,0
paper_rows,42,RF,516,0,0.01,0.5,0
paper_rows,42,RF,361,1,0.91,0.5,1
paper_rows,42,RF,429,0,0.02,0.5,0
paper_rows,42,RF,1013,0,0.02,0.5,0
paper_rows,42,RF,277,1,1.0,0.5,1
paper_rows,42,RF,260,1,1.0,0.5,1
paper_rows,42,RF,832,1,0.97,0.5,1
paper_rows,42,RF,796,1,0.98,0.5,1
paper_rows,42,RF,644,1,1.0,0.5,1
paper_rows,42,RF,404,0,0.0,0.5,0
paper_rows,42,RF,842,0,0.0,0.5,0
paper_rows,42,XGB,527,1,0.9835218191146851,0.5,1
paper_rows,42,XGB,359,1,0.9990749359130859,0.5,1
paper_rows,42,XGB,447,0,0.0001142744004027918,0.5,0
paper_rows,42,XGB,31,1,0.9999347925186157,0.5,1
paper_rows,42,XGB,621,0,0.0005956903332844377,0.5,0
paper_rows,42,XGB,590,1,0.9870226979255676,0.5,1
paper_rows,42,XGB,905,0,0.0016997867496684194,0.5,0
paper_rows,42,XGB,737,0,0.0003428434138186276,0.5,0
paper_rows,42,XGB,76,1,0.9938115477561951,0.5,1
paper_rows,42,XGB,948,0,0.0027567557990550995,0.5,0
paper_rows,42,XGB,432,1,0.954099178314209,0.5,1
paper_rows,42,XGB,70,0,0.001113286940380931,0.5,0
paper_rows,42,XGB,680,1,0.9987934827804565,0.5,1
paper_rows,42,XGB,101,1,0.9772418737411499,0.5,1
paper_rows,42,XGB,845,0,0.0002860059030354023,0.5,0
paper_rows,42,XGB,656,0,0.02154030278325081,0.5,0
paper_rows,42,XGB,310,0,0.00031709554605185986,0.5,0
paper_rows,42,XGB,344,1,0.9998672008514404,0.5,1
paper_rows,42,XGB,837,1,0.9984853863716125,0.5,1
paper_rows,42,XGB,174,0,0.0011017759097740054,0.5,0
paper_rows,42,XGB,96,1,0.008871250785887241,0.5,0
paper_rows,42,XGB,822,0,0.002616952871903777,0.5,0
paper_rows,42,XGB,598,0,0.027845242992043495,0.5,0
paper_rows,42,XGB,218,0,0.0004952948656864464,0.5,0
paper_rows,42,XGB,420,1,0.008871250785887241,0.5,0
paper_rows,42,XGB,208,1,0.9979227185249329,0.5,1
paper_rows,42,XGB,774,1,0.9948744177818298,0.5,1
paper_rows,42,XGB,290,1,0.9954547882080078,0.5,1
paper_rows,42,XGB,889,0,0.0013554287143051624,0.5,0
paper_rows,42,XGB,670,0,0.08203157037496567,0.5,0
paper_rows,42,XGB,903,0,0.009564421139657497,0.5,0
paper_rows,42,XGB,1004,1,0.9900321960449219,0.5,1
paper_rows,42,XGB,1012,0,0.037405941635370255,0.5,0
paper_rows,42,XGB,329,1,0.9990749359130859,0.5,1
paper_rows,42,XGB,1001,1,0.993752658367157,0.5,1
paper_rows,42,XGB,762,1,0.998399555683136,0.5,1
paper_rows,42,XGB,490,1,0.008871250785887241,0.5,0
paper_rows,42,XGB,350,1,0.9680734276771545,0.5,1
paper_rows,42,XGB,500,1,0.9936410784721375,0.5,1
paper_rows,42,XGB,307,1,0.9998892545700073,0.5,1
paper_rows,42,XGB,853,0,0.0003428434138186276,0.5,0
paper_rows,42,XGB,351,0,0.0007597986841574311,0.5,0
paper_rows,42,XGB,643,1,0.9849748015403748,0.5,1
paper_rows,42,XGB,439,0,0.027845242992043495,0.5,0
paper_rows,42,XGB,819,0,0.0005869961460120976,0.5,0
paper_rows,42,XGB,833,0,0.0067922151647508144,0.5,0
paper_rows,42,XGB,518,0,0.005525084212422371,0.5,0
paper_rows,42,XGB,554,0,0.02197928912937641,0.5,0
paper_rows,42,XGB,289,0,0.04085039719939232,0.5,0
paper_rows,42,XGB,292,1,0.8948572278022766,0.5,1
paper_rows,42,XGB,213,1,0.989575207233429,0.5,1
paper_rows,42,XGB,966,0,4.2344461689936e-05,0.5,0
paper_rows,42,XGB,59,0,0.01965675875544548,0.5,0
paper_rows,42,XGB,692,0,0.0031734188087284565,0.5,0
paper_rows,42,XGB,321,1,0.9948744177818298,0.5,1
paper_rows,42,XGB,10,1,0.9936410784721375,0.5,1
paper_rows,42,XGB,331,0,0.011433284729719162,0.5,0
paper_rows,42,XGB,334,0,0.00012671914009843022,0.5,0
paper_rows,42,XGB,918,0,0.06713671237230301,0.5,0
paper_rows,42,XGB,86,1,0.9978458881378174,0.5,1
paper_rows,42,XGB,332,1,0.9911914467811584,0.5,1
paper_rows,42,XGB,743,1,0.9903765320777893,0.5,1
paper_rows,42,XGB,450,0,0.0013554287143051624,0.5,0
paper_rows,42,XGB,468,1,0.8948572278022766,0.5,1
paper_rows,42,XGB,305,0,0.0015044170431792736,0.5,0
paper_rows,42,XGB,30,0,0.016672300174832344,0.5,0
paper_rows,42,XGB,558,1,0.999836802482605,0.5,1
paper_rows,42,XGB,405,0,0.026735994964838028,0.5,0
paper_rows,42,XGB,54,0,0.0067922151647508144,0.5,0
paper_rows,42,XGB,23,1,0.9968733191490173,0.5,1
paper_rows,42,XGB,1018,0,0.10043718665838242,0.5,0
paper_rows,42,XGB,481,0,0.0013554287143051624,0.5,0
paper_rows,42,XGB,3,0,0.0033581883180886507,0.5,0
paper_rows,42,XGB,231,1,0.999666690826416,0.5,1
paper_rows,42,XGB,355,1,0.9839291572570801,0.5,1
paper_rows,42,XGB,673,1,0.9958750605583191,0.5,1
paper_rows,42,XGB,756,0,0.0016997867496684194,0.5,0
paper_rows,42,XGB,843,0,0.026633599773049355,0.5,0
paper_rows,42,XGB,667,0,0.03568752482533455,0.5,0
paper_rows,42,XGB,215,1,0.9998347759246826,0.5,1
paper_rows,42,XGB,634,0,0.0048185959458351135,0.5,0
paper_rows,42,XGB,318,0,0.0033670621924102306,0.5,0
paper_rows,42,XGB,986,0,0.004620208404958248,0.5,0
paper_rows,42,XGB,352,0,0.002292904770001769,0.5,0
paper_rows,42,XGB,715,1,0.9818984866142273,0.5,1
paper_rows,42,XGB,394,0,0.0003488347865641117,0.5,0
paper_rows,42,XGB,198,1,0.954099178314209,0.5,1
paper_rows,42,XGB,594,0,0.011045163497328758,0.5,0
paper_rows,42,XGB,863,0,0.0048185959458351135,0.5,0
paper_rows,42,XGB,924,0,0.08203157037496567,0.5,0
paper_rows,42,XGB,39,0,0.01592131145298481,0.5,0
paper_rows,42,XGB,790,0,0.0011017759097740054,0.5,0
paper_rows,42,XGB,314,1,0.9873144030570984,0.5,1
paper_rows,42,XGB,761,1,0.9990308284759521,0.5,1
paper_rows,42,XGB,580,1,0.9877722263336182,0.5,1
paper_rows,42,XGB,66,1,0.9978768825531006,0.5,1
paper_rows,42,XGB,717,0,0.026735994964838028,0.5,0
paper_rows,42,XGB,67,0,0.004475204739719629,0.5,0
paper_rows,42,XGB,294,0,8.704817446414381e-05,0.5,0
paper_rows,42,XGB,921,0,0.000637858989648521,0.5,0
paper_rows,42,XGB,464,1,0.970731258392334,0.5,1
paper_rows,42,XGB,107,0,0.0024623111821711063,0.5,0
paper_rows,42,XGB,629,0,0.022234506905078888,0.5,0
paper_rows,42,XGB,576,1,0.9670161604881287,0.5,1
paper_rows,42,XGB,254,0,0.00045601523015648127,0.5,0
paper_rows,42,XGB,723,1,0.9959180951118469,0.5,1
paper_rows,42,XGB,929,0,0.00012671914009843022,0.5,0
paper_rows,42,XGB,539,1,0.9767197966575623,0.5,1
paper_rows,42,XGB,915,0,0.0023839205969125032,0.5,0
paper_rows,42,XGB,525,1,0.9997900128364563,0.5,1
paper_rows,42,XGB,543,0,0.06713671237230301,0.5,0
paper_rows,42,XGB,754,1,0.9997900128364563,0.5,1
paper_rows,42,XGB,100,1,0.9998891353607178,0.5,1
paper_rows,42,XGB,88,0,0.0016735999379307032,0.5,0
paper_rows,42,XGB,63,1,0.9917535781860352,0.5,1
paper_rows,42,XGB,848,1,0.9978304505348206,0.5,1
paper_rows,42,XGB,893,0,0.041004933416843414,0.5,0
paper_rows,42,XGB,139,1,0.9823258519172668,0.5,1
paper_rows,42,XGB,603,1,0.9669381380081177,0.5,1
paper_rows,42,XGB,620,0,0.00016621920804027468,0.5,0
paper_rows,42,XGB,542,1,0.9664925336837769,0.5,1
paper_rows,42,XGB,494,1,0.990929901599884,0.5,1
paper_rows,42,XGB,589,0,0.00018475425895303488,0.5,0
paper_rows,42,XGB,109,0,0.008359655737876892,0.5,0
paper_rows,42,XGB,962,1,0.9771332740783691,0.5,1
paper_rows,42,XGB,247,0,0.0004952948656864464,0.5,0
paper_rows,42,XGB,922,1,0.9869121313095093,0.5,1
paper_rows,42,XGB,697,0,0.04149932786822319,0.5,0
paper_rows,42,XGB,486,0,0.10043718665838242,0.5,0
paper_rows,42,XGB,136,1,0.9998353719711304,0.5,1
paper_rows,42,XGB,932,1,0.9900321960449219,0.5,1
paper_rows,42,XGB,688,0,8.704817446414381e-05,0.5,0
paper_rows,42,XGB,758,1,0.9998304843902588,0.5,1
paper_rows,42,XGB,158,1,0.970731258392334,0.5,1
paper_rows,42,XGB,493,0,0.00062206806614995,0.5,0
paper_rows,42,XGB,501,1,0.9982472658157349,0.5,1
paper_rows,42,XGB,682,0,0.0001336052519036457,0.5,0
paper_rows,42,XGB,973,1,0.990929901599884,0.5,1
paper_rows,42,XGB,256,1,0.9982472658157349,0.5,1
paper_rows,42,XGB,734,0,0.041004933416843414,0.5,0
paper_rows,42,XGB,857,1,0.9788858294487,0.5,1
paper_rows,42,XGB,959,1,0.9949312806129456,0.5,1
paper_rows,42,XGB,617,1,0.9999048709869385,0.5,1
paper_rows,42,XGB,983,1,0.9324600100517273,0.5,1
paper_rows,42,XGB,901,1,0.9983331561088562,0.5,1
paper_rows,42,XGB,210,1,0.9601759314537048,0.5,1
paper_rows,42,XGB,168,1,0.989575207233429,0.5,1
paper_rows,42,XGB,939,1,0.9997605681419373,0.5,1
paper_rows,42,XGB,440,0,0.02971019595861435,0.5,0
paper_rows,42,XGB,1022,0,0.001062033697962761,0.5,0
paper_rows,42,XGB,545,0,0.037405941635370255,0.5,0
paper_rows,42,XGB,55,0,0.0067922151647508144,0.5,0
paper_rows,42,XGB,120,1,0.9769449234008789,0.5,1
paper_rows,42,XGB,616,1,0.9788858294487,0.5,1
paper_rows,42,XGB,25,0,0.0028116339817643166,0.5,0
paper_rows,42,XGB,72,0,0.0003046966448891908,0.5,0
paper_rows,42,XGB,532,0,0.046429343521595,0.5,0
paper_rows,42,XGB,44,1,0.9998353719711304,0.5,1
paper_rows,42,XGB,296,0,0.023488793522119522,0.5,0
paper_rows,42,XGB,199,0,0.0007597986841574311,0.5,0
paper_rows,42,XGB,753,1,0.9849748015403748,0.5,1
paper_rows,42,XGB,793,1,0.9974900484085083,0.5,1
paper_rows,42,XGB,485,0,0.0024623111821711063,0.5,0
paper_rows,42,XGB,209,0,0.0024623111821711063,0.5,0
paper_rows,42,XGB,265,1,0.9568718075752258,0.5,1
paper_rows,42,XGB,377,1,0.9413699507713318,0.5,1
paper_rows,42,XGB,894,0,0.008540675975382328,0.5,0
paper_rows,42,XGB,788,0,0.01897471211850643,0.5,0
paper_rows,42,XGB,528,1,0.9377889037132263,0.5,1
paper_rows,42,XGB,451,1,0.9997605681419373,0.5,1
paper_rows,42,XGB,595,0,0.0033581883180886507,0.5,0
paper_rows,42,XGB,745,1,0.9970404505729675,0.5,1
paper_rows,42,XGB,965,1,0.9961280822753906,0.5,1
paper_rows,42,XGB,526,0,0.00033874958171509206,0.5,0
paper_rows,42,XGB,306,1,0.9947993755340576,0.5,1
paper_rows,42,XGB,319,1,0.9990749359130859,0.5,1
paper_rows,42,XGB,60,1,0.9996930360794067,0.5,1
paper_rows,42,XGB,482,0,0.0004934478783980012,0.5,0
paper_rows,42,XGB,854,0,0.022234506905078888,0.5,0
paper_rows,42,XGB,615,1,0.9981027245521545,0.5,1
paper_rows,42,XGB,541,1,0.9998419284820557,0.5,1
paper_rows,42,XGB,428,0,0.0005187787464819849,0.5,0
paper_rows,42,XGB,184,1,0.9982091188430786,0.5,1
paper_rows,42,XGB,881,0,0.01965675875544548,0.5,0
paper_rows,42,XGB,982,1,0.9960198998451233,0.5,1
paper_rows,42,XGB,599,1,0.9669381380081177,0.5,1
paper_rows,42,XGB,906,1,0.993752658367157,0.5,1
paper_rows,42,XGB,778,0,0.06713671237230301,0.5,0
paper_rows,42,XGB,261,1,0.9952934384346008,0.5,1
paper_rows,42,XGB,342,1,0.9982454776763916,0.5,1
paper_rows,42,XGB,522,1,0.9988104104995728,0.5,1
paper_rows,42,XGB,237,0,0.03568752482533455,0.5,0
paper_rows,42,XGB,110,0,0.005617255344986916,0.5,0
paper_rows,42,XGB,497,0,0.01965675875544548,0.5,0
paper_rows,42,XGB,516,0,0.00012671914009843022,0.5,0
paper_rows,42,XGB,361,1,0.9410275220870972,0.5,1
paper_rows,42,XGB,429,0,0.059379011392593384,0.5,0
paper_rows,42,XGB,1013,0,0.0009976897854357958,0.5,0
paper_rows,42,XGB,277,1,0.9998699426651001,0.5,1
paper_rows,42,XGB,260,1,0.9997478127479553,0.5,1
paper_rows,42,XGB,832,1,0.9682725667953491,0.5,1
paper_rows,42,XGB,796,1,0.9906230568885803,0.5,1
paper_rows,42,XGB,644,1,0.9997478127479553,0.5,1
paper_rows,42,XGB,404,0,0.0006847734330222011,0.5,0
paper_rows,42,XGB,842,0,0.0019081742502748966,0.5,0
paper_rows,42,NB,527,1,0.9968549832292558,0.5,1
paper_rows,42,NB,359,1,0.6355446994647765,0.5,1
paper_rows,42,NB,447,0,0.0021184990571632787,0.5,0
paper_rows,42,NB,31,1,0.9983499934784764,0.5,1
paper_rows,42,NB,621,0,0.008486928709473172,0.5,0
paper_rows,42,NB,590,1,0.4513805622608419,0.5,0
paper_rows,42,NB,905,0,4.553203441984432e-05,0.5,0
paper_rows,42,NB,737,0,1.6325810622659076e-05,0.5,0
paper_rows,42,NB,76,1,0.9800659505594596,0.5,1
paper_rows,42,NB,948,0,6.668274848282904e-05,0.5,0
paper_rows,42,NB,432,1,0.9982844925584619,0.5,1
paper_rows,42,NB,70,0,1.3179805939564268e-06,0.5,0
paper_rows,42,NB,680,1,0.9965549517470149,0.5,1
paper_rows,42,NB,101,1,0.9303408603915374,0.5,1
paper_rows,42,NB,845,0,0.00022002321688133536,0.5,0
paper_rows,42,NB,656,0,0.9883063076029108,0.5,1
paper_rows,42,NB,310,0,4.719571888051511e-06,0.5,0
paper_rows,42,NB,344,1,0.9992056458752239,0.5,1
paper_rows,42,NB,837,1,0.8605045336879547,0.5,1
paper_rows,42,NB,174,0,5.877179708660169e-05,0.5,0
paper_rows,42,NB,96,1,0.9809601266132015,0.5,1
paper_rows,42,NB,822,0,0.012256545912739527,0.5,0
paper_rows,42,NB,598,0,0.6737501207392675,0.5,1
paper_rows,42,NB,218,0,0.0001471546307309775,0.5,0
paper_rows,42,NB,420,1,0.9809601266132015,0.5,1
paper_rows,42,NB,208,1,0.895552441685454,0.5,1
paper_rows,42,NB,774,1,0.9990878684152324,0.5,1
paper_rows,42,NB,290,1,0.6041153569144732,0.5,1
paper_rows,42,NB,889,0,2.0801181578762796e-06,0.5,0
paper_rows,42,NB,670,0,0.9919297304473997,0.5,1
paper_rows,42,NB,903,0,0.11180894830152042,0.5,0
paper_rows,42,NB,1004,1,0.9813563545266765,0.5,1
paper_rows,42,NB,1012,0,0.7003206697005441,0.5,1
paper_rows,42,NB,329,1,0.6355446994647765,0.5,1
paper_rows,42,NB,1001,1,0.9947890192347514,0.5,1
paper_rows,42,NB,762,1,0.9093364024337691,0.5,1
paper_rows,42,NB,490,1,0.9809601266132015,0.5,1
paper_rows,42,NB,350,1,0.7046393837266551,0.5,1
paper_rows,42,NB,500,1,0.7746586192508464,0.5,1
paper_rows,42,NB,307,1,0.9978417043593446,0.5,1
paper_rows,42,NB,853,0,1.6325810622659076e-05,0.5,0
paper_rows,42,NB,351,0,0.0053601632252300085,0.5,0
paper_rows,42,NB,643,1,0.6655131381891298,0.5,1
paper_rows,42,NB,439,0,0.6737501207392675,0.5,1
paper_rows,42,NB,819,0,8.962285030256077e-05,0.5,0
paper_rows,42,NB,833,0,2.1334403293094646e-11,0.5,0
paper_rows,42,NB,518,0,0.01895784555948864,0.5,0
paper_rows,42,NB,554,0,0.6368654175360828,0.5,1
paper_rows,42,NB,289,0,0.9568918589960218,0.5,1
paper_rows,42,NB,292,1,0.14268312339037265,0.5,0
paper_rows,42,NB,213,1,0.9701590502575573,0.5,1
paper_rows,42,NB,966,0,4.695067023952908e-06,0.5,0
paper_rows,42,NB,59,0,0.9489269192643647,0.5,1
paper_rows,42,NB,692,0,2.9482763441489907e-05,0.5,0
paper_rows,42,NB,321,1,0.9990878684152324,0.5,1
paper_rows,42,NB,10,1,0.7746586192508464,0.5,1
paper_rows,42,NB,331,0,0.06525093539429692,0.5,0
paper_rows,42,NB,334,0,4.2021223570579526e-05,0.5,0
paper_rows,42,NB,918,0,0.9895699551546796,0.5,1
paper_rows,42,NB,86,1,0.9893730424811006,0.5,1
paper_rows,42,NB,332,1,0.25136322019971785,0.5,0
paper_rows,42,NB,743,1,0.004660028179174749,0.5,0
paper_rows,42,NB,450,0,2.0801181578762796e-06,0.5,0
paper_rows,42,NB,468,1,0.14268312339037265,0.5,0
paper_rows,42,NB,305,0,1.7251887253872113e-05,0.5,0
paper_rows,42,NB,30,0,0.002318999043499931,0.5,0
paper_rows,42,NB,558,1,0.9999503771023724,0.5,1
paper_rows,42,NB,405,0,0.07052427917488922,0.5,0
paper_rows,42,NB,54,0,2.1334403293094646e-11,0.5,0
paper_rows,42,NB,23,1,0.999271939734246,0.5,1
paper_rows,42,NB,1018,0,0.9391613681519314,0.5,1
paper_rows,42,NB,481,0,2.0801181578762796e-06,0.5,0
paper_rows,42,NB,3,0,0.5987417776667442,0.5,1
paper_rows,42,NB,231,1,0.9931085006691384,0.5,1
paper_rows,42,NB,355,1,0.7396934702725944,0.5,1
paper_rows,42,NB,673,1,0.7803393767042104,0.5,1
paper_rows,42,NB,756,0,4.553203441984432e-05,0.5,0
paper_rows,42,NB,843,0,0.9684591058645067,0.5,1
paper_rows,42,NB,667,0,0.8189281522091406,0.5,1
paper_rows,42,NB,215,1,0.9941679442156348,0.5,1
paper_rows,42,NB,634,0,0.41007199936225036,0.5,0
paper_rows,42,NB,318,0,0.1080488282646862,0.5,0
paper_rows,42,NB,986,0,3.5816190591671674e-05,0.5,0
paper_rows,42,NB,352,0,4.447631101476729e-05,0.5,0
paper_rows,42,NB,715,1,0.9160568888694509,0.5,1
paper_rows,42,NB,394,0,2.707427517178267e-05,0.5,0
paper_rows,42,NB,198,1,0.9982844925584619,0.5,1
paper_rows,42,NB,594,0,0.005687372363773294,0.5,0
paper_rows,42,NB,863,0,0.41007199936225036,0.5,0
paper_rows,42,NB,924,0,0.9919297304473997,0.5,1
paper_rows,42,NB,39,0,0.6275663788238445,0.5,1
paper_rows,42,NB,790,0,5.877179708660169e-05,0.5,0
paper_rows,42,NB,314,1,0.9302088564835113,0.5,1
paper_rows,42,NB,761,1,0.99762357064458,0.5,1
paper_rows,42,NB,580,1,0.9298679656911718,0.5,1
paper_rows,42,NB,66,1,0.8278883811857913,0.5,1
paper_rows,42,NB,717,0,0.07052427917488922,0.5,0
paper_rows,42,NB,67,0,0.010160488212536935,0.5,0
paper_rows,42,NB,294,0,5.4187109003383666e-09,0.5,0
paper_rows,42,NB,921,0,0.0012479288863136682,0.5,0
paper_rows,42,NB,464,1,0.684629171246362,0.5,1
paper_rows,42,NB,107,0,0.005519108477653787,0.5,0
paper_rows,42,NB,629,0,0.8939529412100538,0.5,1
paper_rows,42,NB,576,1,0.8560168322058791,0.5,1
paper_rows,42,NB,254,0,0.028243760915514293,0.5,0
paper_rows,42,NB,723,1,0.8664938495342774,0.5,1
paper_rows,42,NB,929,0,4.2021223570579526e-05,0.5,0
paper_rows,42,NB,539,1,0.7489512626911425,0.5,1
paper_rows,42,NB,915,0,0.6722208901487613,0.5,1
paper_rows,42,NB,525,1,0.9988701993089956,0.5,1
paper_rows,42,NB,543,0,0.9895699551546796,0.5,1
paper_rows,42,NB,754,1,0.9988701993089956,0.5,1
paper_rows,42,NB,100,1,0.9995758870146826,0.5,1
paper_rows,42,NB,88,0,0.0008004103944318327,0.5,0
paper_rows,42,NB,63,1,0.9452074979703481,0.5,1
paper_rows,42,NB,848,1,0.9980820980399354,0.5,1
paper_rows,42,NB,893,0,0.0022012771503075682,0.5,0
paper_rows,42,NB,139,1,0.996767164137513,0.5,1
paper_rows,42,NB,603,1,0.992997420758747,0.5,1
paper_rows,42,NB,620,0,3.699065486071231e-05,0.5,0
paper_rows,42,NB,542,1,0.8426995163414234,0.5,1
paper_rows,42,NB,494,1,0.5772548270826464,0.5,1
paper_rows,42,NB,589,0,8.01077139035358e-06,0.5,0
paper_rows,42,NB,109,0,0.009160712561598764,0.5,0
paper_rows,42,NB,962,1,0.03948478491944955,0.5,0
paper_rows,42,NB,247,0,0.0001471546307309775,0.5,0
paper_rows,42,NB,922,1,0.9796701691030322,0.5,1
paper_rows,42,NB,697,0,0.5794224894106238,0.5,1
paper_rows,42,NB,486,0,0.9391613681519314,0.5,1
paper_rows,42,NB,136,1,0.9958055589138441,0.5,1
paper_rows,42,NB,932,1,0.9813563545266765,0.5,1
paper_rows,42,NB,688,0,5.4187109003383666e-09,0.5,0
paper_rows,42,NB,758,1,0.9996717868399888,0.5,1
paper_rows,42,NB,158,1,0.684629171246362,0.5,1
paper_rows,42,NB,493,0,0.0016651517083948902,0.5,0
paper_rows,42,NB,501,1,0.9992803633052754,0.5,1
paper_rows,42,NB,682,0,0.000355958424574224,0.5,0
paper_rows,42,NB,973,1,0.5772548270826464,0.5,1
paper_rows,42,NB,256,1,0.9992803633052754,0.5,1
paper_rows,42,NB,734,0,0.0022012771503075682,0.5,0
paper_rows,42,NB,857,1,0.9489206777185414,0.5,1
paper_rows,42,NB,959,1,0.9818114799269407,0.5,1
paper_rows,42,NB,617,1,0.99952202380219,0.5,1
paper_rows,42,NB,983,1,0.0006158255708515464,0.5,0
paper_rows,42,NB,901,1,0.9254947992328746,0.5,1
paper_rows,42,NB,210,1,0.9157581934814478,0.5,1
paper_rows,42,NB,168,1,0.9701590502575573,0.5,1
paper_rows,42,NB,939,1,0.9962867361669473,0.5,1
paper_rows,42,NB,440,0,0.30309120662792627,0.5,0
paper_rows,42,NB,1022,0,0.012344254792434846,0.5,0
paper_rows,42,NB,545,0,0.7003206697005441,0.5,1
paper_rows,42,NB,55,0,2.1334403293094646e-11,0.5,0
paper_rows,42,NB,120,1,0.9053122083864774,0.5,1
paper_rows,42,NB,616,1,0.9489206777185414,0.5,1
paper_rows,42,NB,25,0,0.032651254210488985,0.5,0
paper_rows,42,NB,72,0,0.012992653216627287,0.5,0
paper_rows,42,NB,532,0,0.5486490414322632,0.5,1
paper_rows,42,NB,44,1,0.9958055589138441,0.5,1
paper_rows,42,NB,296,0,0.005087794685218203,0.5,0
paper_rows,42,NB,199,0,0.0053601632252300085,0.5,0
paper_rows,42,NB,753,1,0.6655131381891298,0.5,1
paper_rows,42,NB,793,1,0.9493277052916441,0.5,1
paper_rows,42,NB,485,0,0.005519108477653787,0.5,0
paper_rows,42,NB,209,0,0.005519108477653787,0.5,0
paper_rows,42,NB,265,1,0.0029116524417582947,0.5,0
paper_rows,42,NB,377,1,0.055454356560880345,0.5,0
paper_rows,42,NB,894,0,0.06311855957208932,0.5,0
paper_rows,42,NB,788,0,0.0016567345695437336,0.5,0
paper_rows,42,NB,528,1,2.288590780768871e-05,0.5,0
paper_rows,42,NB,451,1,0.9962867361669473,0.5,1
paper_rows,42,NB,595,0,0.5987417776667442,0.5,1
paper_rows,42,NB,745,1,0.5561548654908837,0.5,1
paper_rows,42,NB,965,1,0.9433665953858966,0.5,1
paper_rows,42,NB,526,0,3.847198791887138e-12,0.5,0
paper_rows,42,NB,306,1,0.9975312959159665,0.5,1
paper_rows,42,NB,319,1,0.6355446994647765,0.5,1
paper_rows,42,NB,60,1,0.9997064724995441,0.5,1
paper_rows,42,NB,482,0,5.571240279587915e-09,0.5,0
paper_rows,42,NB,854,0,0.8939529412100538,0.5,1
paper_rows,42,NB,615,1,0.9953086564712333,0.5,1
paper_rows,42,NB,541,1,0.9986834951566961,0.5,1
paper_rows,42,NB,428,0,5.8854460141542405e-05,0.5,0
paper_rows,42,NB,184,1,0.9934612577756466,0.5,1
paper_rows,42,NB,881,0,0.9489269192643647,0.5,1
paper_rows,42,NB,982,1,0.9260606541233101,0.5,1
paper_rows,42,NB,599,1,0.992997420758747,0.5,1
paper_rows,42,NB,906,1,0.9947890192347514,0.5,1
paper_rows,42,NB,778,0,0.9895699551546796,0.5,1
paper_rows,42,NB,261,1,0.8185386230476855,0.5,1
paper_rows,42,NB,342,1,0.9965802742155738,0.5,1
paper_rows,42,NB,522,1,0.9980605994967823,0.5,1
paper_rows,42,NB,237,0,0.8189281522091406,0.5,1
paper_rows,42,NB,110,0,0.9851291850340214,0.5,1
paper_rows,42,NB,497,0,0.9489269192643647,0.5,1
paper_rows,42,NB,516,0,4.2021223570579526e-05,0.5,0
paper_rows,42,NB,361,1,0.015391263559367232,0.5,0
paper_rows,42,NB,429,0,0.9978157550686461,0.5,1
paper_rows,42,NB,1013,0,1.71815102169867e-07,0.5,0
paper_rows,42,NB,277,1,0.9974814242628851,0.5,1
paper_rows,42,NB,260,1,0.9992181475585703,0.5,1
paper_rows,42,NB,832,1,0.8049110945610329,0.5,1
paper_rows,42,NB,796,1,0.9247575317131965,0.5,1
paper_rows,42,NB,644,1,0.9992181475585703,0.5,1
paper_rows,42,NB,404,0,0.0021764308334131194,0.5,0
paper_rows,42,NB,842,0,0.0844970409754825,0.5,0
paper_rows,42,KNN,527,1,1.0,0.5,1
paper_rows,42,KNN,359,1,1.0,0.5,1
paper_rows,42,KNN,447,0,0.0,0.5,0
paper_rows,42,KNN,31,1,1.0,0.5,1
paper_rows,42,KNN,621,0,0.0,0.5,0
paper_rows,42,KNN,590,1,0.4,0.5,0
paper_rows,42,KNN,905,0,0.0,0.5,0
paper_rows,42,KNN,737,0,0.0,0.5,0
paper_rows,42,KNN,76,1,1.0,0.5,1
paper_rows,42,KNN,948,0,0.0,0.5,0
paper_rows,42,KNN,432,1,1.0,0.5,1
paper_rows,42,KNN,70,0,0.0,0.5,0
paper_rows,42,KNN,680,1,1.0,0.5,1
paper_rows,42,KNN,101,1,1.0,0.5,1
paper_rows,42,KNN,845,0,0.0,0.5,0
paper_rows,42,KNN,656,0,0.6,0.5,1
paper_rows,42,KNN,310,0,0.0,0.5,0
paper_rows,42,KNN,344,1,1.0,0.5,1
paper_rows,42,KNN,837,1,1.0,0.5,1
paper_rows,42,KNN,174,0,0.0,0.5,0
paper_rows,42,KNN,96,1,0.6,0.5,1
paper_rows,42,KNN,822,0,0.0,0.5,0
paper_rows,42,KNN,598,0,0.6,0.5,1
paper_rows,42,KNN,218,0,0.0,0.5,0
paper_rows,42,KNN,420,1,0.6,0.5,1
paper_rows,42,KNN,208,1,1.0,0.5,1
paper_rows,42,KNN,774,1,1.0,0.5,1
paper_rows,42,KNN,290,1,1.0,0.5,1
paper_rows,42,KNN,889,0,0.0,0.5,0
paper_rows,42,KNN,670,0,0.6,0.5,1
paper_rows,42,KNN,903,0,0.4,0.5,0
paper_rows,42,KNN,1004,1,1.0,0.5,1
paper_rows,42,KNN,1012,0,0.6,0.5,1
paper_rows,42,KNN,329,1,1.0,0.5,1
paper_rows,42,KNN,1001,1,1.0,0.5,1
paper_rows,42,KNN,762,1,0.6,0.5,1
paper_rows,42,KNN,490,1,0.6,0.5,1
paper_rows,42,KNN,350,1,0.4,0.5,0
paper_rows,42,KNN,500,1,1.0,0.5,1
paper_rows,42,KNN,307,1,1.0,0.5,1
paper_rows,42,KNN,853,0,0.0,0.5,0
paper_rows,42,KNN,351,0,0.6,0.5,1
paper_rows,42,KNN,643,1,0.2,0.5,0
paper_rows,42,KNN,439,0,0.6,0.5,1
paper_rows,42,KNN,819,0,0.0,0.5,0
paper_rows,42,KNN,833,0,0.0,0.5,0
paper_rows,42,KNN,518,0,0.4,0.5,0
paper_rows,42,KNN,554,0,0.0,0.5,0
paper_rows,42,KNN,289,0,0.4,0.5,0
paper_rows,42,KNN,292,1,0.6,0.5,1
paper_rows,42,KNN,213,1,1.0,0.5,1
paper_rows,42,KNN,966,0,0.0,0.5,0
paper_rows,42,KNN,59,0,0.8,0.5,1
paper_rows,42,KNN,692,0,0.0,0.5,0
paper_rows,42,KNN,321,1,1.0,0.5,1
paper_rows,42,KNN,10,1,1.0,0.5,1
paper_rows,42,KNN,331,0,0.0,0.5,0
paper_rows,42,KNN,334,0,0.0,0.5,0
paper_rows,42,KNN,918,0,0.8,0.5,1
paper_rows,42,KNN,86,1,1.0,0.5,1
paper_rows,42,KNN,332,1,0.4,0.5,0
paper_rows,42,KNN,743,1,1.0,0.5,1
paper_rows,42,KNN,450,0,0.0,0.5,0
paper_rows,42,KNN,468,1,0.6,0.5,1
paper_rows,42,KNN,305,0,0.0,0.5,0
paper_rows,42,KNN,30,0,0.4,0.5,0
paper_rows,42,KNN,558,1,1.0,0.5,1
paper_rows,42,KNN,405,0,0.0,0.5,0
paper_rows,42,KNN,54,0,0.0,0.5,0
paper_rows,42,KNN,23,1,1.0,0.5,1
paper_rows,42,KNN,1018,0,0.2,0.5,0
paper_rows,42,KNN,481,0,0.0,0.5,0
paper_rows,42,KNN,3,0,0.2,0.5,0
paper_rows,42,KNN,231,1,1.0,0.5,1
paper_rows,42,KNN,355,1,1.0,0.5,1
paper_rows,42,KNN,673,1,0.6,0.5,1
paper_rows,42,KNN,756,0,0.0,0.5,0
paper_rows,42,KNN,843,0,0.6,0.5,1
paper_rows,42,KNN,667,0,0.6,0.5,1
paper_rows,42,KNN,215,1,1.0,0.5,1
paper_rows,42,KNN,634,0,0.0,0.5,0
paper_rows,42,KNN,318,0,0.4,0.5,0
paper_rows,42,KNN,986,0,0.0,0.5,0
paper_rows,42,KNN,352,0,0.0,0.5,0
paper_rows,42,KNN,715,1,0.4,0.5,0
paper_rows,42,KNN,394,0,0.0,0.5,0
paper_rows,42,KNN,198,1,1.0,0.5,1
paper_rows,42,KNN,594,0,0.6,0.5,1
paper_rows,42,KNN,863,0,0.0,0.5,0
paper_rows,42,KNN,924,0,0.6,0.5,1
paper_rows,42,KNN,39,0,0.4,0.5,0
paper_rows,42,KNN,790,0,0.0,0.5,0
paper_rows,42,KNN,314,1,1.0,0.5,1
paper_rows,42,KNN,761,1,1.0,0.5,1
paper_rows,42,KNN,580,1,1.0,0.5,1
paper_rows,42,KNN,66,1,1.0,0.5,1
paper_rows,42,KNN,717,0,0.0,0.5,0
paper_rows,42,KNN,67,0,0.0,0.5,0
paper_rows,42,KNN,294,0,0.0,0.5,0
paper_rows,42,KNN,921,0,0.0,0.5,0
paper_rows,42,KNN,464,1,0.6,0.5,1
paper_rows,42,KNN,107,0,0.0,0.5,0
paper_rows,42,KNN,629,0,0.6,0.5,1
paper_rows,42,KNN,576,1,0.8,0.5,1
paper_rows,42,KNN,254,0,0.0,0.5,0
paper_rows,42,KNN,723,1,1.0,0.5,1
paper_rows,42,KNN,929,0,0.0,0.5,0
paper_rows,42,KNN,539,1,0.6,0.5,1
paper_rows,42,KNN,915,0,0.2,0.5,0
paper_rows,42,KNN,525,1,1.0,0.5,1
paper_rows,42,KNN,543,0,0.8,0.5,1
paper_rows,42,KNN,754,1,1.0,0.5,1
paper_rows,42,KNN,100,1,1.0,0.5,1
paper_rows,42,KNN,88,0,0.0,0.5,0
paper_rows,42,KNN,63,1,1.0,0.5,1
paper_rows,42,KNN,848,1,1.0,0.5,1
paper_rows,42,KNN,893,0,0.2,0.5,0
paper_rows,42,KNN,139,1,1.0,0.5,1
paper_rows,42,KNN,603,1,1.0,0.5,1
paper_rows,42,KNN,620,0,0.4,0.5,0
paper_rows,42,KNN,542,1,1.0,0.5,1
paper_rows,42,KNN,494,1,0.6,0.5,1
paper_rows,42,KNN,589,0,0.0,0.5,0
paper_rows,42,KNN,109,0,0.0,0.5,0
paper_rows,42,KNN,962,1,0.4,0.5,0
paper_rows,42,KNN,247,0,0.0,0.5,0
paper_rows,42,KNN,922,1,1.0,0.5,1
paper_rows,42,KNN,697,0,0.4,0.5,0
paper_rows,42,KNN,486,0,0.2,0.5,0
paper_rows,42,KNN,136,1,1.0,0.5,1
paper_rows,42,KNN,932,1,1.0,0.5,1
paper_rows,42,KNN,688,0,0.0,0.5,0
paper_rows,42,KNN,758,1,1.0,0.5,1
paper_rows,42,KNN,158,1,0.6,0.5,1
paper_rows,42,KNN,493,0,0.0,0.5,0
paper_rows,42,KNN,501,1,1.0,0.5,1
paper_rows,42,KNN,682,0,0.0,0.5,0
paper_rows,42,KNN,973,1,0.6,0.5,1
paper_rows,42,KNN,256,1,1.0,0.5,1
paper_rows,42,KNN,734,0,0.2,0.5,0
paper_rows,42,KNN,857,1,1.0,0.5,1
paper_rows,42,KNN,959,1,1.0,0.5,1
paper_rows,42,KNN,617,1,1.0,0.5,1
paper_rows,42,KNN,983,1,0.4,0.5,0
paper_rows,42,KNN,901,1,1.0,0.5,1
paper_rows,42,KNN,210,1,0.8,0.5,1
paper_rows,42,KNN,168,1,1.0,0.5,1
paper_rows,42,KNN,939,1,1.0,0.5,1
paper_rows,42,KNN,440,0,0.0,0.5,0
paper_rows,42,KNN,1022,0,0.0,0.5,0
paper_rows,42,KNN,545,0,0.6,0.5,1
paper_rows,42,KNN,55,0,0.0,0.5,0
paper_rows,42,KNN,120,1,0.6,0.5,1
paper_rows,42,KNN,616,1,1.0,0.5,1
paper_rows,42,KNN,25,0,0.0,0.5,0
paper_rows,42,KNN,72,0,0.0,0.5,0
paper_rows,42,KNN,532,0,0.0,0.5,0
paper_rows,42,KNN,44,1,1.0,0.5,1
paper_rows,42,KNN,296,0,0.0,0.5,0
paper_rows,42,KNN,199,0,0.6,0.5,1
paper_rows,42,KNN,753,1,0.2,0.5,0
paper_rows,42,KNN,793,1,1.0,0.5,1
paper_rows,42,KNN,485,0,0.0,0.5,0
paper_rows,42,KNN,209,0,0.0,0.5,0
paper_rows,42,KNN,265,1,0.4,0.5,0
paper_rows,42,KNN,377,1,0.4,0.5,0
paper_rows,42,KNN,894,0,0.0,0.5,0
paper_rows,42,KNN,788,0,0.4,0.5,0
paper_rows,42,KNN,528,1,1.0,0.5,1
paper_rows,42,KNN,451,1,1.0,0.5,1
paper_rows,42,KNN,595,0,0.2,0.5,0
paper_rows,42,KNN,745,1,1.0,0.5,1
paper_rows,42,KNN,965,1,1.0,0.5,1
paper_rows,42,KNN,526,0,0.0,0.5,0
paper_rows,42,KNN,306,1,1.0,0.5,1
paper_rows,42,KNN,319,1,1.0,0.5,1
paper_rows,42,KNN,60,1,1.0,0.5,1
paper_rows,42,KNN,482,0,0.0,0.5,0
paper_rows,42,KNN,854,0,0.6,0.5,1
paper_rows,42,KNN,615,1,1.0,0.5,1
paper_rows,42,KNN,541,1,1.0,0.5,1
paper_rows,42,KNN,428,0,0.0,0.5,0
paper_rows,42,KNN,184,1,1.0,0.5,1
paper_rows,42,KNN,881,0,0.8,0.5,1
paper_rows,42,KNN,982,1,1.0,0.5,1
paper_rows,42,KNN,599,1,1.0,0.5,1
paper_rows,42,KNN,906,1,1.0,0.5,1
paper_rows,42,KNN,778,0,0.8,0.5,1
paper_rows,42,KNN,261,1,1.0,0.5,1
paper_rows,42,KNN,342,1,1.0,0.5,1
paper_rows,42,KNN,522,1,1.0,0.5,1
paper_rows,42,KNN,237,0,0.6,0.5,1
paper_rows,42,KNN,110,0,0.6,0.5,1
paper_rows,42,KNN,497,0,0.8,0.5,1
paper_rows,42,KNN,516,0,0.0,0.5,0
paper_rows,42,KNN,361,1,0.4,0.5,0
paper_rows,42,KNN,429,0,0.4,0.5,0
paper_rows,42,KNN,1013,0,0.4,0.5,0
paper_rows,42,KNN,277,1,1.0,0.5,1
paper_rows,42,KNN,260,1,1.0,0.5,1
paper_rows,42,KNN,832,1,0.6,0.5,1
paper_rows,42,KNN,796,1,1.0,0.5,1
paper_rows,42,KNN,644,1,1.0,0.5,1
paper_rows,42,KNN,404,0,0.0,0.5,0
paper_rows,42,KNN,842,0,0.6,0.5,1
paper_rows,42,Stacking,527,1,0.9800926374654572,0.5,1
paper_rows,42,Stacking,359,1,0.9815096234681482,0.5,1
paper_rows,42,Stacking,447,0,0.008293143237315592,0.5,0
paper_rows,42,Stacking,31,1,0.9815567148020143,0.5,1
paper_rows,42,Stacking,621,0,0.008567867205502688,0.5,0
paper_rows,42,Stacking,590,1,0.9629166423144493,0.5,1
paper_rows,42,Stacking,905,0,0.009056036977762407,0.5,0
paper_rows,42,Stacking,737,0,0.008288739834696942,0.5,0
paper_rows,42,Stacking,76,1,0.9797861893752069,0.5,1
paper_rows,42,Stacking,948,0,0.008366683813566813,0.5,0
paper_rows,42,Stacking,432,1,0.9721353665366523,0.5,1
paper_rows,42,Stacking,70,0,0.008539915313433693,0.5,0
paper_rows,42,Stacking,680,1,0.9811936841719892,0.5,1
paper_rows,42,Stacking,101,1,0.9767219901708514,0.5,1
paper_rows,42,Stacking,845,0,0.00838491923353389,0.5,0
paper_rows,42,Stacking,656,0,0.019016939987433326,0.5,0
paper_rows,42,Stacking,310,0,0.008291808364400632,0.5,0
paper_rows,42,Stacking,344,1,0.9815706430047502,0.5,1
paper_rows,42,Stacking,837,1,0.9793574523507314,0.5,1
paper_rows,42,Stacking,174,0,0.008554314351465683,0.5,0
paper_rows,42,Stacking,96,1,0.04674249497970247,0.5,0
paper_rows,42,Stacking,822,0,0.008867653223454076,0.5,0
paper_rows,42,Stacking,598,0,0.020157096915424534,0.5,0
paper_rows,42,Stacking,218,0,0.008524612033428742,0.5,0
paper_rows,42,Stacking,420,1,0.04674249497970247,0.5,0
paper_rows,42,Stacking,208,1,0.9809383805925347,0.5,1
paper_rows,42,Stacking,774,1,0.9802304742083763,0.5,1
paper_rows,42,Stacking,290,1,0.980375312398874,0.5,1
paper_rows,42,Stacking,889,0,0.008547747578510031,0.5,0
paper_rows,42,Stacking,670,0,0.025342904877427325,0.5,0
paper_rows,42,Stacking,903,0,0.013939185163629044,0.5,0
paper_rows,42,Stacking,1004,1,0.9736841739680926,0.5,1
paper_rows,42,Stacking,1012,0,0.020085381756769154,0.5,0
paper_rows,42,Stacking,329,1,0.9815096234681482,0.5,1
paper_rows,42,Stacking,1001,1,0.979205971646819,0.5,1
paper_rows,42,Stacking,762,1,0.9719385568908445,0.5,1
paper_rows,42,Stacking,490,1,0.04674249497970247,0.5,0
paper_rows,42,Stacking,350,1,0.955805974205055,0.5,1
paper_rows,42,Stacking,500,1,0.9804317453088265,0.5,1
paper_rows,42,Stacking,307,1,0.9814766704767702,0.5,1
paper_rows,42,Stacking,853,0,0.008288739834696942,0.5,0
paper_rows,42,Stacking,351,0,0.018183400507846458,0.5,0
paper_rows,42,Stacking,643,1,0.922563823546811,0.5,1
paper_rows,42,Stacking,439,0,0.020157096915424534,0.5,0
paper_rows,42,Stacking,819,0,0.008448816353315356,0.5,0
paper_rows,42,Stacking,833,0,0.009188473741834752,0.5,0
paper_rows,42,Stacking,518,0,0.014288857827110495,0.5,0
paper_rows,42,Stacking,554,0,0.00917407323259535,0.5,0
paper_rows,42,Stacking,289,0,0.012642901149813692,0.5,0
paper_rows,42,Stacking,292,1,0.9396765622537383,0.5,1
paper_rows,42,Stacking,213,1,0.9741241772141761,0.5,1
paper_rows,42,Stacking,966,0,0.008278026048890406,0.5,0
paper_rows,42,Stacking,59,0,0.04439178240199427,0.5,0
paper_rows,42,Stacking,692,0,0.008375689954995574,0.5,0
paper_rows,42,Stacking,321,1,0.9802304742083763,0.5,1
paper_rows,42,Stacking,10,1,0.9804317453088265,0.5,1
paper_rows,42,Stacking,331,0,0.009428944966216678,0.5,0
paper_rows,42,Stacking,334,0,0.008519902954038427,0.5,0
paper_rows,42,Stacking,918,0,0.04552658915381287,0.5,0
paper_rows,42,Stacking,86,1,0.9814028845017689,0.5,1
paper_rows,42,Stacking,332,1,0.9675435062266706,0.5,1
paper_rows,42,Stacking,743,1,0.9822967552660667,0.5,1
paper_rows,42,Stacking,450,0,0.008547747578510031,0.5,0
paper_rows,42,Stacking,468,1,0.9396765622537383,0.5,1
paper_rows,42,Stacking,305,0,0.008552030829327558,0.5,0
paper_rows,42,Stacking,30,0,0.015305071048142474,0.5,0
paper_rows,42,Stacking,558,1,0.9816323837194408,0.5,1
paper_rows,42,Stacking,405,0,0.012580717457150104,0.5,0
paper_rows,42,Stacking,54,0,0.009188473741834752,0.5,0
paper_rows,42,Stacking,23,1,0.9803920073548769,0.5,1
paper_rows,42,Stacking,1018,0,0.02446301610752145,0.5,0
paper_rows,42,Stacking,481,0,0.008547747578510031,0.5,0
paper_rows,42,Stacking,3,0,0.009993153408248237,0.5,0
paper_rows,42,Stacking,231,1,0.9813948499240854,0.5,1
paper_rows,42,Stacking,355,1,0.9797028899206079,0.5,1
paper_rows,42,Stacking,673,1,0.9705945032565656,0.5,1
paper_rows,42,Stacking,756,0,0.009056036977762407,0.5,0
paper_rows,42,Stacking,843,0,0.019674597732175777,0.5,0
paper_rows,42,Stacking,667,0,0.019541101260304592,0.5,0
paper_rows,42,Stacking,215,1,0.9812398202280656,0.5,1
paper_rows,42,Stacking,634,0,0.008368827153135623,0.5,0
paper_rows,42,Stacking,318,0,0.012783328541055374,0.5,0
paper_rows,42,Stacking,986,0,0.008451456277299136,0.5,0
paper_rows,42,Stacking,352,0,0.00834215677345951,0.5,0
paper_rows,42,Stacking,715,1,0.9595580968585211,0.5,1
paper_rows,42,Stacking,394,0,0.008519911104686195,0.5,0
paper_rows,42,Stacking,198,1,0.9721353665366523,0.5,1
paper_rows,42,Stacking,594,0,0.016940195383518205,0.5,0
paper_rows,42,Stacking,863,0,0.008368827153135623,0.5,0
paper_rows,42,Stacking,924,0,0.025342904877427325,0.5,0
paper_rows,42,Stacking,39,0,0.012859212501972559,0.5,0
paper_rows,42,Stacking,790,0,0.008554314351465683,0.5,0
paper_rows,42,Stacking,314,1,0.9779591422181813,0.5,1
paper_rows,42,Stacking,761,1,0.9814520587992075,0.5,1
paper_rows,42,Stacking,580,1,0.9791905365135403,0.5,1
paper_rows,42,Stacking,66,1,0.981476838393026,0.5,1
paper_rows,42,Stacking,717,0,0.012580717457150104,0.5,0
paper_rows,42,Stacking,67,0,0.009829335602191508,0.5,0
paper_rows,42,Stacking,294,0,0.008276937781956994,0.5,0
paper_rows,42,Stacking,921,0,0.00831084170997456,0.5,0
paper_rows,42,Stacking,464,1,0.9536754941437701,0.5,1
paper_rows,42,Stacking,107,0,0.01018661243394827,0.5,0
paper_rows,42,Stacking,629,0,0.019408712906643075,0.5,0
paper_rows,42,Stacking,576,1,0.9696384044574075,0.5,1
paper_rows,42,Stacking,254,0,0.008326601349293538,0.5,0
paper_rows,42,Stacking,723,1,0.9807771558119324,0.5,1
paper_rows,42,Stacking,929,0,0.008519902954038427,0.5,0
paper_rows,42,Stacking,539,1,0.9650492124323552,0.5,1
paper_rows,42,Stacking,915,0,0.009344655301173838,0.5,0
paper_rows,42,Stacking,525,1,0.9815717697435157,0.5,1
paper_rows,42,Stacking,543,0,0.04552658915381287,0.5,0
paper_rows,42,Stacking,754,1,0.9815717697435157,0.5,1
paper_rows,42,Stacking,100,1,0.9816139646595093,0.5,1
paper_rows,42,Stacking,88,0,0.008892381656683369,0.5,0
paper_rows,42,Stacking,63,1,0.9792803416859103,0.5,1
paper_rows,42,Stacking,848,1,0.9809525841601734,0.5,1
paper_rows,42,Stacking,893,0,0.01661774650065736,0.5,0
paper_rows,42,Stacking,139,1,0.9780826921073861,0.5,1
paper_rows,42,Stacking,603,1,0.9731380403668001,0.5,1
paper_rows,42,Stacking,620,0,0.012454982816719971,0.5,0
paper_rows,42,Stacking,542,1,0.9755451451585047,0.5,1
paper_rows,42,Stacking,494,1,0.9661144402380268,0.5,1
paper_rows,42,Stacking,589,0,0.008283426482871484,0.5,0
paper_rows,42,Stacking,109,0,0.00889784895260268,0.5,0
paper_rows,42,Stacking,962,1,0.9603132559378802,0.5,1
paper_rows,42,Stacking,247,0,0.008524612033428742,0.5,0
paper_rows,42,Stacking,922,1,0.9762035086565367,0.5,1
paper_rows,42,Stacking,697,0,0.013125019815970935,0.5,0
paper_rows,42,Stacking,486,0,0.02446301610752145,0.5,0
paper_rows,42,Stacking,136,1,0.9813996882001375,0.5,1
paper_rows,42,Stacking,932,1,0.9736841739680926,0.5,1
paper_rows,42,Stacking,688,0,0.008276937781956994,0.5,0
paper_rows,42,Stacking,758,1,0.9816201201468917,0.5,1
paper_rows,42,Stacking,158,1,0.9536754941437701,0.5,1
paper_rows,42,Stacking,493,0,0.00829947634452442,0.5,0
paper_rows,42,Stacking,501,1,0.9803745683166668,0.5,1
paper_rows,42,Stacking,682,0,0.008834218037392485,0.5,0
paper_rows,42,Stacking,973,1,0.9661144402380268,0.5,1
paper_rows,42,Stacking,256,1,0.9803745683166668,0.5,1
paper_rows,42,Stacking,734,0,0.01661774650065736,0.5,0
paper_rows,42,Stacking,857,1,0.9686181902168874,0.5,1
paper_rows,42,Stacking,959,1,0.9778119205974539,0.5,1
paper_rows,42,Stacking,617,1,0.9810406443766152,0.5,1
paper_rows,42,Stacking,983,1,0.9481457470627586,0.5,1
paper_rows,42,Stacking,901,1,0.9806449347883139,0.5,1
paper_rows,42,Stacking,210,1,0.9680400256632286,0.5,1
paper_rows,42,Stacking,168,1,0.9741241772141761,0.5,1
paper_rows,42,Stacking,939,1,0.9810048189876072,0.5,1
paper_rows,42,Stacking,440,0,0.01024003122242308,0.5,0
paper_rows,42,Stacking,1022,0,0.008342441397856814,0.5,0
paper_rows,42,Stacking,545,0,0.020085381756769154,0.5,0
paper_rows,42,Stacking,55,0,0.009188473741834752,0.5,0
paper_rows,42,Stacking,120,1,0.9680620085741631,0.5,1
paper_rows,42,Stacking,616,1,0.9686181902168874,0.5,1
paper_rows,42,Stacking,25,0,0.008526288583540447,0.5,0
paper_rows,42,Stacking,72,0,0.008352999357438431,0.5,0
paper_rows,42,Stacking,532,0,0.012433975033559414,0.5,0
paper_rows,42,Stacking,44,1,0.9813996882001375,0.5,1
paper_rows,42,Stacking,296,0,0.00903877225039858,0.5,0
paper_rows,42,Stacking,199,0,0.018183400507846458,0.5,0
paper_rows,42,Stacking,753,1,0.922563823546811,0.5,1
paper_rows,42,Stacking,793,1,0.9789811677348303,0.5,1
paper_rows,42,Stacking,485,0,0.01018661243394827,0.5,0
paper_rows,42,Stacking,209,0,0.01018661243394827,0.5,0
paper_rows,42,Stacking,265,1,0.9617894491068937,0.5,1
paper_rows,42,Stacking,377,1,0.9467791331810627,0.5,1
paper_rows,42,Stacking,894,0,0.009003436878723112,0.5,0
paper_rows,42,Stacking,788,0,0.014807236908276435,0.5,0
paper_rows,42,Stacking,528,1,0.9741871884011489,0.5,1
paper_rows,42,Stacking,451,1,0.9810048189876072,0.5,1
paper_rows,42,Stacking,595,0,0.009993153408248237,0.5,0
paper_rows,42,Stacking,745,1,0.9829663951033507,0.5,1
paper_rows,42,Stacking,965,1,0.9810286583424961,0.5,1
paper_rows,42,Stacking,526,0,0.008761565029499178,0.5,0
paper_rows,42,Stacking,306,1,0.9796156310844587,0.5,1
paper_rows,42,Stacking,319,1,0.9815096234681482,0.5,1
paper_rows,42,Stacking,60,1,0.981016130930431,0.5,1
paper_rows,42,Stacking,482,0,0.008286508889245106,0.5,0
paper_rows,42,Stacking,854,0,0.019408712906643075,0.5,0
paper_rows,42,Stacking,615,1,0.9814758661718902,0.5,1
paper_rows,42,Stacking,541,1,0.9815219849923662,0.5,1
paper_rows,42,Stacking,428,0,0.00901779600283444,0.5,0
paper_rows,42,Stacking,184,1,0.9810550801998004,0.5,1
paper_rows,42,Stacking,881,0,0.04439178240199427,0.5,0
paper_rows,42,Stacking,982,1,0.978393223785409,0.5,1
paper_rows,42,Stacking,599,1,0.9731380403668001,0.5,1
paper_rows,42,Stacking,906,1,0.979205971646819,0.5,1
paper_rows,42,Stacking,778,0,0.04552658915381287,0.5,0
paper_rows,42,Stacking,261,1,0.9777131840325592,0.5,1
paper_rows,42,Stacking,342,1,0.9814489860933454,0.5,1
paper_rows,42,Stacking,522,1,0.9815093280223921,0.5,1
paper_rows,42,Stacking,237,0,0.019541101260304592,0.5,0
paper_rows,42,Stacking,110,0,0.015023798616241807,0.5,0
paper_rows,42,Stacking,497,0,0.04439178240199427,0.5,0
paper_rows,42,Stacking,516,0,0.008519902954038427,0.5,0
paper_rows,42,Stacking,361,1,0.9547904014158934,0.5,1
paper_rows,42,Stacking,429,0,0.013963399990755535,0.5,0
paper_rows,42,Stacking,1013,0,0.013211715700320145,0.5,0
paper_rows,42,Stacking,277,1,0.9814893619418218,0.5,1
paper_rows,42,Stacking,260,1,0.9815531043300055,0.5,1
paper_rows,42,Stacking,832,1,0.9663408953231164,0.5,1
paper_rows,42,Stacking,796,1,0.9801263864506339,0.5,1
paper_rows,42,Stacking,644,1,0.9815531043300055,0.5,1
paper_rows,42,Stacking,404,0,0.008330252947833568,0.5,0
paper_rows,42,Stacking,842,0,0.015815354279667345,0.5,0
unique_rows,42,LR,25,0,0.18539740823767276,0.5,0
unique_rows,42,LR,65,0,0.707768294060194,0.5,1
unique_rows,42,LR,437,0,0.007110797592278964,0.5,0
unique_rows,42,LR,58,0,0.563772497619786,0.5,1
unique_rows,42,LR,42,0,0.9130956042812702,0.5,1
unique_rows,42,LR,177,0,0.006192545673690114,0.5,0
unique_rows,42,LR,473,1,0.8241830583000967,0.5,1
unique_rows,42,LR,2,0,0.01830031727271895,0.5,0
unique_rows,42,LR,434,1,0.977759879821732,0.5,1
unique_rows,42,LR,142,0,0.6145852828455269,0.5,1
unique_rows,42,LR,269,1,0.9348895830553116,0.5,1
unique_rows,42,LR,292,1,0.35110802591981416,0.5,0
unique_rows,42,LR,258,0,0.7229116145808107,0.5,1
unique_rows,42,LR,281,1,0.9351975026790487,0.5,1
unique_rows,42,LR,377,1,0.2005004449738217,0.5,0
unique_rows,42,LR,279,1,0.9821881056619093,0.5,1
unique_rows,42,LR,66,1,0.6481610201446946,0.5,1
unique_rows,42,LR,111,1,0.03353739607798889,0.5,0
unique_rows,42,LR,68,1,0.9949764232945305,0.5,1
unique_rows,42,LR,5,1,0.694729650542895,0.5,1
unique_rows,42,LR,331,0,0.48632726782157265,0.5,0
unique_rows,42,LR,232,0,0.014865473062109046,0.5,0
unique_rows,42,LR,421,1,0.6625040999728049,0.5,1
unique_rows,42,LR,878,0,0.05734845283238988,0.5,0
unique_rows,42,LR,94,1,0.675771716451893,0.5,1
unique_rows,42,LR,334,0,0.007228141658963083,0.5,0
unique_rows,42,LR,175,0,0.0017061778429696894,0.5,0
unique_rows,42,LR,495,1,0.36698531597873096,0.5,0
unique_rows,42,LR,323,0,0.049460184726866,0.5,0
unique_rows,42,LR,566,1,0.9372731572101043,0.5,1
unique_rows,42,LR,633,0,0.017992953946728705,0.5,0
unique_rows,42,LR,102,1,0.7397547038735923,0.5,1
unique_rows,42,LR,137,1,0.5306758462334527,0.5,1
unique_rows,42,LR,35,0,0.5439804632097185,0.5,1
unique_rows,42,LR,109,0,0.04565157386634679,0.5,0
unique_rows,42,LR,184,1,0.8126353879505722,0.5,1
unique_rows,42,LR,33,0,0.024811442033552795,0.5,0
unique_rows,42,LR,63,1,0.8383600023884957,0.5,1
unique_rows,42,LR,427,1,0.9427629884952686,0.5,1
unique_rows,42,LR,233,1,0.9712717767782222,0.5,1
unique_rows,42,LR,396,0,0.08689006388609716,0.5,0
unique_rows,42,LR,167,1,0.7867832540789369,0.5,1
unique_rows,42,LR,498,1,0.5858189459731454,0.5,1
unique_rows,42,LR,161,1,0.7197200188450416,0.5,1
unique_rows,42,LR,166,0,0.03313859515920719,0.5,0
unique_rows,42,LR,356,0,0.016456569328755843,0.5,0
unique_rows,42,LR,170,1,0.5694465290324153,0.5,1
unique_rows,42,LR,594,0,0.08986702997495279,0.5,0
unique_rows,42,LR,245,1,0.9264474732751729,0.5,1
unique_rows,42,LR,449,0,0.6653870601699501,0.5,1
unique_rows,42,LR,349,0,0.4833776495570008,0.5,0
unique_rows,42,LR,119,1,0.8590462381342026,0.5,1
unique_rows,42,LR,228,1,0.9356116527262482,0.5,1
unique_rows,42,LR,1,0,0.01757827768446646,0.5,0
unique_rows,42,LR,389,1,0.8232741698724766,0.5,1
unique_rows,42,LR,355,1,0.5668322028648991,0.5,1
unique_rows,42,LR,38,1,0.014391525855417676,0.5,0
unique_rows,42,LR,18,1,0.9744065291376517,0.5,1
unique_rows,42,LR,124,0,0.018323435904600022,0.5,0
unique_rows,42,LR,72,0,0.04741214705873773,0.5,0
unique_rows,42,LR,36,1,0.5156620780939141,0.5,1
unique_rows,42,DT,25,0,0.0,0.5,0
unique_rows,42,DT,65,0,0.0,0.5,0
unique_rows,42,DT,437,0,0.0,0.5,0
unique_rows,42,DT,58,0,1.0,0.5,1
unique_rows,42,DT,42,0,1.0,0.5,1
unique_rows,42,DT,177,0,0.0,0.5,0
unique_rows,42,DT,473,1,1.0,0.5,1
unique_rows,42,DT,2,0,0.0,0.5,0
unique_rows,42,DT,434,1,1.0,0.5,1
unique_rows,42,DT,142,0,1.0,0.5,1
unique_rows,42,DT,269,1,1.0,0.5,1
unique_rows,42,DT,292,1,0.0,0.5,0
unique_rows,42,DT,258,0,1.0,0.5,1
unique_rows,42,DT,281,1,1.0,0.5,1
unique_rows,42,DT,377,1,1.0,0.5,1
unique_rows,42,DT,279,1,1.0,0.5,1
unique_rows,42,DT,66,1,1.0,0.5,1
unique_rows,42,DT,111,1,0.0,0.5,0
unique_rows,42,DT,68,1,1.0,0.5,1
unique_rows,42,DT,5,1,1.0,0.5,1
unique_rows,42,DT,331,0,1.0,0.5,1
unique_rows,42,DT,232,0,0.0,0.5,0
unique_rows,42,DT,421,1,1.0,0.5,1
unique_rows,42,DT,878,0,0.0,0.5,0
unique_rows,42,DT,94,1,0.0,0.5,0
unique_rows,42,DT,334,0,0.0,0.5,0
unique_rows,42,DT,175,0,0.0,0.5,0
unique_rows,42,DT,495,1,0.0,0.5,0
unique_rows,42,DT,323,0,0.0,0.5,0
unique_rows,42,DT,566,1,1.0,0.5,1
unique_rows,42,DT,633,0,0.0,0.5,0
unique_rows,42,DT,102,1,1.0,0.5,1
unique_rows,42,DT,137,1,0.0,0.5,0
unique_rows,42,DT,35,0,0.0,0.5,0
unique_rows,42,DT,109,0,0.0,0.5,0
unique_rows,42,DT,184,1,1.0,0.5,1
unique_rows,42,DT,33,0,1.0,0.5,1
unique_rows,42,DT,63,1,1.0,0.5,1
unique_rows,42,DT,427,1,1.0,0.5,1
unique_rows,42,DT,233,1,1.0,0.5,1
unique_rows,42,DT,396,0,1.0,0.5,1
unique_rows,42,DT,167,1,0.0,0.5,0
unique_rows,42,DT,498,1,1.0,0.5,1
unique_rows,42,DT,161,1,1.0,0.5,1
unique_rows,42,DT,166,0,0.0,0.5,0
unique_rows,42,DT,356,0,0.0,0.5,0
unique_rows,42,DT,170,1,1.0,0.5,1
unique_rows,42,DT,594,0,0.0,0.5,0
unique_rows,42,DT,245,1,1.0,0.5,1
unique_rows,42,DT,449,0,0.0,0.5,0
unique_rows,42,DT,349,0,1.0,0.5,1
unique_rows,42,DT,119,1,1.0,0.5,1
unique_rows,42,DT,228,1,1.0,0.5,1
unique_rows,42,DT,1,0,0.0,0.5,0
unique_rows,42,DT,389,1,0.0,0.5,0
unique_rows,42,DT,355,1,1.0,0.5,1
unique_rows,42,DT,38,1,0.0,0.5,0
unique_rows,42,DT,18,1,1.0,0.5,1
unique_rows,42,DT,124,0,0.0,0.5,0
unique_rows,42,DT,72,0,0.0,0.5,0
unique_rows,42,DT,36,1,0.0,0.5,0
unique_rows,42,RF,25,0,0.14,0.5,0
unique_rows,42,RF,65,0,0.69,0.5,1
unique_rows,42,RF,437,0,0.03,0.5,0
unique_rows,42,RF,58,0,0.82,0.5,1
unique_rows,42,RF,42,0,0.85,0.5,1
unique_rows,42,RF,177,0,0.06,0.5,0
unique_rows,42,RF,473,1,0.81,0.5,1
unique_rows,42,RF,2,0,0.09,0.5,0
unique_rows,42,RF,434,1,0.88,0.5,1
unique_rows,42,RF,142,0,0.37,0.5,0
unique_rows,42,RF,269,1,0.84,0.5,1
unique_rows,42,RF,292,1,0.46,0.5,0
unique_rows,42,RF,258,0,0.71,0.5,1
unique_rows,42,RF,281,1,0.98,0.5,1
unique_rows,42,RF,377,1,0.21,0.5,0
unique_rows,42,RF,279,1,0.87,0.5,1
unique_rows,42,RF,66,1,0.83,0.5,1
unique_rows,42,RF,111,1,0.23,0.5,0
unique_rows,42,RF,68,1,1.0,0.5,1
unique_rows,42,RF,5,1,0.67,0.5,1
unique_rows,42,RF,331,0,0.23,0.5,0
unique_rows,42,RF,232,0,0.0,0.5,0
unique_rows,42,RF,421,1,0.75,0.5,1
unique_rows,42,RF,878,0,0.11,0.5,0
unique_rows,42,RF,94,1,0.74,0.5,1
unique_rows,42,RF,334,0,0.0,0.5,0
unique_rows,42,RF,175,0,0.01,0.5,0
unique_rows,42,RF,495,1,0.41,0.5,0
unique_rows,42,RF,323,0,0.49,0.5,0
unique_rows,42,RF,566,1,0.88,0.5,1
unique_rows,42,RF,633,0,0.07,0.5,0
unique_rows,42,RF,102,1,0.64,0.5,1
unique_rows,42,RF,137,1,0.37,0.5,0
unique_rows,42,RF,35,0,0.65,0.5,1
unique_rows,42,RF,109,0,0.24,0.5,0
unique_rows,42,RF,184,1,0.97,0.5,1
unique_rows,42,RF,33,0,0.29,0.5,0
unique_rows,42,RF,63,1,0.63,0.5,1
unique_rows,42,RF,427,1,0.74,0.5,1
unique_rows,42,RF,233,1,0.98,0.5,1
unique_rows,42,RF,396,0,0.6,0.5,1
unique_rows,42,RF,167,1,0.65,0.5,1
unique_rows,42,RF,498,1,0.67,0.5,1
unique_rows,42,RF,161,1,0.66,0.5,1
unique_rows,42,RF,166,0,0.09,0.5,0
unique_rows,42,RF,356,0,0.19,0.5,0
unique_rows,42,RF,170,1,0.7,0.5,1
unique_rows,42,RF,594,0,0.18,0.5,0
unique_rows,42,RF,245,1,1.0,0.5,1
unique_rows,42,RF,449,0,0.51,0.5,1
unique_rows,42,RF,349,0,0.55,0.5,1
unique_rows,42,RF,119,1,0.94,0.5,1
unique_rows,42,RF,228,1,0.97,0.5,1
unique_rows,42,RF,1,0,0.2,0.5,0
unique_rows,42,RF,389,1,0.64,0.5,1
unique_rows,42,RF,355,1,0.66,0.5,1
unique_rows,42,RF,38,1,0.08,0.5,0
unique_rows,42,RF,18,1,0.96,0.5,1
unique_rows,42,RF,124,0,0.03,0.5,0
unique_rows,42,RF,72,0,0.03,0.5,0
unique_rows,42,RF,36,1,0.44,0.5,0
unique_rows,42,XGB,25,0,0.08556899428367615,0.5,0
unique_rows,42,XGB,65,0,0.8288602828979492,0.5,1
unique_rows,42,XGB,437,0,0.0008174111717380583,0.5,0
unique_rows,42,XGB,58,0,0.9980148077011108,0.5,1
unique_rows,42,XGB,42,0,0.9984782338142395,0.5,1
unique_rows,42,XGB,177,0,0.00043885683408007026,0.5,0
unique_rows,42,XGB,473,1,0.9925601482391357,0.5,1
unique_rows,42,XGB,2,0,0.019583553075790405,0.5,0
unique_rows,42,XGB,434,1,0.9992079138755798,0.5,1
unique_rows,42,XGB,142,0,0.6268549561500549,0.5,1
unique_rows,42,XGB,269,1,0.9571873545646667,0.5,1
unique_rows,42,XGB,292,1,0.20418529212474823,0.5,0
unique_rows,42,XGB,258,0,0.8722420334815979,0.5,1
unique_rows,42,XGB,281,1,0.9993793964385986,0.5,1
unique_rows,42,XGB,377,1,0.037668388336896896,0.5,0
unique_rows,42,XGB,279,1,0.9953112006187439,0.5,1
unique_rows,42,XGB,66,1,0.996123731136322,0.5,1
unique_rows,42,XGB,111,1,0.18566350638866425,0.5,0
unique_rows,42,XGB,68,1,0.9996805191040039,0.5,1
unique_rows,42,XGB,5,1,0.8266845345497131,0.5,1
unique_rows,42,XGB,331,0,0.11240334808826447,0.5,0
unique_rows,42,XGB,232,0,0.00010139354708371684,0.5,0
unique_rows,42,XGB,421,1,0.9225048422813416,0.5,1
unique_rows,42,XGB,878,0,0.006922382861375809,0.5,0
unique_rows,42,XGB,94,1,0.9837892651557922,0.5,1
unique_rows,42,XGB,334,0,0.0003370146732777357,0.5,0
unique_rows,42,XGB,175,0,0.0003560780896805227,0.5,0
unique_rows,42,XGB,495,1,0.023887405171990395,0.5,0
unique_rows,42,XGB,323,0,0.6891354918479919,0.5,1
unique_rows,42,XGB,566,1,0.9979999661445618,0.5,1
unique_rows,42,XGB,633,0,0.0006952920812182128,0.5,0
unique_rows,42,XGB,102,1,0.29809367656707764,0.5,0
unique_rows,42,XGB,137,1,0.3538155257701874,0.5,0
unique_rows,42,XGB,35,0,0.9302321076393127,0.5,1
unique_rows,42,XGB,109,0,0.06520598381757736,0.5,0
unique_rows,42,XGB,184,1,0.9983843564987183,0.5,1
unique_rows,42,XGB,33,0,0.23248401284217834,0.5,0
unique_rows,42,XGB,63,1,0.6009660363197327,0.5,1
unique_rows,42,XGB,427,1,0.965121328830719,0.5,1
unique_rows,42,XGB,233,1,0.99937903881073,0.5,1
unique_rows,42,XGB,396,0,0.9774745106697083,0.5,1
unique_rows,42,XGB,167,1,0.9873847961425781,0.5,1
unique_rows,42,XGB,498,1,0.771858811378479,0.5,1
unique_rows,42,XGB,161,1,0.9523395895957947,0.5,1
unique_rows,42,XGB,166,0,0.0011942515848204494,0.5,0
unique_rows,42,XGB,356,0,0.00341023039072752,0.5,0
unique_rows,42,XGB,170,1,0.9735621809959412,0.5,1
unique_rows,42,XGB,594,0,0.0019179562805220485,0.5,0
unique_rows,42,XGB,245,1,0.9997445940971375,0.5,1
unique_rows,42,XGB,449,0,0.349743515253067,0.5,0
unique_rows,42,XGB,349,0,0.8107426762580872,0.5,1
unique_rows,42,XGB,119,1,0.9960585832595825,0.5,1
unique_rows,42,XGB,228,1,0.9998289346694946,0.5,1
unique_rows,42,XGB,1,0,0.010694287717342377,0.5,0
unique_rows,42,XGB,389,1,0.9835944771766663,0.5,1
unique_rows,42,XGB,355,1,0.8835968971252441,0.5,1
unique_rows,42,XGB,38,1,0.007944244891405106,0.5,0
unique_rows,42,XGB,18,1,0.9982751607894897,0.5,1
unique_rows,42,XGB,124,0,0.0012703072279691696,0.5,0
unique_rows,42,XGB,72,0,0.0023007087875157595,0.5,0
unique_rows,42,XGB,36,1,0.24785488843917847,0.5,0
unique_rows,42,NB,25,0,0.01683770407094129,0.5,0
unique_rows,42,NB,65,0,0.9464506820698627,0.5,1
unique_rows,42,NB,437,0,1.1025364649615442e-05,0.5,0
unique_rows,42,NB,58,0,0.8001794963231257,0.5,1
unique_rows,42,NB,42,0,0.9912162732875953,0.5,1
unique_rows,42,NB,177,0,1.471144066004322e-05,0.5,0
unique_rows,42,NB,473,1,0.9766515998511953,0.5,1
unique_rows,42,NB,2,0,5.2619082972353074e-05,0.5,0
unique_rows,42,NB,434,1,0.9899786873639099,0.5,1
unique_rows,42,NB,142,0,0.5823135425908239,0.5,1
unique_rows,42,NB,269,1,0.9854266188540792,0.5,1
unique_rows,42,NB,292,1,0.07455448420736281,0.5,0
unique_rows,42,NB,258,0,0.010945983376542805,0.5,0
unique_rows,42,NB,281,1,0.9990058950674995,0.5,1
unique_rows,42,NB,377,1,0.08765382193902124,0.5,0
unique_rows,42,NB,279,1,0.9993181215391339,0.5,1
unique_rows,42,NB,66,1,0.8658722883551312,0.5,1
unique_rows,42,NB,111,1,0.0016826788713704157,0.5,0
unique_rows,42,NB,68,1,0.9999531087528276,0.5,1
unique_rows,42,NB,5,1,0.7114371540709244,0.5,1
unique_rows,42,NB,331,0,0.027164830868025642,0.5,0
unique_rows,42,NB,232,0,3.908704907246054e-05,0.5,0
unique_rows,42,NB,421,1,0.894457073983854,0.5,1
unique_rows,42,NB,878,0,0.021911435769411156,0.5,0
unique_rows,42,NB,94,1,0.890299560036541,0.5,1
unique_rows,42,NB,334,0,2.320064944543732e-05,0.5,0
unique_rows,42,NB,175,0,1.0759089243178007e-08,0.5,0
unique_rows,42,NB,495,1,0.5148582144072688,0.5,1
unique_rows,42,NB,323,0,0.0002899566561154575,0.5,0
unique_rows,42,NB,566,1,0.9930646762868193,0.5,1
unique_rows,42,NB,633,0,1.0244813966442871e-05,0.5,0
unique_rows,42,NB,102,1,0.9129329526271561,0.5,1
unique_rows,42,NB,137,1,0.24336276341705212,0.5,0
unique_rows,42,NB,35,0,0.11158169691404343,0.5,0
unique_rows,42,NB,109,0,0.0017098520991378878,0.5,0
unique_rows,42,NB,184,1,0.9904698391586939,0.5,1
unique_rows,42,NB,33,0,4.893560062021623e-05,0.5,0
unique_rows,42,NB,63,1,0.9636942980308815,0.5,1
unique_rows,42,NB,427,1,0.9943583787718572,0.5,1
unique_rows,42,NB,233,1,0.9993816127633114,0.5,1
unique_rows,42,NB,396,0,0.0023460245882939187,0.5,0
unique_rows,42,NB,167,1,0.693145115155582,0.5,1
unique_rows,42,NB,498,1,0.9116530008996149,0.5,1
unique_rows,42,NB,161,1,0.3413918516217551,0.5,0
unique_rows,42,NB,166,0,0.0001185928309622182,0.5,0
unique_rows,42,NB,356,0,0.0005421989629223603,0.5,0
unique_rows,42,NB,170,1,0.9420767126504842,0.5,1
unique_rows,42,NB,594,0,0.012481932885530178,0.5,0
unique_rows,42,NB,245,1,0.995662083657864,0.5,1
unique_rows,42,NB,449,0,0.9341991426012162,0.5,1
unique_rows,42,NB,349,0,0.2918486835767431,0.5,0
unique_rows,42,NB,119,1,0.9945769098375117,0.5,1
unique_rows,42,NB,228,1,0.9894673400949104,0.5,1
unique_rows,42,NB,1,0,1.725768905708607e-05,0.5,0
unique_rows,42,NB,389,1,0.6622838511378232,0.5,1
unique_rows,42,NB,355,1,0.3668649423913982,0.5,0
unique_rows,42,NB,38,1,0.0002079023796269206,0.5,0
unique_rows,42,NB,18,1,0.9980667593741055,0.5,1
unique_rows,42,NB,124,0,4.758387481914225e-06,0.5,0
unique_rows,42,NB,72,0,0.00302409356661657,0.5,0
unique_rows,42,NB,36,1,0.4205902642251056,0.5,0
unique_rows,42,KNN,25,0,0.2,0.5,0
unique_rows,42,KNN,65,0,0.6,0.5,1
unique_rows,42,KNN,437,0,0.0,0.5,0
unique_rows,42,KNN,58,0,0.8,0.5,1
unique_rows,42,KNN,42,0,1.0,0.5,1
unique_rows,42,KNN,177,0,0.0,0.5,0
unique_rows,42,KNN,473,1,0.6,0.5,1
unique_rows,42,KNN,2,0,0.0,0.5,0
unique_rows,42,KNN,434,1,1.0,0.5,1
unique_rows,42,KNN,142,0,0.4,0.5,0
unique_rows,42,KNN,269,1,0.8,0.5,1
unique_rows,42,KNN,292,1,0.6,0.5,1
unique_rows,42,KNN,258,0,0.8,0.5,1
unique_rows,42,KNN,281,1,1.0,0.5,1
unique_rows,42,KNN,377,1,0.4,0.5,0
unique_rows,42,KNN,279,1,1.0,0.5,1
unique_rows,42,KNN,66,1,0.6,0.5,1
unique_rows,42,KNN,111,1,0.0,0.5,0
unique_rows,42,KNN,68,1,1.0,0.5,1
unique_rows,42,KNN,5,1,1.0,0.5,1
unique_rows,42,KNN,331,0,0.2,0.5,0
unique_rows,42,KNN,232,0,0.0,0.5,0
unique_rows,42,KNN,421,1,1.0,0.5,1
unique_rows,42,KNN,878,0,0.2,0.5,0
unique_rows,42,KNN,94,1,1.0,0.5,1
unique_rows,42,KNN,334,0,0.0,0.5,0
unique_rows,42,KNN,175,0,0.0,0.5,0
unique_rows,42,KNN,495,1,0.2,0.5,0
unique_rows,42,KNN,323,0,0.4,0.5,0
unique_rows,42,KNN,566,1,1.0,0.5,1
unique_rows,42,KNN,633,0,0.0,0.5,0
unique_rows,42,KNN,102,1,0.6,0.5,1
unique_rows,42,KNN,137,1,0.6,0.5,1
unique_rows,42,KNN,35,0,0.6,0.5,1
unique_rows,42,KNN,109,0,0.0,0.5,0
unique_rows,42,KNN,184,1,0.8,0.5,1
unique_rows,42,KNN,33,0,0.0,0.5,0
unique_rows,42,KNN,63,1,0.8,0.5,1
unique_rows,42,KNN,427,1,0.8,0.5,1
unique_rows,42,KNN,233,1,1.0,0.5,1
unique_rows,42,KNN,396,0,0.6,0.5,1
unique_rows,42,KNN,167,1,0.8,0.5,1
unique_rows,42,KNN,498,1,1.0,0.5,1
unique_rows,42,KNN,161,1,0.8,0.5,1
unique_rows,42,KNN,166,0,0.4,0.5,0
unique_rows,42,KNN,356,0,0.2,0.5,0
unique_rows,42,KNN,170,1,0.8,0.5,1
unique_rows,42,KNN,594,0,0.4,0.5,0
unique_rows,42,KNN,245,1,1.0,0.5,1
unique_rows,42,KNN,449,0,1.0,0.5,1
unique_rows,42,KNN,349,0,0.6,0.5,1
unique_rows,42,KNN,119,1,1.0,0.5,1
unique_rows,42,KNN,228,1,1.0,0.5,1
unique_rows,42,KNN,1,0,0.2,0.5,0
unique_rows,42,KNN,389,1,0.4,0.5,0
unique_rows,42,KNN,355,1,1.0,0.5,1
unique_rows,42,KNN,38,1,0.0,0.5,0
unique_rows,42,KNN,18,1,1.0,0.5,1
unique_rows,42,KNN,124,0,0.0,0.5,0
unique_rows,42,KNN,72,0,0.2,0.5,0
unique_rows,42,KNN,36,1,0.8,0.5,1
unique_rows,42,Stacking,25,0,0.10016904306830016,0.5,0
unique_rows,42,Stacking,65,0,0.6654268308202101,0.5,1
unique_rows,42,Stacking,437,0,0.05206469326712309,0.5,0
unique_rows,42,Stacking,58,0,0.8086395200600002,0.5,1
unique_rows,42,Stacking,42,0,0.9169741916347661,0.5,1
unique_rows,42,Stacking,177,0,0.05379661002019758,0.5,0
unique_rows,42,Stacking,473,1,0.8394069644010439,0.5,1
unique_rows,42,Stacking,2,0,0.056890742452120495,0.5,0
unique_rows,42,Stacking,434,1,0.9262464507654617,0.5,1
unique_rows,42,Stacking,142,0,0.5356249582170916,0.5,1
unique_rows,42,Stacking,269,1,0.8933071883502826,0.5,1
unique_rows,42,Stacking,292,1,0.28191396382415795,0.5,0
unique_rows,42,Stacking,258,0,0.7143430856921599,0.5,1
unique_rows,42,Stacking,281,1,0.9305881260875734,0.5,1
unique_rows,42,Stacking,377,1,0.23349640865314714,0.5,0
unique_rows,42,Stacking,279,1,0.9262556519397077,0.5,1
unique_rows,42,Stacking,66,1,0.7930111232181623,0.5,1
unique_rows,42,Stacking,111,1,0.07127880754779066,0.5,0
unique_rows,42,Stacking,68,1,0.9374205654179616,0.5,1
unique_rows,42,Stacking,5,1,0.833785541945725,0.5,1
unique_rows,42,Stacking,331,0,0.25829245771469383,0.5,0
unique_rows,42,Stacking,232,0,0.05084439412219411,0.5,0
unique_rows,42,Stacking,421,1,0.8613351150984031,0.5,1
unique_rows,42,Stacking,878,0,0.08049234369872564,0.5,0
unique_rows,42,Stacking,94,1,0.7800032122651267,0.5,1
unique_rows,42,Stacking,334,0,0.05031863171274236,0.5,0
unique_rows,42,Stacking,175,0,0.050511350065035265,0.5,0
unique_rows,42,Stacking,495,1,0.22106065292429056,0.5,0
unique_rows,42,Stacking,323,0,0.17898983560993031,0.5,0
unique_rows,42,Stacking,566,1,0.9222977830231276,0.5,1
unique_rows,42,Stacking,633,0,0.0552959881700304,0.5,0
unique_rows,42,Stacking,102,1,0.7451791066329618,0.5,1
unique_rows,42,Stacking,137,1,0.35106736427206575,0.5,0
unique_rows,42,Stacking,35,0,0.45406685731285,0.5,0
unique_rows,42,Stacking,109,0,0.07084312752949812,0.5,0
unique_rows,42,Stacking,184,1,0.8929078883782857,0.5,1
unique_rows,42,Stacking,33,0,0.12877189707609527,0.5,0
unique_rows,42,Stacking,63,1,0.8335753514782337,0.5,1
unique_rows,42,Stacking,427,1,0.8834340476128247,0.5,1
unique_rows,42,Stacking,233,1,0.9338893219239686,0.5,1
unique_rows,42,Stacking,396,0,0.4045394843507156,0.5,0
unique_rows,42,Stacking,167,1,0.7095306865242786,0.5,1
unique_rows,42,Stacking,498,1,0.8302721466603963,0.5,1
unique_rows,42,Stacking,161,1,0.754109233125605,0.5,1
unique_rows,42,Stacking,166,0,0.09685247701043043,0.5,0
unique_rows,42,Stacking,356,0,0.08199676810909248,0.5,0
unique_rows,42,Stacking,170,1,0.8026859312479924,0.5,1
unique_rows,42,Stacking,594,0,0.1157190114915629,0.5,0
unique_rows,42,Stacking,245,1,0.9311680990698273,0.5,1
unique_rows,42,Stacking,449,0,0.693693506211574,0.5,1
unique_rows,42,Stacking,349,0,0.5718197894759866,0.5,1
unique_rows,42,Stacking,119,1,0.9193652087188988,0.5,1
unique_rows,42,Stacking,228,1,0.9293949733994158,0.5,1
unique_rows,42,Stacking,1,0,0.0831638277997913,0.5,0
unique_rows,42,Stacking,389,1,0.5866880332130802,0.5,1
unique_rows,42,Stacking,355,1,0.7646406056155379,0.5,1
unique_rows,42,Stacking,38,1,0.05577445599483011,0.5,0
unique_rows,42,Stacking,18,1,0.9325949232801981,0.5,1
unique_rows,42,Stacking,124,0,0.052874601064197564,0.5,0
unique_rows,42,Stacking,72,0,0.07166911683549244,0.5,0
unique_rows,42,Stacking,36,1,0.4569023209247196,0.5,0
unique_rows,42,OneHot LR,25,0,0.21556675471508405,0.5,0
unique_rows,42,OneHot LR,65,0,0.5412244533014618,0.5,1
unique_rows,42,OneHot LR,437,0,0.0036963950108735545,0.5,0
unique_rows,42,OneHot LR,58,0,0.6464266891416096,0.5,1
unique_rows,42,OneHot LR,42,0,0.9512116840351943,0.5,1
unique_rows,42,OneHot LR,177,0,0.011072417514216597,0.5,0
unique_rows,42,OneHot LR,473,1,0.8402991147777938,0.5,1
unique_rows,42,OneHot LR,2,0,0.08660240210258689,0.5,0
unique_rows,42,OneHot LR,434,1,0.9839171248478652,0.5,1
unique_rows,42,OneHot LR,142,0,0.23446199304001028,0.5,0
unique_rows,42,OneHot LR,269,1,0.9415382956567452,0.5,1
unique_rows,42,OneHot LR,292,1,0.6502824849632374,0.5,1
unique_rows,42,OneHot LR,258,0,0.5123758114003443,0.5,1
unique_rows,42,OneHot LR,281,1,0.9479449331051649,0.5,1
unique_rows,42,OneHot LR,377,1,0.08744907969377026,0.5,0
unique_rows,42,OneHot LR,279,1,0.943499756227724,0.5,1
unique_rows,42,OneHot LR,66,1,0.9244183416856001,0.5,1
unique_rows,42,OneHot LR,111,1,0.060067012822252006,0.5,0
unique_rows,42,OneHot LR,68,1,0.9947479303936753,0.5,1
unique_rows,42,OneHot LR,5,1,0.7328917446229356,0.5,1
unique_rows,42,OneHot LR,331,0,0.2851229596394828,0.5,0
unique_rows,42,OneHot LR,232,0,0.006945046177482924,0.5,0
unique_rows,42,OneHot LR,421,1,0.6197471431884971,0.5,1
unique_rows,42,OneHot LR,878,0,0.016711106712813128,0.5,0
unique_rows,42,OneHot LR,94,1,0.904703519541432,0.5,1
unique_rows,42,OneHot LR,334,0,0.003158515713380299,0.5,0
unique_rows,42,OneHot LR,175,0,0.002951180768277007,0.5,0
unique_rows,42,OneHot LR,495,1,0.3815407618556629,0.5,0
unique_rows,42,OneHot LR,323,0,0.08157973641686889,0.5,0
unique_rows,42,OneHot LR,566,1,0.9543343981366449,0.5,1
unique_rows,42,OneHot LR,633,0,0.011898515664368814,0.5,0
unique_rows,42,OneHot LR,102,1,0.8112767221209817,0.5,1
unique_rows,42,OneHot LR,137,1,0.724324775813179,0.5,1
unique_rows,42,OneHot LR,35,0,0.6140916675629403,0.5,1
unique_rows,42,OneHot LR,109,0,0.021160576824289564,0.5,0
unique_rows,42,OneHot LR,184,1,0.8863779785523148,0.5,1
unique_rows,42,OneHot LR,33,0,0.014243759640553954,0.5,0
unique_rows,42,OneHot LR,63,1,0.9552402903491443,0.5,1
unique_rows,42,OneHot LR,427,1,0.9725658878558852,0.5,1
unique_rows,42,OneHot LR,233,1,0.975345588231631,0.5,1
unique_rows,42,OneHot LR,396,0,0.24582889943359243,0.5,0
unique_rows,42,OneHot LR,167,1,0.8808079311088243,0.5,1
unique_rows,42,OneHot LR,498,1,0.741174989509017,0.5,1
unique_rows,42,OneHot LR,161,1,0.7942528694672094,0.5,1
unique_rows,42,OneHot LR,166,0,0.00926728412397014,0.5,0
unique_rows,42,OneHot LR,356,0,0.0066161231574968634,0.5,0
unique_rows,42,OneHot LR,170,1,0.6816464994656496,0.5,1
unique_rows,42,OneHot LR,594,0,0.025088045961396178,0.5,0
unique_rows,42,OneHot LR,245,1,0.9547166838235192,0.5,1
unique_rows,42,OneHot LR,449,0,0.49035688133413236,0.5,0
unique_rows,42,OneHot LR,349,0,0.19907538407109857,0.5,0
unique_rows,42,OneHot LR,119,1,0.9044031227182371,0.5,1
unique_rows,42,OneHot LR,228,1,0.9794056976385297,0.5,1
unique_rows,42,OneHot LR,1,0,0.10845224171948259,0.5,0
unique_rows,42,OneHot LR,389,1,0.8978731425645085,0.5,1
unique_rows,42,OneHot LR,355,1,0.5791986709012189,0.5,1
unique_rows,42,OneHot LR,38,1,0.005944945755692854,0.5,0
unique_rows,42,OneHot LR,18,1,0.9826661346136244,0.5,1
unique_rows,42,OneHot LR,124,0,0.008544890563962586,0.5,0
unique_rows,42,OneHot LR,72,0,0.04317942747835206,0.5,0
unique_rows,42,OneHot LR,36,1,0.23418238465408964,0.5,0
unique_rows,42,Proposed,25,0,0.21556675471508405,0.4,0
unique_rows,42,Proposed,65,0,0.5412244533014618,0.4,1
unique_rows,42,Proposed,437,0,0.0036963950108735545,0.4,0
unique_rows,42,Proposed,58,0,0.6464266891416096,0.4,1
unique_rows,42,Proposed,42,0,0.9512116840351943,0.4,1
unique_rows,42,Proposed,177,0,0.011072417514216597,0.4,0
unique_rows,42,Proposed,473,1,0.8402991147777938,0.4,1
unique_rows,42,Proposed,2,0,0.08660240210258689,0.4,0
unique_rows,42,Proposed,434,1,0.9839171248478652,0.4,1
unique_rows,42,Proposed,142,0,0.23446199304001028,0.4,0
unique_rows,42,Proposed,269,1,0.9415382956567452,0.4,1
unique_rows,42,Proposed,292,1,0.6502824849632374,0.4,1
unique_rows,42,Proposed,258,0,0.5123758114003443,0.4,1
unique_rows,42,Proposed,281,1,0.9479449331051649,0.4,1
unique_rows,42,Proposed,377,1,0.08744907969377026,0.4,0
unique_rows,42,Proposed,279,1,0.943499756227724,0.4,1
unique_rows,42,Proposed,66,1,0.9244183416856001,0.4,1
unique_rows,42,Proposed,111,1,0.060067012822252006,0.4,0
unique_rows,42,Proposed,68,1,0.9947479303936753,0.4,1
unique_rows,42,Proposed,5,1,0.7328917446229356,0.4,1
unique_rows,42,Proposed,331,0,0.2851229596394828,0.4,0
unique_rows,42,Proposed,232,0,0.006945046177482924,0.4,0
unique_rows,42,Proposed,421,1,0.6197471431884971,0.4,1
unique_rows,42,Proposed,878,0,0.016711106712813128,0.4,0
unique_rows,42,Proposed,94,1,0.904703519541432,0.4,1
unique_rows,42,Proposed,334,0,0.003158515713380299,0.4,0
unique_rows,42,Proposed,175,0,0.002951180768277007,0.4,0
unique_rows,42,Proposed,495,1,0.3815407618556629,0.4,0
unique_rows,42,Proposed,323,0,0.08157973641686889,0.4,0
unique_rows,42,Proposed,566,1,0.9543343981366449,0.4,1
unique_rows,42,Proposed,633,0,0.011898515664368814,0.4,0
unique_rows,42,Proposed,102,1,0.8112767221209817,0.4,1
unique_rows,42,Proposed,137,1,0.724324775813179,0.4,1
unique_rows,42,Proposed,35,0,0.6140916675629403,0.4,1
unique_rows,42,Proposed,109,0,0.021160576824289564,0.4,0
unique_rows,42,Proposed,184,1,0.8863779785523148,0.4,1
unique_rows,42,Proposed,33,0,0.014243759640553954,0.4,0
unique_rows,42,Proposed,63,1,0.9552402903491443,0.4,1
unique_rows,42,Proposed,427,1,0.9725658878558852,0.4,1
unique_rows,42,Proposed,233,1,0.975345588231631,0.4,1
unique_rows,42,Proposed,396,0,0.24582889943359243,0.4,0
unique_rows,42,Proposed,167,1,0.8808079311088243,0.4,1
unique_rows,42,Proposed,498,1,0.741174989509017,0.4,1
unique_rows,42,Proposed,161,1,0.7942528694672094,0.4,1
unique_rows,42,Proposed,166,0,0.00926728412397014,0.4,0
unique_rows,42,Proposed,356,0,0.0066161231574968634,0.4,0
unique_rows,42,Proposed,170,1,0.6816464994656496,0.4,1
unique_rows,42,Proposed,594,0,0.025088045961396178,0.4,0
unique_rows,42,Proposed,245,1,0.9547166838235192,0.4,1
unique_rows,42,Proposed,449,0,0.49035688133413236,0.4,1
unique_rows,42,Proposed,349,0,0.19907538407109857,0.4,0
unique_rows,42,Proposed,119,1,0.9044031227182371,0.4,1
unique_rows,42,Proposed,228,1,0.9794056976385297,0.4,1
unique_rows,42,Proposed,1,0,0.10845224171948259,0.4,0
unique_rows,42,Proposed,389,1,0.8978731425645085,0.4,1
unique_rows,42,Proposed,355,1,0.5791986709012189,0.4,1
unique_rows,42,Proposed,38,1,0.005944945755692854,0.4,0
unique_rows,42,Proposed,18,1,0.9826661346136244,0.4,1
unique_rows,42,Proposed,124,0,0.008544890563962586,0.4,0
unique_rows,42,Proposed,72,0,0.04317942747835206,0.4,0
unique_rows,42,Proposed,36,1,0.23418238465408964,0.4,0
unique_rows,43,LR,376,1,0.7201348119209297,0.5,1
unique_rows,43,LR,122,0,0.00399938809049913,0.5,0
unique_rows,43,LR,35,0,0.4095646445657263,0.5,0
unique_rows,43,LR,353,1,0.3436910535817859,0.5,0
unique_rows,43,LR,451,1,0.9599435642669414,0.5,1
unique_rows,43,LR,367,0,0.6097898890951594,0.5,1
unique_rows,43,LR,288,1,0.9914335832387948,0.5,1
unique_rows,43,LR,108,0,0.7235608036192713,0.5,1
unique_rows,43,LR,46,1,0.8411715881614772,0.5,1
unique_rows,43,LR,304,1,0.9770673658428946,0.5,1
unique_rows,43,LR,70,0,0.003937996060776167,0.5,0
unique_rows,43,LR,147,0,0.7349383765529098,0.5,1
unique_rows,43,LR,232,0,0.014718217840719082,0.5,0
unique_rows,43,LR,369,1,0.9088682524951553,0.5,1
unique_rows,43,LR,71,0,0.034485089202901685,0.5,0
unique_rows,43,LR,570,1,0.9894424812811884,0.5,1
unique_rows,43,LR,205,1,0.7461464096281154,0.5,1
unique_rows,43,LR,111,1,0.0913393755837437,0.5,0
unique_rows,43,LR,321,1,0.978351378706879,0.5,1
unique_rows,43,LR,69,0,0.0035802827705119504,0.5,0
unique_rows,43,LR,98,0,0.565709396608537,0.5,1
unique_rows,43,LR,215,1,0.8908526388782387,0.5,1
unique_rows,43,LR,36,1,0.39857152482297276,0.5,0
unique_rows,43,LR,342,1,0.9621272148515971,0.5,1
unique_rows,43,LR,300,1,0.9924987818859559,0.5,1
unique_rows,43,LR,179,0,0.03295668335459906,0.5,0
unique_rows,43,LR,254,0,0.09187335075811186,0.5,0
unique_rows,43,LR,616,1,0.7211326409589962,0.5,1
unique_rows,43,LR,177,0,0.00866962744698961,0.5,0
unique_rows,43,LR,460,0,0.047229359789169485,0.5,0
unique_rows,43,LR,28,0,0.42586333275944477,0.5,0
unique_rows,43,LR,107,0,0.0783421423323498,0.5,0
unique_rows,43,LR,373,0,0.5744259773913317,0.5,1
unique_rows,43,LR,239,0,0.5189706142835655,0.5,1
unique_rows,43,LR,528,1,0.07163957817697351,0.5,0
unique_rows,43,LR,151,0,0.41637207672691884,0.5,0
unique_rows,43,LR,269,1,0.9508592735486057,0.5,1
unique_rows,43,LR,52,1,0.4925794951271354,0.5,0
unique_rows,43,LR,193,1,0.5870637722323454,0.5,1
unique_rows,43,LR,292,1,0.38457643103287104,0.5,0
unique_rows,43,LR,4,0,0.07519402242508394,0.5,0
unique_rows,43,LR,708,1,0.9692091287334571,0.5,1
unique_rows,43,LR,479,0,0.003331257668150168,0.5,0
unique_rows,43,LR,56,1,0.771213092438071,0.5,1
unique_rows,43,LR,380,0,0.03602036434303207,0.5,0
unique_rows,43,LR,389,1,0.714755911151397,0.5,1
unique_rows,43,LR,309,1,0.8332587529334152,0.5,1
unique_rows,43,LR,119,1,0.9079911987894691,0.5,1
unique_rows,43,LR,332,1,0.6101088144201904,0.5,1
unique_rows,43,LR,154,0,0.00509765184621383,0.5,0
unique_rows,43,LR,21,1,0.8319944665368393,0.5,1
unique_rows,43,LR,224,1,0.5607903785111166,0.5,1
unique_rows,43,LR,125,1,0.9903091905160781,0.5,1
unique_rows,43,LR,438,1,0.9653460149459068,0.5,1
unique_rows,43,LR,190,1,0.9761470507037245,0.5,1
unique_rows,43,LR,237,0,0.7178253869131423,0.5,1
unique_rows,43,LR,323,0,0.04629426884972111,0.5,0
unique_rows,43,LR,233,1,0.9787477115793264,0.5,1
unique_rows,43,LR,145,0,0.046570803696097174,0.5,0
unique_rows,43,LR,106,0,0.203161619061074,0.5,0
unique_rows,43,LR,843,0,0.8147428941490663,0.5,1
unique_rows,43,DT,376,1,1.0,0.5,1
unique_rows,43,DT,122,0,0.0,0.5,0
unique_rows,43,DT,35,0,0.0,0.5,0
unique_rows,43,DT,353,1,0.0,0.5,0
unique_rows,43,DT,451,1,1.0,0.5,1
unique_rows,43,DT,367,0,1.0,0.5,1
unique_rows,43,DT,288,1,1.0,0.5,1
unique_rows,43,DT,108,0,0.0,0.5,0
unique_rows,43,DT,46,1,0.0,0.5,0
unique_rows,43,DT,304,1,1.0,0.5,1
unique_rows,43,DT,70,0,0.0,0.5,0
unique_rows,43,DT,147,0,0.0,0.5,0
unique_rows,43,DT,232,0,0.0,0.5,0
unique_rows,43,DT,369,1,0.0,0.5,0
unique_rows,43,DT,71,0,0.0,0.5,0
unique_rows,43,DT,570,1,1.0,0.5,1
unique_rows,43,DT,205,1,1.0,0.5,1
unique_rows,43,DT,111,1,0.0,0.5,0
unique_rows,43,DT,321,1,1.0,0.5,1
unique_rows,43,DT,69,0,0.0,0.5,0
unique_rows,43,DT,98,0,0.0,0.5,0
unique_rows,43,DT,215,1,1.0,0.5,1
unique_rows,43,DT,36,1,0.0,0.5,0
unique_rows,43,DT,342,1,1.0,0.5,1
unique_rows,43,DT,300,1,1.0,0.5,1
unique_rows,43,DT,179,0,0.0,0.5,0
unique_rows,43,DT,254,0,0.0,0.5,0
unique_rows,43,DT,616,1,1.0,0.5,1
unique_rows,43,DT,177,0,0.0,0.5,0
unique_rows,43,DT,460,0,0.0,0.5,0
unique_rows,43,DT,28,0,1.0,0.5,1
unique_rows,43,DT,107,0,0.0,0.5,0
unique_rows,43,DT,373,0,0.0,0.5,0
unique_rows,43,DT,239,0,1.0,0.5,1
unique_rows,43,DT,528,1,0.0,0.5,0
unique_rows,43,DT,151,0,1.0,0.5,1
unique_rows,43,DT,269,1,1.0,0.5,1
unique_rows,43,DT,52,1,1.0,0.5,1
unique_rows,43,DT,193,1,1.0,0.5,1
unique_rows,43,DT,292,1,1.0,0.5,1
unique_rows,43,DT,4,0,0.0,0.5,0
unique_rows,43,DT,708,1,0.0,0.5,0
unique_rows,43,DT,479,0,0.0,0.5,0
unique_rows,43,DT,56,1,1.0,0.5,1
unique_rows,43,DT,380,0,0.0,0.5,0
unique_rows,43,DT,389,1,0.0,0.5,0
unique_rows,43,DT,309,1,1.0,0.5,1
unique_rows,43,DT,119,1,1.0,0.5,1
unique_rows,43,DT,332,1,0.0,0.5,0
unique_rows,43,DT,154,0,0.0,0.5,0
unique_rows,43,DT,21,1,1.0,0.5,1
unique_rows,43,DT,224,1,1.0,0.5,1
unique_rows,43,DT,125,1,0.0,0.5,0
unique_rows,43,DT,438,1,1.0,0.5,1
unique_rows,43,DT,190,1,1.0,0.5,1
unique_rows,43,DT,237,0,1.0,0.5,1
unique_rows,43,DT,323,0,1.0,0.5,1
unique_rows,43,DT,233,1,1.0,0.5,1
unique_rows,43,DT,145,0,0.0,0.5,0
unique_rows,43,DT,106,0,1.0,0.5,1
unique_rows,43,DT,843,0,1.0,0.5,1
unique_rows,43,RF,376,1,0.71,0.5,1
unique_rows,43,RF,122,0,0.0,0.5,0
unique_rows,43,RF,35,0,0.63,0.5,1
unique_rows,43,RF,353,1,0.31,0.5,0
unique_rows,43,RF,451,1,0.94,0.5,1
unique_rows,43,RF,367,0,0.68,0.5,1
unique_rows,43,RF,288,1,0.84,0.5,1
unique_rows,43,RF,108,0,0.78,0.5,1
unique_rows,43,RF,46,1,0.75,0.5,1
unique_rows,43,RF,304,1,0.97,0.5,1
unique_rows,43,RF,70,0,0.03,0.5,0
unique_rows,43,RF,147,0,0.76,0.5,1
unique_rows,43,RF,232,0,0.0,0.5,0
unique_rows,43,RF,369,1,0.75,0.5,1
unique_rows,43,RF,71,0,0.07,0.5,0
unique_rows,43,RF,570,1,0.96,0.5,1
unique_rows,43,RF,205,1,0.65,0.5,1
unique_rows,43,RF,111,1,0.28,0.5,0
unique_rows,43,RF,321,1,0.85,0.5,1
unique_rows,43,RF,69,0,0.1,0.5,0
unique_rows,43,RF,98,0,0.3,0.5,0
unique_rows,43,RF,215,1,0.99,0.5,1
unique_rows,43,RF,36,1,0.51,0.5,1
unique_rows,43,RF,342,1,0.88,0.5,1
unique_rows,43,RF,300,1,0.95,0.5,1
unique_rows,43,RF,179,0,0.15,0.5,0
unique_rows,43,RF,254,0,0.08,0.5,0
unique_rows,43,RF,616,1,0.71,0.5,1
unique_rows,43,RF,177,0,0.08,0.5,0
unique_rows,43,RF,460,0,0.31,0.5,0
unique_rows,43,RF,28,0,0.43,0.5,0
unique_rows,43,RF,107,0,0.21,0.5,0
unique_rows,43,RF,373,0,0.75,0.5,1
unique_rows,43,RF,239,0,0.5,0.5,1
unique_rows,43,RF,528,1,0.24,0.5,0
unique_rows,43,RF,151,0,0.49,0.5,0
unique_rows,43,RF,269,1,0.72,0.5,1
unique_rows,43,RF,52,1,0.85,0.5,1
unique_rows,43,RF,193,1,0.44,0.5,0
unique_rows,43,RF,292,1,0.48,0.5,0
unique_rows,43,RF,4,0,0.36,0.5,0
unique_rows,43,RF,708,1,0.75,0.5,1
unique_rows,43,RF,479,0,0.03,0.5,0
unique_rows,43,RF,56,1,0.64,0.5,1
unique_rows,43,RF,380,0,0.06,0.5,0
unique_rows,43,RF,389,1,0.57,0.5,1
unique_rows,43,RF,309,1,0.84,0.5,1
unique_rows,43,RF,119,1,0.96,0.5,1
unique_rows,43,RF,332,1,0.69,0.5,1
unique_rows,43,RF,154,0,0.1,0.5,0
unique_rows,43,RF,21,1,0.54,0.5,1
unique_rows,43,RF,224,1,0.73,0.5,1
unique_rows,43,RF,125,1,0.91,0.5,1
unique_rows,43,RF,438,1,0.98,0.5,1
unique_rows,43,RF,190,1,0.9,0.5,1
unique_rows,43,RF,237,0,0.81,0.5,1
unique_rows,43,RF,323,0,0.39,0.5,0
unique_rows,43,RF,233,1,0.97,0.5,1
unique_rows,43,RF,145,0,0.14,0.5,0
unique_rows,43,RF,106,0,0.46,0.5,0
unique_rows,43,RF,843,0,0.75,0.5,1
unique_rows,43,XGB,376,1,0.659707248210907,0.5,1
unique_rows,43,XGB,122,0,0.00024855692754499614,0.5,0
unique_rows,43,XGB,35,0,0.6795578598976135,0.5,1
unique_rows,43,XGB,353,1,0.01432638056576252,0.5,0
unique_rows,43,XGB,451,1,0.9959319233894348,0.5,1
unique_rows,43,XGB,367,0,0.936732292175293,0.5,1
unique_rows,43,XGB,288,1,0.701697587966919,0.5,1
unique_rows,43,XGB,108,0,0.9913216233253479,0.5,1
unique_rows,43,XGB,46,1,0.8637998104095459,0.5,1
unique_rows,43,XGB,304,1,0.9975576400756836,0.5,1
unique_rows,43,XGB,70,0,0.0007740529254078865,0.5,0
unique_rows,43,XGB,147,0,0.8827217221260071,0.5,1
unique_rows,43,XGB,232,0,0.00021836673840880394,0.5,0
unique_rows,43,XGB,369,1,0.9418856501579285,0.5,1
unique_rows,43,XGB,71,0,0.001185849541798234,0.5,0
unique_rows,43,XGB,570,1,0.9993543028831482,0.5,1
unique_rows,43,XGB,205,1,0.9579398036003113,0.5,1
unique_rows,43,XGB,111,1,0.8614717721939087,0.5,1
unique_rows,43,XGB,321,1,0.9888700246810913,0.5,1
unique_rows,43,XGB,69,0,0.0021584106143563986,0.5,0
unique_rows,43,XGB,98,0,0.046605125069618225,0.5,0
unique_rows,43,XGB,215,1,0.9983333945274353,0.5,1
unique_rows,43,XGB,36,1,0.1659867912530899,0.5,0
unique_rows,43,XGB,342,1,0.997821569442749,0.5,1
unique_rows,43,XGB,300,1,0.9991752505302429,0.5,1
unique_rows,43,XGB,179,0,0.008544577285647392,0.5,0
unique_rows,43,XGB,254,0,0.0013498564949259162,0.5,0
unique_rows,43,XGB,616,1,0.9032630920410156,0.5,1
unique_rows,43,XGB,177,0,0.002735871123149991,0.5,0
unique_rows,43,XGB,460,0,0.016781799495220184,0.5,0
unique_rows,43,XGB,28,0,0.2644196152687073,0.5,0
unique_rows,43,XGB,107,0,0.014842597767710686,0.5,0
unique_rows,43,XGB,373,0,0.8338370323181152,0.5,1
unique_rows,43,XGB,239,0,0.372549831867218,0.5,0
unique_rows,43,XGB,528,1,0.00996271800249815,0.5,0
unique_rows,43,XGB,151,0,0.8779139518737793,0.5,1
unique_rows,43,XGB,269,1,0.937351644039154,0.5,1
unique_rows,43,XGB,52,1,0.9811874628067017,0.5,1
unique_rows,43,XGB,193,1,0.0792064517736435,0.5,0
unique_rows,43,XGB,292,1,0.0035045756958425045,0.5,0
unique_rows,43,XGB,4,0,0.3293989300727844,0.5,0
unique_rows,43,XGB,708,1,0.9308283925056458,0.5,1
unique_rows,43,XGB,479,0,0.00019827399228233844,0.5,0
unique_rows,43,XGB,56,1,0.9216554164886475,0.5,1
unique_rows,43,XGB,380,0,0.001532393740490079,0.5,0
unique_rows,43,XGB,389,1,0.5963237881660461,0.5,1
unique_rows,43,XGB,309,1,0.996594250202179,0.5,1
unique_rows,43,XGB,119,1,0.9694738388061523,0.5,1
unique_rows,43,XGB,332,1,0.7295917868614197,0.5,1
unique_rows,43,XGB,154,0,0.0029743581544607878,0.5,0
unique_rows,43,XGB,21,1,0.9427390694618225,0.5,1
unique_rows,43,XGB,224,1,0.9631190299987793,0.5,1
unique_rows,43,XGB,125,1,0.974838376045227,0.5,1
unique_rows,43,XGB,438,1,0.9963470101356506,0.5,1
unique_rows,43,XGB,190,1,0.9936142563819885,0.5,1
unique_rows,43,XGB,237,0,0.7382117509841919,0.5,1
unique_rows,43,XGB,323,0,0.2870756685733795,0.5,0
unique_rows,43,XGB,233,1,0.9991567134857178,0.5,1
unique_rows,43,XGB,145,0,0.007413133513182402,0.5,0
unique_rows,43,XGB,106,0,0.4382409155368805,0.5,0
unique_rows,43,XGB,843,0,0.37797847390174866,0.5,0
unique_rows,43,NB,376,1,0.7770818783492045,0.5,1
unique_rows,43,NB,122,0,5.348371515226128e-06,0.5,0
unique_rows,43,NB,35,0,0.011231672318375206,0.5,0
unique_rows,43,NB,353,1,0.007496929968329311,0.5,0
unique_rows,43,NB,451,1,0.9967799013650062,0.5,1
unique_rows,43,NB,367,0,0.7833323070391267,0.5,1
unique_rows,43,NB,288,1,0.9997729031725153,0.5,1
unique_rows,43,NB,108,0,0.980083049983501,0.5,1
unique_rows,43,NB,46,1,0.927888030661187,0.5,1
unique_rows,43,NB,304,1,0.9987186880640971,0.5,1
unique_rows,43,NB,70,0,6.860908520750131e-07,0.5,0
unique_rows,43,NB,147,0,0.9787913579176805,0.5,1
unique_rows,43,NB,232,0,3.640453940921516e-05,0.5,0
unique_rows,43,NB,369,1,0.9875237489342642,0.5,1
unique_rows,43,NB,71,0,0.0021200126457374307,0.5,0
unique_rows,43,NB,570,1,0.9992207258580847,0.5,1
unique_rows,43,NB,205,1,0.9938385912376284,0.5,1
unique_rows,43,NB,111,1,0.006619022369148849,0.5,0
unique_rows,43,NB,321,1,0.9992635313973444,0.5,1
unique_rows,43,NB,69,0,4.962437598037569e-14,0.5,0
unique_rows,43,NB,98,0,0.5042743484886832,0.5,1
unique_rows,43,NB,215,1,0.9960968611048251,0.5,1
unique_rows,43,NB,36,1,0.337485795321997,0.5,0
unique_rows,43,NB,342,1,0.9973905968915753,0.5,1
unique_rows,43,NB,300,1,0.999759588809733,0.5,1
unique_rows,43,NB,179,0,0.003779304879399963,0.5,0
unique_rows,43,NB,254,0,0.033834809568438595,0.5,0
unique_rows,43,NB,616,1,0.9699597710459543,0.5,1
unique_rows,43,NB,177,0,1.0927304906041014e-05,0.5,0
unique_rows,43,NB,460,0,0.002921259688989258,0.5,0
unique_rows,43,NB,28,0,0.03532803113355837,0.5,0
unique_rows,43,NB,107,0,0.0068703441643822956,0.5,0
unique_rows,43,NB,373,0,0.7337064385825498,0.5,1
unique_rows,43,NB,239,0,0.2132668071368253,0.5,0
unique_rows,43,NB,528,1,5.352398273618817e-06,0.5,0
unique_rows,43,NB,151,0,0.482692000705891,0.5,0
unique_rows,43,NB,269,1,0.977547345973747,0.5,1
unique_rows,43,NB,52,1,0.7386728923947927,0.5,1
unique_rows,43,NB,193,1,0.5971383908341883,0.5,1
unique_rows,43,NB,292,1,0.06757812475991735,0.5,0
unique_rows,43,NB,4,0,0.0004547199462572003,0.5,0
unique_rows,43,NB,708,1,0.9110466976191202,0.5,1
unique_rows,43,NB,479,0,4.208759236278645e-06,0.5,0
unique_rows,43,NB,56,1,0.8376452446636644,0.5,1
unique_rows,43,NB,380,0,0.0009869329475069046,0.5,0
unique_rows,43,NB,389,1,0.11781339449474802,0.5,0
unique_rows,43,NB,309,1,0.9680530516841096,0.5,1
unique_rows,43,NB,119,1,0.9981230575127873,0.5,1
unique_rows,43,NB,332,1,0.11947650754712898,0.5,0
unique_rows,43,NB,154,0,1.8135188739480972e-05,0.5,0
unique_rows,43,NB,21,1,0.9216134829170031,0.5,1
unique_rows,43,NB,224,1,0.6797856474673364,0.5,1
unique_rows,43,NB,125,1,0.9997043180926455,0.5,1
unique_rows,43,NB,438,1,0.9991597195581718,0.5,1
unique_rows,43,NB,190,1,0.9996458262883058,0.5,1
unique_rows,43,NB,237,0,0.9017696053853328,0.5,1
unique_rows,43,NB,323,0,0.00010233697901496609,0.5,0
unique_rows,43,NB,233,1,0.9997644050003983,0.5,1
unique_rows,43,NB,145,0,0.001589101097681681,0.5,0
unique_rows,43,NB,106,0,0.09269143521548975,0.5,0
unique_rows,43,NB,843,0,0.9639804953300171,0.5,1
unique_rows,43,KNN,376,1,0.6,0.5,1
unique_rows,43,KNN,122,0,0.0,0.5,0
unique_rows,43,KNN,35,0,0.6,0.5,1
unique_rows,43,KNN,353,1,0.4,0.5,0
unique_rows,43,KNN,451,1,1.0,0.5,1
unique_rows,43,KNN,367,0,0.4,0.5,0
unique_rows,43,KNN,288,1,1.0,0.5,1
unique_rows,43,KNN,108,0,0.8,0.5,1
unique_rows,43,KNN,46,1,1.0,0.5,1
unique_rows,43,KNN,304,1,0.8,0.5,1
unique_rows,43,KNN,70,0,0.0,0.5,0
unique_rows,43,KNN,147,0,0.6,0.5,1
unique_rows,43,KNN,232,0,0.0,0.5,0
unique_rows,43,KNN,369,1,0.8,0.5,1
unique_rows,43,KNN,71,0,0.0,0.5,0
unique_rows,43,KNN,570,1,0.8,0.5,1
unique_rows,43,KNN,205,1,0.6,0.5,1
unique_rows,43,KNN,111,1,0.0,0.5,0
unique_rows,43,KNN,321,1,1.0,0.5,1
unique_rows,43,KNN,69,0,0.0,0.5,0
unique_rows,43,KNN,98,0,0.0,0.5,0
unique_rows,43,KNN,215,1,1.0,0.5,1
unique_rows,43,KNN,36,1,0.8,0.5,1
unique_rows,43,KNN,342,1,1.0,0.5,1
unique_rows,43,KNN,300,1,1.0,0.5,1
unique_rows,43,KNN,179,0,0.2,0.5,0
unique_rows,43,KNN,254,0,0.0,0.5,0
unique_rows,43,KNN,616,1,0.8,0.5,1
unique_rows,43,KNN,177,0,0.0,0.5,0
unique_rows,43,KNN,460,0,0.2,0.5,0
unique_rows,43,KNN,28,0,0.4,0.5,0
unique_rows,43,KNN,107,0,0.2,0.5,0
unique_rows,43,KNN,373,0,0.8,0.5,1
unique_rows,43,KNN,239,0,0.0,0.5,0
unique_rows,43,KNN,528,1,0.2,0.5,0
unique_rows,43,KNN,151,0,0.6,0.5,1
unique_rows,43,KNN,269,1,0.8,0.5,1
unique_rows,43,KNN,52,1,0.6,0.5,1
unique_rows,43,KNN,193,1,0.8,0.5,1
unique_rows,43,KNN,292,1,0.4,0.5,0
unique_rows,43,KNN,4,0,0.2,0.5,0
unique_rows,43,KNN,708,1,1.0,0.5,1
unique_rows,43,KNN,479,0,0.0,0.5,0
unique_rows,43,KNN,56,1,0.4,0.5,0
unique_rows,43,KNN,380,0,0.0,0.5,0
unique_rows,43,KNN,389,1,0.4,0.5,0
unique_rows,43,KNN,309,1,0.8,0.5,1
unique_rows,43,KNN,119,1,1.0,0.5,1
unique_rows,43,KNN,332,1,0.6,0.5,1
unique_rows,43,KNN,154,0,0.0,0.5,0
unique_rows,43,KNN,21,1,0.6,0.5,1
unique_rows,43,KNN,224,1,1.0,0.5,1
unique_rows,43,KNN,125,1,1.0,0.5,1
unique_rows,43,KNN,438,1,1.0,0.5,1
unique_rows,43,KNN,190,1,0.8,0.5,1
unique_rows,43,KNN,237,0,1.0,0.5,1
unique_rows,43,KNN,323,0,0.0,0.5,0
unique_rows,43,KNN,233,1,1.0,0.5,1
unique_rows,43,KNN,145,0,0.2,0.5,0
unique_rows,43,KNN,106,0,0.4,0.5,0
unique_rows,43,KNN,843,0,0.6,0.5,1
unique_rows,43,Stacking,376,1,0.7077464063988751,0.5,1
unique_rows,43,Stacking,122,0,0.05850202229838866,0.5,0
unique_rows,43,Stacking,35,0,0.4912544365083365,0.5,0
unique_rows,43,Stacking,353,1,0.17359597190589374,0.5,0
unique_rows,43,Stacking,451,1,0.9215379116105429,0.5,1
unique_rows,43,Stacking,367,0,0.7030415350980038,0.5,1
unique_rows,43,Stacking,288,1,0.8813544737057405,0.5,1
unique_rows,43,Stacking,108,0,0.870943967070791,0.5,1
unique_rows,43,Stacking,46,1,0.8811454936803758,0.5,1
unique_rows,43,Stacking,304,1,0.9101434259810456,0.5,1
unique_rows,43,Stacking,70,0,0.06078789078411177,0.5,0
unique_rows,43,Stacking,147,0,0.8250062407927047,0.5,1
unique_rows,43,Stacking,232,0,0.05912903176641391,0.5,0
unique_rows,43,Stacking,369,1,0.8819430665786218,0.5,1
unique_rows,43,Stacking,71,0,0.06602219618929799,0.5,0
unique_rows,43,Stacking,570,1,0.9103327473616248,0.5,1
unique_rows,43,Stacking,205,1,0.7989772486901262,0.5,1
unique_rows,43,Stacking,111,1,0.22241354454838982,0.5,0
unique_rows,43,Stacking,321,1,0.9133942947383787,0.5,1
unique_rows,43,Stacking,69,0,0.06644853172914528,0.5,0
unique_rows,43,Stacking,98,0,0.2143366516933314,0.5,0
unique_rows,43,Stacking,215,1,0.9212669073523425,0.5,1
unique_rows,43,Stacking,36,1,0.413464188235138,0.5,0
unique_rows,43,Stacking,342,1,0.9159226465815864,0.5,1
unique_rows,43,Stacking,300,1,0.92537667909623,0.5,1
unique_rows,43,Stacking,179,0,0.08919214584035624,0.5,0
unique_rows,43,Stacking,254,0,0.0725389394942723,0.5,0
unique_rows,43,Stacking,616,1,0.8258785024233353,0.5,1
unique_rows,43,Stacking,177,0,0.0651764106050151,0.5,0
unique_rows,43,Stacking,460,0,0.11058647105423902,0.5,0
unique_rows,43,Stacking,28,0,0.2454278142079874,0.5,0
unique_rows,43,Stacking,107,0,0.10112012496336714,0.5,0
unique_rows,43,Stacking,373,0,0.7875520285116404,0.5,1
unique_rows,43,Stacking,239,0,0.2557901762612769,0.5,0
unique_rows,43,Stacking,528,1,0.10307425820748056,0.5,0
unique_rows,43,Stacking,151,0,0.5710970855639229,0.5,1
unique_rows,43,Stacking,269,1,0.8654373473547873,0.5,1
unique_rows,43,Stacking,52,1,0.767123062799443,0.5,1
unique_rows,43,Stacking,193,1,0.4327826316196577,0.5,0
unique_rows,43,Stacking,292,1,0.19912366580747273,0.5,0
unique_rows,43,Stacking,4,0,0.16689301187973016,0.5,0
unique_rows,43,Stacking,708,1,0.9008325111812261,0.5,1
unique_rows,43,Stacking,479,0,0.060711246438138966,0.5,0
unique_rows,43,Stacking,56,1,0.7323340703299823,0.5,1
unique_rows,43,Stacking,380,0,0.06526739082038482,0.5,0
unique_rows,43,Stacking,389,1,0.49645880636506895,0.5,0
unique_rows,43,Stacking,309,1,0.8767502760689629,0.5,1
unique_rows,43,Stacking,119,1,0.9171343202973462,0.5,1
unique_rows,43,Stacking,332,1,0.6011648983893707,0.5,1
unique_rows,43,Stacking,154,0,0.06661115714648076,0.5,0
unique_rows,43,Stacking,21,1,0.776199256363572,0.5,1
unique_rows,43,Stacking,224,1,0.8102355089116045,0.5,1
unique_rows,43,Stacking,125,1,0.9290391271261148,0.5,1
unique_rows,43,Stacking,438,1,0.9258928011557406,0.5,1
unique_rows,43,Stacking,190,1,0.9017308815514825,0.5,1
unique_rows,43,Stacking,237,0,0.8371910895172,0.5,1
unique_rows,43,Stacking,323,0,0.11917820934986639,0.5,0
unique_rows,43,Stacking,233,1,0.9262166505736629,0.5,1
unique_rows,43,Stacking,145,0,0.08901090396135762,0.5,0
unique_rows,43,Stacking,106,0,0.2578244211548538,0.5,0
unique_rows,43,Stacking,843,0,0.700897503457466,0.5,1
unique_rows,43,OneHot LR,376,1,0.9285531255882227,0.5,1
unique_rows,43,OneHot LR,122,0,0.0022319730105212748,0.5,0
unique_rows,43,OneHot LR,35,0,0.6423723122791056,0.5,1
unique_rows,43,OneHot LR,353,1,0.29349708340533137,0.5,0
unique_rows,43,OneHot LR,451,1,0.978891021678196,0.5,1
unique_rows,43,OneHot LR,367,0,0.9052550799430674,0.5,1
unique_rows,43,OneHot LR,288,1,0.9961634750078504,0.5,1
unique_rows,43,OneHot LR,108,0,0.7068056750260914,0.5,1
unique_rows,43,OneHot LR,46,1,0.7971483398660132,0.5,1
unique_rows,43,OneHot LR,304,1,0.9761605697096654,0.5,1
unique_rows,43,OneHot LR,70,0,0.022548516017011144,0.5,0
unique_rows,43,OneHot LR,147,0,0.6697178969595323,0.5,1
unique_rows,43,OneHot LR,232,0,0.006474953912550418,0.5,0
unique_rows,43,OneHot LR,369,1,0.9592558251352558,0.5,1
unique_rows,43,OneHot LR,71,0,0.017444368154779982,0.5,0
unique_rows,43,OneHot LR,570,1,0.9952050210296813,0.5,1
unique_rows,43,OneHot LR,205,1,0.31973711070812866,0.5,0
unique_rows,43,OneHot LR,111,1,0.11213134121431075,0.5,0
unique_rows,43,OneHot LR,321,1,0.9879053140184899,0.5,1
unique_rows,43,OneHot LR,69,0,0.03715849666866313,0.5,0
unique_rows,43,OneHot LR,98,0,0.22964560705907974,0.5,0
unique_rows,43,OneHot LR,215,1,0.9687508620119197,0.5,1
unique_rows,43,OneHot LR,36,1,0.12513973704781345,0.5,0
unique_rows,43,OneHot LR,342,1,0.9850857514255111,0.5,1
unique_rows,43,OneHot LR,300,1,0.996876389317614,0.5,1
unique_rows,43,OneHot LR,179,0,0.013835284765798763,0.5,0
unique_rows,43,OneHot LR,254,0,0.09591521480914479,0.5,0
unique_rows,43,OneHot LR,616,1,0.776387271277593,0.5,1
unique_rows,43,OneHot LR,177,0,0.015783820375457,0.5,0
unique_rows,43,OneHot LR,460,0,0.16382298953204907,0.5,0
unique_rows,43,OneHot LR,28,0,0.14145246092193411,0.5,0
unique_rows,43,OneHot LR,107,0,0.04946517441411813,0.5,0
unique_rows,43,OneHot LR,373,0,0.8111879351469595,0.5,1
unique_rows,43,OneHot LR,239,0,0.6610794930753502,0.5,1
unique_rows,43,OneHot LR,528,1,0.12469184441764054,0.5,0
unique_rows,43,OneHot LR,151,0,0.2753886095769138,0.5,0
unique_rows,43,OneHot LR,269,1,0.922092773987119,0.5,1
unique_rows,43,OneHot LR,52,1,0.9370388668173776,0.5,1
unique_rows,43,OneHot LR,193,1,0.17126708421041667,0.5,0
unique_rows,43,OneHot LR,292,1,0.6726512415725201,0.5,1
unique_rows,43,OneHot LR,4,0,0.25220731170302874,0.5,0
unique_rows,43,OneHot LR,708,1,0.985827390330963,0.5,1
unique_rows,43,OneHot LR,479,0,0.010346018668264343,0.5,0
unique_rows,43,OneHot LR,56,1,0.5555415464599357,0.5,1
unique_rows,43,OneHot LR,380,0,0.01249394050729144,0.5,0
unique_rows,43,OneHot LR,389,1,0.6728174786249413,0.5,1
unique_rows,43,OneHot LR,309,1,0.9168576856446639,0.5,1
unique_rows,43,OneHot LR,119,1,0.969269911834526,0.5,1
unique_rows,43,OneHot LR,332,1,0.9143780814648658,0.5,1
unique_rows,43,OneHot LR,154,0,0.0286600477534763,0.5,0
unique_rows,43,OneHot LR,21,1,0.7448186252026857,0.5,1
unique_rows,43,OneHot LR,224,1,0.685275408377628,0.5,1
unique_rows,43,OneHot LR,125,1,0.9855232158648248,0.5,1
unique_rows,43,OneHot LR,438,1,0.9832028663654743,0.5,1
unique_rows,43,OneHot LR,190,1,0.9873931399329996,0.5,1
unique_rows,43,OneHot LR,237,0,0.8850769675935439,0.5,1
unique_rows,43,OneHot LR,323,0,0.14549366818224155,0.5,0
unique_rows,43,OneHot LR,233,1,0.9912916874172785,0.5,1
unique_rows,43,OneHot LR,145,0,0.04424663166987297,0.5,0
unique_rows,43,OneHot LR,106,0,0.35077497941347724,0.5,0
unique_rows,43,OneHot LR,843,0,0.726787570981442,0.5,1
unique_rows,43,Proposed,376,1,0.9285531255882227,0.25,1
unique_rows,43,Proposed,122,0,0.0022319730105212748,0.25,0
unique_rows,43,Proposed,35,0,0.6423723122791056,0.25,1
unique_rows,43,Proposed,353,1,0.29349708340533137,0.25,1
unique_rows,43,Proposed,451,1,0.978891021678196,0.25,1
unique_rows,43,Proposed,367,0,0.9052550799430674,0.25,1
unique_rows,43,Proposed,288,1,0.9961634750078504,0.25,1
unique_rows,43,Proposed,108,0,0.7068056750260914,0.25,1
unique_rows,43,Proposed,46,1,0.7971483398660132,0.25,1
unique_rows,43,Proposed,304,1,0.9761605697096654,0.25,1
unique_rows,43,Proposed,70,0,0.022548516017011144,0.25,0
unique_rows,43,Proposed,147,0,0.6697178969595323,0.25,1
unique_rows,43,Proposed,232,0,0.006474953912550418,0.25,0
unique_rows,43,Proposed,369,1,0.9592558251352558,0.25,1
unique_rows,43,Proposed,71,0,0.017444368154779982,0.25,0
unique_rows,43,Proposed,570,1,0.9952050210296813,0.25,1
unique_rows,43,Proposed,205,1,0.31973711070812866,0.25,1
unique_rows,43,Proposed,111,1,0.11213134121431075,0.25,0
unique_rows,43,Proposed,321,1,0.9879053140184899,0.25,1
unique_rows,43,Proposed,69,0,0.03715849666866313,0.25,0
unique_rows,43,Proposed,98,0,0.22964560705907974,0.25,0
unique_rows,43,Proposed,215,1,0.9687508620119197,0.25,1
unique_rows,43,Proposed,36,1,0.12513973704781345,0.25,0
unique_rows,43,Proposed,342,1,0.9850857514255111,0.25,1
unique_rows,43,Proposed,300,1,0.996876389317614,0.25,1
unique_rows,43,Proposed,179,0,0.013835284765798763,0.25,0
unique_rows,43,Proposed,254,0,0.09591521480914479,0.25,0
unique_rows,43,Proposed,616,1,0.776387271277593,0.25,1
unique_rows,43,Proposed,177,0,0.015783820375457,0.25,0
unique_rows,43,Proposed,460,0,0.16382298953204907,0.25,0
unique_rows,43,Proposed,28,0,0.14145246092193411,0.25,0
unique_rows,43,Proposed,107,0,0.04946517441411813,0.25,0
unique_rows,43,Proposed,373,0,0.8111879351469595,0.25,1
unique_rows,43,Proposed,239,0,0.6610794930753502,0.25,1
unique_rows,43,Proposed,528,1,0.12469184441764054,0.25,0
unique_rows,43,Proposed,151,0,0.2753886095769138,0.25,1
unique_rows,43,Proposed,269,1,0.922092773987119,0.25,1
unique_rows,43,Proposed,52,1,0.9370388668173776,0.25,1
unique_rows,43,Proposed,193,1,0.17126708421041667,0.25,0
unique_rows,43,Proposed,292,1,0.6726512415725201,0.25,1
unique_rows,43,Proposed,4,0,0.25220731170302874,0.25,1
unique_rows,43,Proposed,708,1,0.985827390330963,0.25,1
unique_rows,43,Proposed,479,0,0.010346018668264343,0.25,0
unique_rows,43,Proposed,56,1,0.5555415464599357,0.25,1
unique_rows,43,Proposed,380,0,0.01249394050729144,0.25,0
unique_rows,43,Proposed,389,1,0.6728174786249413,0.25,1
unique_rows,43,Proposed,309,1,0.9168576856446639,0.25,1
unique_rows,43,Proposed,119,1,0.969269911834526,0.25,1
unique_rows,43,Proposed,332,1,0.9143780814648658,0.25,1
unique_rows,43,Proposed,154,0,0.0286600477534763,0.25,0
unique_rows,43,Proposed,21,1,0.7448186252026857,0.25,1
unique_rows,43,Proposed,224,1,0.685275408377628,0.25,1
unique_rows,43,Proposed,125,1,0.9855232158648248,0.25,1
unique_rows,43,Proposed,438,1,0.9832028663654743,0.25,1
unique_rows,43,Proposed,190,1,0.9873931399329996,0.25,1
unique_rows,43,Proposed,237,0,0.8850769675935439,0.25,1
unique_rows,43,Proposed,323,0,0.14549366818224155,0.25,0
unique_rows,43,Proposed,233,1,0.9912916874172785,0.25,1
unique_rows,43,Proposed,145,0,0.04424663166987297,0.25,0
unique_rows,43,Proposed,106,0,0.35077497941347724,0.25,1
unique_rows,43,Proposed,843,0,0.726787570981442,0.25,1
unique_rows,44,LR,225,1,0.6097355903391224,0.5,1
unique_rows,44,LR,175,0,0.0027852459737774636,0.5,0
unique_rows,44,LR,437,0,0.008060310935584123,0.5,0
unique_rows,44,LR,276,1,0.3797989516053894,0.5,0
unique_rows,44,LR,131,1,0.9557565526854214,0.5,1
unique_rows,44,LR,66,1,0.7434278402334401,0.5,1
unique_rows,44,LR,288,1,0.9879602217982029,0.5,1
unique_rows,44,LR,374,1,0.6492639191924073,0.5,1
unique_rows,44,LR,216,0,0.02863674874340907,0.5,0
unique_rows,44,LR,633,0,0.01691603044508501,0.5,0
unique_rows,44,LR,425,0,0.2752175154626117,0.5,0
unique_rows,44,LR,117,0,0.031337691113254816,0.5,0
unique_rows,44,LR,114,0,0.8101305187312152,0.5,1
unique_rows,44,LR,71,0,0.032881061064831574,0.5,0
unique_rows,44,LR,152,0,0.2062602502965001,0.5,0
unique_rows,44,LR,629,0,0.860899621743871,0.5,1
unique_rows,44,LR,184,1,0.8586345838602875,0.5,1
unique_rows,44,LR,227,1,0.930815471273599,0.5,1
unique_rows,44,LR,286,1,0.9109249629850209,0.5,1
unique_rows,44,LR,355,1,0.5255301209398799,0.5,1
unique_rows,44,LR,62,0,0.05870742469884182,0.5,0
unique_rows,44,LR,21,1,0.6920299283755461,0.5,1
unique_rows,44,LR,332,1,0.6426543503118893,0.5,1
unique_rows,44,LR,369,1,0.9074156038854172,0.5,1
unique_rows,44,LR,431,0,0.028876039684825026,0.5,0
unique_rows,44,LR,267,0,0.22274503852531422,0.5,0
unique_rows,44,LR,599,1,0.8657270700317886,0.5,1
unique_rows,44,LR,451,1,0.9322025707925757,0.5,1
unique_rows,44,LR,30,0,0.20153572312449144,0.5,0
unique_rows,44,LR,566,1,0.9014924970979866,0.5,1
unique_rows,44,LR,555,0,0.23257418074898606,0.5,0
unique_rows,44,LR,212,0,0.05070282796829022,0.5,0
unique_rows,44,LR,280,1,0.8960061440813931,0.5,1
unique_rows,44,LR,181,1,0.7192008715112315,0.5,1
unique_rows,44,LR,334,0,0.007869837550657559,0.5,0
unique_rows,44,LR,628,1,0.890055592369986,0.5,1
unique_rows,44,LR,218,0,0.011283992482635096,0.5,0
unique_rows,44,LR,691,1,0.802294204741314,0.5,1
unique_rows,44,LR,159,1,0.935175681936027,0.5,1
unique_rows,44,LR,96,1,0.7566717976515762,0.5,1
unique_rows,44,LR,366,0,0.3564610571416071,0.5,0
unique_rows,44,LR,63,1,0.8927611142662633,0.5,1
unique_rows,44,LR,643,1,0.4907720331930186,0.5,0
unique_rows,44,LR,231,1,0.8990591174109457,0.5,1
unique_rows,44,LR,10,1,0.6718004004772712,0.5,1
unique_rows,44,LR,333,1,0.953095923016144,0.5,1
unique_rows,44,LR,297,0,0.059139233578215857,0.5,0
unique_rows,44,LR,1,0,0.028408297443072043,0.5,0
unique_rows,44,LR,124,0,0.02009084420215636,0.5,0
unique_rows,44,LR,327,0,0.10708124761506256,0.5,0
unique_rows,44,LR,78,1,0.6930757369497854,0.5,1
unique_rows,44,LR,348,0,0.010132871514467115,0.5,0
unique_rows,44,LR,26,1,0.8909241317430322,0.5,1
unique_rows,44,LR,320,1,0.6963391792905747,0.5,1
unique_rows,44,LR,33,0,0.04239323027299986,0.5,0
unique_rows,44,LR,376,1,0.7347834999264277,0.5,1
unique_rows,44,LR,739,0,0.21332336057802817,0.5,0
unique_rows,44,LR,25,0,0.1760678530788684,0.5,0
unique_rows,44,LR,299,1,0.9142598000786331,0.5,1
unique_rows,44,LR,377,1,0.19987193886177365,0.5,0
unique_rows,44,LR,720,0,0.9356998704519369,0.5,1
unique_rows,44,DT,225,1,0.0,0.5,0
unique_rows,44,DT,175,0,0.0,0.5,0
unique_rows,44,DT,437,0,0.0,0.5,0
unique_rows,44,DT,276,1,1.0,0.5,1
unique_rows,44,DT,131,1,1.0,0.5,1
unique_rows,44,DT,66,1,1.0,0.5,1
unique_rows,44,DT,288,1,1.0,0.5,1
unique_rows,44,DT,374,1,1.0,0.5,1
unique_rows,44,DT,216,0,0.0,0.5,0
unique_rows,44,DT,633,0,0.0,0.5,0
unique_rows,44,DT,425,0,0.0,0.5,0
unique_rows,44,DT,117,0,0.0,0.5,0
unique_rows,44,DT,114,0,0.0,0.5,0
unique_rows,44,DT,71,0,0.0,0.5,0
unique_rows,44,DT,152,0,0.0,0.5,0
unique_rows,44,DT,629,0,1.0,0.5,1
unique_rows,44,DT,184,1,1.0,0.5,1
unique_rows,44,DT,227,1,1.0,0.5,1
unique_rows,44,DT,286,1,0.0,0.5,0
unique_rows,44,DT,355,1,1.0,0.5,1
unique_rows,44,DT,62,0,0.0,0.5,0
unique_rows,44,DT,21,1,0.0,0.5,0
unique_rows,44,DT,332,1,1.0,0.5,1
unique_rows,44,DT,369,1,1.0,0.5,1
unique_rows,44,DT,431,0,0.0,0.5,0
unique_rows,44,DT,267,0,1.0,0.5,1
unique_rows,44,DT,599,1,0.0,0.5,0
unique_rows,44,DT,451,1,1.0,0.5,1
unique_rows,44,DT,30,0,1.0,0.5,1
unique_rows,44,DT,566,1,1.0,0.5,1
unique_rows,44,DT,555,0,0.0,0.5,0
unique_rows,44,DT,212,0,0.0,0.5,0
unique_rows,44,DT,280,1,1.0,0.5,1
unique_rows,44,DT,181,1,1.0,0.5,1
unique_rows,44,DT,334,0,0.0,0.5,0
unique_rows,44,DT,628,1,1.0,0.5,1
unique_rows,44,DT,218,0,0.0,0.5,0
unique_rows,44,DT,691,1,1.0,0.5,1
unique_rows,44,DT,159,1,1.0,0.5,1
unique_rows,44,DT,96,1,0.0,0.5,0
unique_rows,44,DT,366,0,0.0,0.5,0
unique_rows,44,DT,63,1,0.0,0.5,0
unique_rows,44,DT,643,1,1.0,0.5,1
unique_rows,44,DT,231,1,1.0,0.5,1
unique_rows,44,DT,10,1,1.0,0.5,1
unique_rows,44,DT,333,1,1.0,0.5,1
unique_rows,44,DT,297,0,0.0,0.5,0
unique_rows,44,DT,1,0,0.0,0.5,0
unique_rows,44,DT,124,0,0.0,0.5,0
unique_rows,44,DT,327,0,0.0,0.5,0
unique_rows,44,DT,78,1,1.0,0.5,1
unique_rows,44,DT,348,0,1.0,0.5,1
unique_rows,44,DT,26,1,1.0,0.5,1
unique_rows,44,DT,320,1,1.0,0.5,1
unique_rows,44,DT,33,0,0.0,0.5,0
unique_rows,44,DT,376,1,0.0,0.5,0
unique_rows,44,DT,739,0,0.0,0.5,0
unique_rows,44,DT,25,0,0.0,0.5,0
unique_rows,44,DT,299,1,1.0,0.5,1
unique_rows,44,DT,377,1,0.0,0.5,0
unique_rows,44,DT,720,0,1.0,0.5,1
unique_rows,44,RF,225,1,0.62,0.5,1
unique_rows,44,RF,175,0,0.03,0.5,0
unique_rows,44,RF,437,0,0.03,0.5,0
unique_rows,44,RF,276,1,0.45,0.5,0
unique_rows,44,RF,131,1,0.96,0.5,1
unique_rows,44,RF,66,1,0.78,0.5,1
unique_rows,44,RF,288,1,0.86,0.5,1
unique_rows,44,RF,374,1,0.73,0.5,1
unique_rows,44,RF,216,0,0.08,0.5,0
unique_rows,44,RF,633,0,0.06,0.5,0
unique_rows,44,RF,425,0,0.13,0.5,0
unique_rows,44,RF,117,0,0.03,0.5,0
unique_rows,44,RF,114,0,0.39,0.5,0
unique_rows,44,RF,71,0,0.05,0.5,0
unique_rows,44,RF,152,0,0.23,0.5,0
unique_rows,44,RF,629,0,0.65,0.5,1
unique_rows,44,RF,184,1,0.92,0.5,1
unique_rows,44,RF,227,1,0.76,0.5,1
unique_rows,44,RF,286,1,0.61,0.5,1
unique_rows,44,RF,355,1,0.76,0.5,1
unique_rows,44,RF,62,0,0.25,0.5,0
unique_rows,44,RF,21,1,0.5,0.5,1
unique_rows,44,RF,332,1,0.57,0.5,1
unique_rows,44,RF,369,1,0.77,0.5,1
unique_rows,44,RF,431,0,0.14,0.5,0
unique_rows,44,RF,267,0,0.68,0.5,1
unique_rows,44,RF,599,1,0.67,0.5,1
unique_rows,44,RF,451,1,0.96,0.5,1
unique_rows,44,RF,30,0,0.44,0.5,0
unique_rows,44,RF,566,1,0.87,0.5,1
unique_rows,44,RF,555,0,0.41,0.5,0
unique_rows,44,RF,212,0,0.15,0.5,0
unique_rows,44,RF,280,1,0.93,0.5,1
unique_rows,44,RF,181,1,0.6,0.5,1
unique_rows,44,RF,334,0,0.02,0.5,0
unique_rows,44,RF,628,1,0.59,0.5,1
unique_rows,44,RF,218,0,0.01,0.5,0
unique_rows,44,RF,691,1,0.89,0.5,1
unique_rows,44,RF,159,1,0.95,0.5,1
unique_rows,44,RF,96,1,0.27,0.5,0
unique_rows,44,RF,366,0,0.29,0.5,0
unique_rows,44,RF,63,1,0.81,0.5,1
unique_rows,44,RF,643,1,0.45,0.5,0
unique_rows,44,RF,231,1,0.92,0.5,1
unique_rows,44,RF,10,1,0.74,0.5,1
unique_rows,44,RF,333,1,0.91,0.5,1
unique_rows,44,RF,297,0,0.26,0.5,0
unique_rows,44,RF,1,0,0.15,0.5,0
unique_rows,44,RF,124,0,0.02,0.5,0
unique_rows,44,RF,327,0,0.06,0.5,0
unique_rows,44,RF,78,1,0.61,0.5,1
unique_rows,44,RF,348,0,0.28,0.5,0
unique_rows,44,RF,26,1,0.92,0.5,1
unique_rows,44,RF,320,1,0.83,0.5,1
unique_rows,44,RF,33,0,0.21,0.5,0
unique_rows,44,RF,376,1,0.82,0.5,1
unique_rows,44,RF,739,0,0.2,0.5,0
unique_rows,44,RF,25,0,0.14,0.5,0
unique_rows,44,RF,299,1,0.92,0.5,1
unique_rows,44,RF,377,1,0.1,0.5,0
unique_rows,44,RF,720,0,0.82,0.5,1
unique_rows,44,XGB,225,1,0.9301706552505493,0.5,1
unique_rows,44,XGB,175,0,0.0002545541210565716,0.5,0
unique_rows,44,XGB,437,0,0.0015978241572156549,0.5,0
unique_rows,44,XGB,276,1,0.6287593245506287,0.5,1
unique_rows,44,XGB,131,1,0.9967871904373169,0.5,1
unique_rows,44,XGB,66,1,0.9793421626091003,0.5,1
unique_rows,44,XGB,288,1,0.9667002558708191,0.5,1
unique_rows,44,XGB,374,1,0.9792978763580322,0.5,1
unique_rows,44,XGB,216,0,0.0018921573646366596,0.5,0
unique_rows,44,XGB,633,0,0.000316163117531687,0.5,0
unique_rows,44,XGB,425,0,0.002416403964161873,0.5,0
unique_rows,44,XGB,117,0,0.003432511119171977,0.5,0
unique_rows,44,XGB,114,0,0.2934061884880066,0.5,0
unique_rows,44,XGB,71,0,0.0005973948864266276,0.5,0
unique_rows,44,XGB,152,0,0.0013365657068789005,0.5,0
unique_rows,44,XGB,629,0,0.9753672480583191,0.5,1
unique_rows,44,XGB,184,1,0.9607475996017456,0.5,1
unique_rows,44,XGB,227,1,0.8366604447364807,0.5,1
unique_rows,44,XGB,286,1,0.9442380666732788,0.5,1
unique_rows,44,XGB,355,1,0.637290358543396,0.5,1
unique_rows,44,XGB,62,0,0.007128404453396797,0.5,0
unique_rows,44,XGB,21,1,0.39789509773254395,0.5,0
unique_rows,44,XGB,332,1,0.929156482219696,0.5,1
unique_rows,44,XGB,369,1,0.9815312623977661,0.5,1
unique_rows,44,XGB,431,0,0.005640122108161449,0.5,0
unique_rows,44,XGB,267,0,0.9772920608520508,0.5,1
unique_rows,44,XGB,599,1,0.8546404242515564,0.5,1
unique_rows,44,XGB,451,1,0.9972802400588989,0.5,1
unique_rows,44,XGB,30,0,0.5235644578933716,0.5,1
unique_rows,44,XGB,566,1,0.9724055528640747,0.5,1
unique_rows,44,XGB,555,0,0.7420622110366821,0.5,1
unique_rows,44,XGB,212,0,0.009887228719890118,0.5,0
unique_rows,44,XGB,280,1,0.9987333416938782,0.5,1
unique_rows,44,XGB,181,1,0.967927873134613,0.5,1
unique_rows,44,XGB,334,0,0.0001897440233733505,0.5,0
unique_rows,44,XGB,628,1,0.8788037300109863,0.5,1
unique_rows,44,XGB,218,0,0.0002695079310797155,0.5,0
unique_rows,44,XGB,691,1,0.9987530708312988,0.5,1
unique_rows,44,XGB,159,1,0.9992731213569641,0.5,1
unique_rows,44,XGB,96,1,0.0018979088636115193,0.5,0
unique_rows,44,XGB,366,0,0.09709358960390091,0.5,0
unique_rows,44,XGB,63,1,0.9786558151245117,0.5,1
unique_rows,44,XGB,643,1,0.9159054160118103,0.5,1
unique_rows,44,XGB,231,1,0.9969550371170044,0.5,1
unique_rows,44,XGB,10,1,0.9556264281272888,0.5,1
unique_rows,44,XGB,333,1,0.9940376281738281,0.5,1
unique_rows,44,XGB,297,0,0.10677404701709747,0.5,0
unique_rows,44,XGB,1,0,0.0055476464331150055,0.5,0
unique_rows,44,XGB,124,0,0.0010067976545542479,0.5,0
unique_rows,44,XGB,327,0,0.008004384115338326,0.5,0
unique_rows,44,XGB,78,1,0.5934950113296509,0.5,1
unique_rows,44,XGB,348,0,0.043034542351961136,0.5,0
unique_rows,44,XGB,26,1,0.997614860534668,0.5,1
unique_rows,44,XGB,320,1,0.9970656037330627,0.5,1
unique_rows,44,XGB,33,0,0.0423903651535511,0.5,0
unique_rows,44,XGB,376,1,0.9710175395011902,0.5,1
unique_rows,44,XGB,739,0,0.19904910027980804,0.5,0
unique_rows,44,XGB,25,0,0.019483784213662148,0.5,0
unique_rows,44,XGB,299,1,0.997337281703949,0.5,1
unique_rows,44,XGB,377,1,0.007568450644612312,0.5,0
unique_rows,44,XGB,720,0,0.9908607006072998,0.5,1
unique_rows,44,NB,225,1,0.8581920596283592,0.5,1
unique_rows,44,NB,175,0,2.5453007196178666e-08,0.5,0
unique_rows,44,NB,437,0,1.7387325275348002e-05,0.5,0
unique_rows,44,NB,276,1,0.18389098501035953,0.5,0
unique_rows,44,NB,131,1,0.9982625621401731,0.5,1
unique_rows,44,NB,66,1,0.8769845415739942,0.5,1
unique_rows,44,NB,288,1,0.999415927713537,0.5,1
unique_rows,44,NB,374,1,0.6240074836073303,0.5,1
unique_rows,44,NB,216,0,0.000779686684989847,0.5,0
unique_rows,44,NB,633,0,9.532750628154747e-06,0.5,0
unique_rows,44,NB,425,0,0.06623088078426007,0.5,0
unique_rows,44,NB,117,0,0.0005599257505652876,0.5,0
unique_rows,44,NB,114,0,0.33544903707642304,0.5,0
unique_rows,44,NB,71,0,0.0020904903640212476,0.5,0
unique_rows,44,NB,152,0,0.3051550852034157,0.5,0
unique_rows,44,NB,629,0,0.9630178545219668,0.5,1
unique_rows,44,NB,184,1,0.9922707679453874,0.5,1
unique_rows,44,NB,227,1,0.9957115191479866,0.5,1
unique_rows,44,NB,286,1,0.9787921262599456,0.5,1
unique_rows,44,NB,355,1,0.530550395214619,0.5,1
unique_rows,44,NB,62,0,0.0017610637080167845,0.5,0
unique_rows,44,NB,21,1,0.8759103345832732,0.5,1
unique_rows,44,NB,332,1,0.1705867501266712,0.5,0
unique_rows,44,NB,369,1,0.983744329029287,0.5,1
unique_rows,44,NB,431,0,0.00272830423322458,0.5,0
unique_rows,44,NB,267,0,0.012867418025995538,0.5,0
unique_rows,44,NB,599,1,0.9838639032060932,0.5,1
unique_rows,44,NB,451,1,0.993485372642523,0.5,1
unique_rows,44,NB,30,0,0.0012157746024099706,0.5,0
unique_rows,44,NB,566,1,0.9932192633768678,0.5,1
unique_rows,44,NB,555,0,0.15223602441692707,0.5,0
unique_rows,44,NB,212,0,0.004616668803368581,0.5,0
unique_rows,44,NB,280,1,0.9952945729315381,0.5,1
unique_rows,44,NB,181,1,0.2785372809013364,0.5,0
unique_rows,44,NB,334,0,3.700186721711004e-05,0.5,0
unique_rows,44,NB,628,1,0.9736135404339363,0.5,1
unique_rows,44,NB,218,0,0.000184525615836565,0.5,0
unique_rows,44,NB,691,1,0.9596542446283941,0.5,1
unique_rows,44,NB,159,1,0.9986472200829964,0.5,1
unique_rows,44,NB,96,1,0.9726298066452473,0.5,1
unique_rows,44,NB,366,0,0.11152201488006572,0.5,0
unique_rows,44,NB,63,1,0.9763851812463297,0.5,1
unique_rows,44,NB,643,1,0.7060402833338234,0.5,1
unique_rows,44,NB,231,1,0.9890511409689937,0.5,1
unique_rows,44,NB,10,1,0.7674971944365828,0.5,1
unique_rows,44,NB,333,1,0.9903227891314279,0.5,1
unique_rows,44,NB,297,0,0.0038357045863606945,0.5,0
unique_rows,44,NB,1,0,5.5745402772196294e-05,0.5,0
unique_rows,44,NB,124,0,5.196381925695229e-06,0.5,0
unique_rows,44,NB,327,0,0.0019933955696479332,0.5,0
unique_rows,44,NB,78,1,0.9623304945953077,0.5,1
unique_rows,44,NB,348,0,6.615256952274071e-05,0.5,0
unique_rows,44,NB,26,1,0.9650026098462652,0.5,1
unique_rows,44,NB,320,1,0.9293591690416906,0.5,1
unique_rows,44,NB,33,0,5.493138137645115e-05,0.5,0
unique_rows,44,NB,376,1,0.6723568184307863,0.5,1
unique_rows,44,NB,739,0,0.0811913323196991,0.5,0
unique_rows,44,NB,25,0,0.03464904793782557,0.5,0
unique_rows,44,NB,299,1,0.9919475465693027,0.5,1
unique_rows,44,NB,377,1,0.053553746965562615,0.5,0
unique_rows,44,NB,720,0,0.9920417888091335,0.5,1
unique_rows,44,KNN,225,1,0.6,0.5,1
unique_rows,44,KNN,175,0,0.0,0.5,0
unique_rows,44,KNN,437,0,0.0,0.5,0
unique_rows,44,KNN,276,1,0.2,0.5,0
unique_rows,44,KNN,131,1,1.0,0.5,1
unique_rows,44,KNN,66,1,1.0,0.5,1
unique_rows,44,KNN,288,1,1.0,0.5,1
unique_rows,44,KNN,374,1,1.0,0.5,1
unique_rows,44,KNN,216,0,0.0,0.5,0
unique_rows,44,KNN,633,0,0.0,0.5,0
unique_rows,44,KNN,425,0,0.2,0.5,0
unique_rows,44,KNN,117,0,0.2,0.5,0
unique_rows,44,KNN,114,0,0.6,0.5,1
unique_rows,44,KNN,71,0,0.2,0.5,0
unique_rows,44,KNN,152,0,0.4,0.5,0
unique_rows,44,KNN,629,0,1.0,0.5,1
unique_rows,44,KNN,184,1,0.8,0.5,1
unique_rows,44,KNN,227,1,1.0,0.5,1
unique_rows,44,KNN,286,1,0.8,0.5,1
unique_rows,44,KNN,355,1,0.6,0.5,1
unique_rows,44,KNN,62,0,0.0,0.5,0
unique_rows,44,KNN,21,1,0.6,0.5,1
unique_rows,44,KNN,332,1,0.4,0.5,0
unique_rows,44,KNN,369,1,0.8,0.5,1
unique_rows,44,KNN,431,0,0.0,0.5,0
unique_rows,44,KNN,267,0,0.4,0.5,0
unique_rows,44,KNN,599,1,0.8,0.5,1
unique_rows,44,KNN,451,1,1.0,0.5,1
unique_rows,44,KNN,30,0,0.6,0.5,1
unique_rows,44,KNN,566,1,0.8,0.5,1
unique_rows,44,KNN,555,0,0.6,0.5,1
unique_rows,44,KNN,212,0,0.0,0.5,0
unique_rows,44,KNN,280,1,0.8,0.5,1
unique_rows,44,KNN,181,1,0.8,0.5,1
unique_rows,44,KNN,334,0,0.0,0.5,0
unique_rows,44,KNN,628,1,0.8,0.5,1
unique_rows,44,KNN,218,0,0.0,0.5,0
unique_rows,44,KNN,691,1,0.8,0.5,1
unique_rows,44,KNN,159,1,1.0,0.5,1
unique_rows,44,KNN,96,1,0.6,0.5,1
unique_rows,44,KNN,366,0,0.4,0.5,0
unique_rows,44,KNN,63,1,1.0,0.5,1
unique_rows,44,KNN,643,1,0.4,0.5,0
unique_rows,44,KNN,231,1,1.0,0.5,1
unique_rows,44,KNN,10,1,0.8,0.5,1
unique_rows,44,KNN,333,1,1.0,0.5,1
unique_rows,44,KNN,297,0,0.2,0.5,0
unique_rows,44,KNN,1,0,0.2,0.5,0
unique_rows,44,KNN,124,0,0.0,0.5,0
unique_rows,44,KNN,327,0,0.0,0.5,0
unique_rows,44,KNN,78,1,0.8,0.5,1
unique_rows,44,KNN,348,0,0.0,0.5,0
unique_rows,44,KNN,26,1,1.0,0.5,1
unique_rows,44,KNN,320,1,0.8,0.5,1
unique_rows,44,KNN,33,0,0.0,0.5,0
unique_rows,44,KNN,376,1,0.8,0.5,1
unique_rows,44,KNN,739,0,0.2,0.5,0
unique_rows,44,KNN,25,0,0.4,0.5,0
unique_rows,44,KNN,299,1,1.0,0.5,1
unique_rows,44,KNN,377,1,0.2,0.5,0
unique_rows,44,KNN,720,0,0.8,0.5,1
unique_rows,44,Stacking,225,1,0.7751494063297959,0.5,1
unique_rows,44,Stacking,175,0,0.068672228927896,0.5,0
unique_rows,44,Stacking,437,0,0.0692565854464652,0.5,0
unique_rows,44,Stacking,276,1,0.2859026767352124,0.5,0
unique_rows,44,Stacking,131,1,0.9172419391625358,0.5,1
unique_rows,44,Stacking,66,1,0.8572829484605855,0.5,1
unique_rows,44,Stacking,288,1,0.9103780063619695,0.5,1
unique_rows,44,Stacking,374,1,0.8019069574268808,0.5,1
unique_rows,44,Stacking,216,0,0.0747806027772155,0.5,0
unique_rows,44,Stacking,633,0,0.0720555120136067,0.5,0
unique_rows,44,Stacking,425,0,0.13895123159051928,0.5,0
unique_rows,44,Stacking,117,0,0.08825280167431584,0.5,0
unique_rows,44,Stacking,114,0,0.5500448500693796,0.5,1
unique_rows,44,Stacking,71,0,0.08997752213438369,0.5,0
unique_rows,44,Stacking,152,0,0.19765376765641432,0.5,0
unique_rows,44,Stacking,629,0,0.8693380721114352,0.5,1
unique_rows,44,Stacking,184,1,0.8758033795385458,0.5,1
unique_rows,44,Stacking,227,1,0.8800107137414692,0.5,1
unique_rows,44,Stacking,286,1,0.8813662077270943,0.5,1
unique_rows,44,Stacking,355,1,0.5895843249140363,0.5,1
unique_rows,44,Stacking,62,0,0.09201318701122703,0.5,0
unique_rows,44,Stacking,21,1,0.6662659070380884,0.5,1
unique_rows,44,Stacking,332,1,0.530372617985643,0.5,1
unique_rows,44,Stacking,369,1,0.8680383811117843,0.5,1
unique_rows,44,Stacking,431,0,0.07962392092379607,0.5,0
unique_rows,44,Stacking,267,0,0.38842838568405147,0.5,0
unique_rows,44,Stacking,599,1,0.8712716215224005,0.5,1
unique_rows,44,Stacking,451,1,0.9143367493629769,0.5,1
unique_rows,44,Stacking,30,0,0.2708509331969933,0.5,0
unique_rows,44,Stacking,566,1,0.8783456172133927,0.5,1
unique_rows,44,Stacking,555,0,0.4256217682003753,0.5,0
unique_rows,44,Stacking,212,0,0.08322270418449364,0.5,0
unique_rows,44,Stacking,280,1,0.886976248959016,0.5,1
unique_rows,44,Stacking,181,1,0.6997220031109009,0.5,1
unique_rows,44,Stacking,334,0,0.06848117279492441,0.5,0
unique_rows,44,Stacking,628,1,0.8258343680039505,0.5,1
unique_rows,44,Stacking,218,0,0.06815126755467955,0.5,0
unique_rows,44,Stacking,691,1,0.8645186101458682,0.5,1
unique_rows,44,Stacking,159,1,0.9143563281215986,0.5,1
unique_rows,44,Stacking,96,1,0.552812706055685,0.5,1
unique_rows,44,Stacking,366,0,0.23551177714776841,0.5,0
unique_rows,44,Stacking,63,1,0.9203356696529537,0.5,1
unique_rows,44,Stacking,643,1,0.5492293775515658,0.5,1
unique_rows,44,Stacking,231,1,0.906710863080259,0.5,1
unique_rows,44,Stacking,10,1,0.7869445524607285,0.5,1
unique_rows,44,Stacking,333,1,0.9121721983753909,0.5,1
unique_rows,44,Stacking,297,0,0.12501786124355535,0.5,0
unique_rows,44,Stacking,1,0,0.09856133268483248,0.5,0
unique_rows,44,Stacking,124,0,0.06967907077618604,0.5,0
unique_rows,44,Stacking,327,0,0.08206899101181368,0.5,0
unique_rows,44,Stacking,78,1,0.7276797137172191,0.5,1
unique_rows,44,Stacking,348,0,0.06797842273607858,0.5,0
unique_rows,44,Stacking,26,1,0.9040806429004008,0.5,1
unique_rows,44,Stacking,320,1,0.8334763070582538,0.5,1
unique_rows,44,Stacking,33,0,0.08955874852658997,0.5,0
unique_rows,44,Stacking,376,1,0.8513583683883487,0.5,1
unique_rows,44,Stacking,739,0,0.16465140426414832,0.5,0
unique_rows,44,Stacking,25,0,0.14941795199674746,0.5,0
unique_rows,44,Stacking,299,1,0.9087953357285528,0.5,1
unique_rows,44,Stacking,377,1,0.12241371768031263,0.5,0
unique_rows,44,Stacking,720,0,0.8800825084391329,0.5,1
unique_rows,44,OneHot LR,225,1,0.7117925317856327,0.5,1
unique_rows,44,OneHot LR,175,0,0.003808465265946284,0.5,0
unique_rows,44,OneHot LR,437,0,0.004047720153460245,0.5,0
unique_rows,44,OneHot LR,276,1,0.4944445375941127,0.5,0
unique_rows,44,OneHot LR,131,1,0.9735419443478454,0.5,1
unique_rows,44,OneHot LR,66,1,0.9431348036463468,0.5,1
unique_rows,44,OneHot LR,288,1,0.9921446126967218,0.5,1
unique_rows,44,OneHot LR,374,1,0.8969750332645091,0.5,1
unique_rows,44,OneHot LR,216,0,0.013752204426319005,0.5,0
unique_rows,44,OneHot LR,633,0,0.016252518067597494,0.5,0
unique_rows,44,OneHot LR,425,0,0.2534662392157335,0.5,0
unique_rows,44,OneHot LR,117,0,0.04078653300887101,0.5,0
unique_rows,44,OneHot LR,114,0,0.5904637833189305,0.5,1
unique_rows,44,OneHot LR,71,0,0.026812586414189817,0.5,0
unique_rows,44,OneHot LR,152,0,0.08241510108545227,0.5,0
unique_rows,44,OneHot LR,629,0,0.6617504930115253,0.5,1
unique_rows,44,OneHot LR,184,1,0.9053308575140174,0.5,1
unique_rows,44,OneHot LR,227,1,0.8168121822094705,0.5,1
unique_rows,44,OneHot LR,286,1,0.9311883415363362,0.5,1
unique_rows,44,OneHot LR,355,1,0.5621160412401344,0.5,1
unique_rows,44,OneHot LR,62,0,0.03741209916704343,0.5,0
unique_rows,44,OneHot LR,21,1,0.5372497760356962,0.5,1
unique_rows,44,OneHot LR,332,1,0.8756126689202873,0.5,1
unique_rows,44,OneHot LR,369,1,0.9566133183373643,0.5,1
unique_rows,44,OneHot LR,431,0,0.0426181224473749,0.5,0
unique_rows,44,OneHot LR,267,0,0.3605206948207376,0.5,0
unique_rows,44,OneHot LR,599,1,0.7426387769202816,0.5,1
unique_rows,44,OneHot LR,451,1,0.9234144313313347,0.5,1
unique_rows,44,OneHot LR,30,0,0.39398003532370707,0.5,0
unique_rows,44,OneHot LR,566,1,0.9274759630417474,0.5,1
unique_rows,44,OneHot LR,555,0,0.08454932721366047,0.5,0
unique_rows,44,OneHot LR,212,0,0.05351981336577798,0.5,0
unique_rows,44,OneHot LR,280,1,0.8860288138210612,0.5,1
unique_rows,44,OneHot LR,181,1,0.7503000233001896,0.5,1
unique_rows,44,OneHot LR,334,0,0.0034988651058860164,0.5,0
unique_rows,44,OneHot LR,628,1,0.7078771485838963,0.5,1
unique_rows,44,OneHot LR,218,0,0.003608733673519931,0.5,0
unique_rows,44,OneHot LR,691,1,0.8249044111608602,0.5,1
unique_rows,44,OneHot LR,159,1,0.9543594203755777,0.5,1
unique_rows,44,OneHot LR,96,1,0.6224978613235582,0.5,1
unique_rows,44,OneHot LR,366,0,0.18946169343321018,0.5,0
unique_rows,44,OneHot LR,63,1,0.959437186310776,0.5,1
unique_rows,44,OneHot LR,643,1,0.6022257930859516,0.5,1
unique_rows,44,OneHot LR,231,1,0.9441221012645388,0.5,1
unique_rows,44,OneHot LR,10,1,0.7642738196127238,0.5,1
unique_rows,44,OneHot LR,333,1,0.9609946659069586,0.5,1
unique_rows,44,OneHot LR,297,0,0.11720290734766843,0.5,0
unique_rows,44,OneHot LR,1,0,0.13415393289205177,0.5,0
unique_rows,44,OneHot LR,124,0,0.011509512531800312,0.5,0
unique_rows,44,OneHot LR,327,0,0.03628759995087134,0.5,0
unique_rows,44,OneHot LR,78,1,0.6035261282908703,0.5,1
unique_rows,44,OneHot LR,348,0,0.10429308204351853,0.5,0
unique_rows,44,OneHot LR,26,1,0.9459331527230105,0.5,1
unique_rows,44,OneHot LR,320,1,0.7037675000067273,0.5,1
unique_rows,44,OneHot LR,33,0,0.031599426104194965,0.5,0
unique_rows,44,OneHot LR,376,1,0.8754526135908819,0.5,1
unique_rows,44,OneHot LR,739,0,0.12348630874325389,0.5,0
unique_rows,44,OneHot LR,25,0,0.1852996684722595,0.5,0
unique_rows,44,OneHot LR,299,1,0.9464793916996546,0.5,1
unique_rows,44,OneHot LR,377,1,0.08746692761963809,0.5,0
unique_rows,44,OneHot LR,720,0,0.9691717261742733,0.5,1
unique_rows,44,Proposed,225,1,0.7117925317856327,0.2,1
unique_rows,44,Proposed,175,0,0.003808465265946284,0.2,0
unique_rows,44,Proposed,437,0,0.004047720153460245,0.2,0
unique_rows,44,Proposed,276,1,0.4944445375941127,0.2,1
unique_rows,44,Proposed,131,1,0.9735419443478454,0.2,1
unique_rows,44,Proposed,66,1,0.9431348036463468,0.2,1
unique_rows,44,Proposed,288,1,0.9921446126967218,0.2,1
unique_rows,44,Proposed,374,1,0.8969750332645091,0.2,1
unique_rows,44,Proposed,216,0,0.013752204426319005,0.2,0
unique_rows,44,Proposed,633,0,0.016252518067597494,0.2,0
unique_rows,44,Proposed,425,0,0.2534662392157335,0.2,1
unique_rows,44,Proposed,117,0,0.04078653300887101,0.2,0
unique_rows,44,Proposed,114,0,0.5904637833189305,0.2,1
unique_rows,44,Proposed,71,0,0.026812586414189817,0.2,0
unique_rows,44,Proposed,152,0,0.08241510108545227,0.2,0
unique_rows,44,Proposed,629,0,0.6617504930115253,0.2,1
unique_rows,44,Proposed,184,1,0.9053308575140174,0.2,1
unique_rows,44,Proposed,227,1,0.8168121822094705,0.2,1
unique_rows,44,Proposed,286,1,0.9311883415363362,0.2,1
unique_rows,44,Proposed,355,1,0.5621160412401344,0.2,1
unique_rows,44,Proposed,62,0,0.03741209916704343,0.2,0
unique_rows,44,Proposed,21,1,0.5372497760356962,0.2,1
unique_rows,44,Proposed,332,1,0.8756126689202873,0.2,1
unique_rows,44,Proposed,369,1,0.9566133183373643,0.2,1
unique_rows,44,Proposed,431,0,0.0426181224473749,0.2,0
unique_rows,44,Proposed,267,0,0.3605206948207376,0.2,1
unique_rows,44,Proposed,599,1,0.7426387769202816,0.2,1
unique_rows,44,Proposed,451,1,0.9234144313313347,0.2,1
unique_rows,44,Proposed,30,0,0.39398003532370707,0.2,1
unique_rows,44,Proposed,566,1,0.9274759630417474,0.2,1
unique_rows,44,Proposed,555,0,0.08454932721366047,0.2,0
unique_rows,44,Proposed,212,0,0.05351981336577798,0.2,0
unique_rows,44,Proposed,280,1,0.8860288138210612,0.2,1
unique_rows,44,Proposed,181,1,0.7503000233001896,0.2,1
unique_rows,44,Proposed,334,0,0.0034988651058860164,0.2,0
unique_rows,44,Proposed,628,1,0.7078771485838963,0.2,1
unique_rows,44,Proposed,218,0,0.003608733673519931,0.2,0
unique_rows,44,Proposed,691,1,0.8249044111608602,0.2,1
unique_rows,44,Proposed,159,1,0.9543594203755777,0.2,1
unique_rows,44,Proposed,96,1,0.6224978613235582,0.2,1
unique_rows,44,Proposed,366,0,0.18946169343321018,0.2,0
unique_rows,44,Proposed,63,1,0.959437186310776,0.2,1
unique_rows,44,Proposed,643,1,0.6022257930859516,0.2,1
unique_rows,44,Proposed,231,1,0.9441221012645388,0.2,1
unique_rows,44,Proposed,10,1,0.7642738196127238,0.2,1
unique_rows,44,Proposed,333,1,0.9609946659069586,0.2,1
unique_rows,44,Proposed,297,0,0.11720290734766843,0.2,0
unique_rows,44,Proposed,1,0,0.13415393289205177,0.2,0
unique_rows,44,Proposed,124,0,0.011509512531800312,0.2,0
unique_rows,44,Proposed,327,0,0.03628759995087134,0.2,0
unique_rows,44,Proposed,78,1,0.6035261282908703,0.2,1
unique_rows,44,Proposed,348,0,0.10429308204351853,0.2,0
unique_rows,44,Proposed,26,1,0.9459331527230105,0.2,1
unique_rows,44,Proposed,320,1,0.7037675000067273,0.2,1
unique_rows,44,Proposed,33,0,0.031599426104194965,0.2,0
unique_rows,44,Proposed,376,1,0.8754526135908819,0.2,1
unique_rows,44,Proposed,739,0,0.12348630874325389,0.2,0
unique_rows,44,Proposed,25,0,0.1852996684722595,0.2,0
unique_rows,44,Proposed,299,1,0.9464793916996546,0.2,1
unique_rows,44,Proposed,377,1,0.08746692761963809,0.2,0
unique_rows,44,Proposed,720,0,0.9691717261742733,0.2,1
unique_rows,45,LR,47,0,0.10834669227121076,0.5,0
unique_rows,45,LR,694,0,0.22872776908124118,0.5,0
unique_rows,45,LR,536,1,0.9800851144354136,0.5,1
unique_rows,45,LR,473,1,0.7576278745598122,0.5,1
unique_rows,45,LR,528,1,0.025026600088669877,0.5,0
unique_rows,45,LR,69,0,0.00247767293280182,0.5,0
unique_rows,45,LR,17,0,0.003242645873760565,0.5,0
unique_rows,45,LR,197,1,0.9122925278087741,0.5,1
unique_rows,45,LR,533,1,0.9552665664034906,0.5,1
unique_rows,45,LR,426,1,0.9788459451584367,0.5,1
unique_rows,45,LR,616,1,0.7041644249169211,0.5,1
unique_rows,45,LR,156,1,0.7360650249554975,0.5,1
unique_rows,45,LR,147,0,0.7430035236126573,0.5,1
unique_rows,45,LR,38,1,0.01382755152733971,0.5,0
unique_rows,45,LR,292,1,0.35368261823843455,0.5,0
unique_rows,45,LR,479,0,0.002210362427759068,0.5,0
unique_rows,45,LR,96,1,0.9064052268452947,0.5,1
unique_rows,45,LR,97,0,0.0014010213792192971,0.5,0
unique_rows,45,LR,154,0,0.003974819156759772,0.5,0
unique_rows,45,LR,29,0,0.018268151170697987,0.5,0
unique_rows,45,LR,116,0,0.07568614404594241,0.5,0
unique_rows,45,LR,498,1,0.5810788857052575,0.5,1
unique_rows,45,LR,169,1,0.98223921033429,0.5,1
unique_rows,45,LR,102,1,0.8072960942466856,0.5,1
unique_rows,45,LR,171,0,0.005079592905335914,0.5,0
unique_rows,45,LR,65,0,0.5544189023426773,0.5,1
unique_rows,45,LR,27,0,0.8978866940918075,0.5,1
unique_rows,45,LR,256,1,0.9680905961518028,0.5,1
unique_rows,45,LR,170,1,0.5149559300666761,0.5,1
unique_rows,45,LR,210,1,0.9080135603915903,0.5,1
unique_rows,45,LR,337,1,0.547551895043637,0.5,1
unique_rows,45,LR,100,1,0.9932220773163335,0.5,1
unique_rows,45,LR,117,0,0.014113996424437869,0.5,0
unique_rows,45,LR,25,0,0.16981892628343379,0.5,0
unique_rows,45,LR,110,0,0.8683267235344131,0.5,1
unique_rows,45,LR,262,1,0.9171909243115676,0.5,1
unique_rows,45,LR,594,0,0.07744412738826824,0.5,0
unique_rows,45,LR,144,1,0.817863004006664,0.5,1
unique_rows,45,LR,331,0,0.5157484292764005,0.5,1
unique_rows,45,LR,429,0,0.9663753223658273,0.5,1
unique_rows,45,LR,75,1,0.8926662614861215,0.5,1
unique_rows,45,LR,549,1,0.6587428475904905,0.5,1
unique_rows,45,LR,878,0,0.05803162915017311,0.5,0
unique_rows,45,LR,708,1,0.9821987214893371,0.5,1
unique_rows,45,LR,437,0,0.004122117306043656,0.5,0
unique_rows,45,LR,332,1,0.5835759965119508,0.5,1
unique_rows,45,LR,449,0,0.7988405440300349,0.5,1
unique_rows,45,LR,59,0,0.65527291349997,0.5,1
unique_rows,45,LR,9,0,0.0026388989171313667,0.5,0
unique_rows,45,LR,78,1,0.7331902375907854,0.5,1
unique_rows,45,LR,50,1,0.9900711588836588,0.5,1
unique_rows,45,LR,36,1,0.3821872514279467,0.5,0
unique_rows,45,LR,68,1,0.9972018022221334,0.5,1
unique_rows,45,LR,232,0,0.007539710906876066,0.5,0
unique_rows,45,LR,269,1,0.9843900583548336,0.5,1
unique_rows,45,LR,111,1,0.03591254270455683,0.5,0
unique_rows,45,LR,95,1,0.6536056917837995,0.5,1
unique_rows,45,LR,300,1,0.9970010636814448,0.5,1
unique_rows,45,LR,629,0,0.8584063288848431,0.5,1
unique_rows,45,LR,367,0,0.6077432266592173,0.5,1
unique_rows,45,LR,291,0,0.001949182452249841,0.5,0
unique_rows,45,DT,47,0,0.0,0.5,0
unique_rows,45,DT,694,0,0.0,0.5,0
unique_rows,45,DT,536,1,1.0,0.5,1
unique_rows,45,DT,473,1,0.0,0.5,0
unique_rows,45,DT,528,1,1.0,0.5,1
unique_rows,45,DT,69,0,0.0,0.5,0
unique_rows,45,DT,17,0,0.0,0.5,0
unique_rows,45,DT,197,1,1.0,0.5,1
unique_rows,45,DT,533,1,1.0,0.5,1
unique_rows,45,DT,426,1,1.0,0.5,1
unique_rows,45,DT,616,1,1.0,0.5,1
unique_rows,45,DT,156,1,1.0,0.5,1
unique_rows,45,DT,147,0,1.0,0.5,1
unique_rows,45,DT,38,1,0.0,0.5,0
unique_rows,45,DT,292,1,1.0,0.5,1
unique_rows,45,DT,479,0,0.0,0.5,0
unique_rows,45,DT,96,1,0.0,0.5,0
unique_rows,45,DT,97,0,0.0,0.5,0
unique_rows,45,DT,154,0,0.0,0.5,0
unique_rows,45,DT,29,0,0.0,0.5,0
unique_rows,45,DT,116,0,0.0,0.5,0
unique_rows,45,DT,498,1,1.0,0.5,1
unique_rows,45,DT,169,1,1.0,0.5,1
unique_rows,45,DT,102,1,1.0,0.5,1
unique_rows,45,DT,171,0,0.0,0.5,0
unique_rows,45,DT,65,0,1.0,0.5,1
unique_rows,45,DT,27,0,1.0,0.5,1
unique_rows,45,DT,256,1,1.0,0.5,1
unique_rows,45,DT,170,1,1.0,0.5,1
unique_rows,45,DT,210,1,1.0,0.5,1
unique_rows,45,DT,337,1,1.0,0.5,1
unique_rows,45,DT,100,1,1.0,0.5,1
unique_rows,45,DT,117,0,0.0,0.5,0
unique_rows,45,DT,25,0,0.0,0.5,0
unique_rows,45,DT,110,0,0.0,0.5,0
unique_rows,45,DT,262,1,1.0,0.5,1
unique_rows,45,DT,594,0,0.0,0.5,0
unique_rows,45,DT,144,1,1.0,0.5,1
unique_rows,45,DT,331,0,1.0,0.5,1
unique_rows,45,DT,429,0,1.0,0.5,1
unique_rows,45,DT,75,1,1.0,0.5,1
unique_rows,45,DT,549,1,0.0,0.5,0
unique_rows,45,DT,878,0,0.0,0.5,0
unique_rows,45,DT,708,1,1.0,0.5,1
unique_rows,45,DT,437,0,0.0,0.5,0
unique_rows,45,DT,332,1,1.0,0.5,1
unique_rows,45,DT,449,0,0.0,0.5,0
unique_rows,45,DT,59,0,1.0,0.5,1
unique_rows,45,DT,9,0,0.0,0.5,0
unique_rows,45,DT,78,1,1.0,0.5,1
unique_rows,45,DT,50,1,1.0,0.5,1
unique_rows,45,DT,36,1,1.0,0.5,1
unique_rows,45,DT,68,1,1.0,0.5,1
unique_rows,45,DT,232,0,0.0,0.5,0
unique_rows,45,DT,269,1,1.0,0.5,1
unique_rows,45,DT,111,1,0.0,0.5,0
unique_rows,45,DT,95,1,1.0,0.5,1
unique_rows,45,DT,300,1,1.0,0.5,1
unique_rows,45,DT,629,0,0.0,0.5,0
unique_rows,45,DT,367,0,1.0,0.5,1
unique_rows,45,DT,291,0,0.0,0.5,0
unique_rows,45,RF,47,0,0.13,0.5,0
unique_rows,45,RF,694,0,0.2,0.5,0
unique_rows,45,RF,536,1,0.99,0.5,1
unique_rows,45,RF,473,1,0.85,0.5,1
unique_rows,45,RF,528,1,0.27,0.5,0
unique_rows,45,RF,69,0,0.13,0.5,0
unique_rows,45,RF,17,0,0.0,0.5,0
unique_rows,45,RF,197,1,0.9,0.5,1
unique_rows,45,RF,533,1,0.94,0.5,1
unique_rows,45,RF,426,1,0.83,0.5,1
unique_rows,45,RF,616,1,0.64,0.5,1
unique_rows,45,RF,156,1,0.62,0.5,1
unique_rows,45,RF,147,0,0.72,0.5,1
unique_rows,45,RF,38,1,0.01,0.5,0
unique_rows,45,RF,292,1,0.39,0.5,0
unique_rows,45,RF,479,0,0.01,0.5,0
unique_rows,45,RF,96,1,0.43,0.5,0
unique_rows,45,RF,97,0,0.0,0.5,0
unique_rows,45,RF,154,0,0.07,0.5,0
unique_rows,45,RF,29,0,0.23,0.5,0
unique_rows,45,RF,116,0,0.08,0.5,0
unique_rows,45,RF,498,1,0.68,0.5,1
unique_rows,45,RF,169,1,0.93,0.5,1
unique_rows,45,RF,102,1,0.74,0.5,1
unique_rows,45,RF,171,0,0.07,0.5,0
unique_rows,45,RF,65,0,0.63,0.5,1
unique_rows,45,RF,27,0,0.82,0.5,1
unique_rows,45,RF,256,1,0.72,0.5,1
unique_rows,45,RF,170,1,0.61,0.5,1
unique_rows,45,RF,210,1,0.64,0.5,1
unique_rows,45,RF,337,1,0.6,0.5,1
unique_rows,45,RF,100,1,1.0,0.5,1
unique_rows,45,RF,117,0,0.08,0.5,0
unique_rows,45,RF,25,0,0.16,0.5,0
unique_rows,45,RF,110,0,0.46,0.5,0
unique_rows,45,RF,262,1,0.87,0.5,1
unique_rows,45,RF,594,0,0.18,0.5,0
unique_rows,45,RF,144,1,0.81,0.5,1
unique_rows,45,RF,331,0,0.33,0.5,0
unique_rows,45,RF,429,0,0.96,0.5,1
unique_rows,45,RF,75,1,0.88,0.5,1
unique_rows,45,RF,549,1,0.37,0.5,0
unique_rows,45,RF,878,0,0.1,0.5,0
unique_rows,45,RF,708,1,0.75,0.5,1
unique_rows,45,RF,437,0,0.05,0.5,0
unique_rows,45,RF,332,1,0.5,0.5,1
unique_rows,45,RF,449,0,0.39,0.5,0
unique_rows,45,RF,59,0,0.66,0.5,1
unique_rows,45,RF,9,0,0.01,0.5,0
unique_rows,45,RF,78,1,0.65,0.5,1
unique_rows,45,RF,50,1,0.86,0.5,1
unique_rows,45,RF,36,1,0.4,0.5,0
unique_rows,45,RF,68,1,1.0,0.5,1
unique_rows,45,RF,232,0,0.0,0.5,0
unique_rows,45,RF,269,1,0.83,0.5,1
unique_rows,45,RF,111,1,0.23,0.5,0
unique_rows,45,RF,95,1,0.78,0.5,1
unique_rows,45,RF,300,1,1.0,0.5,1
unique_rows,45,RF,629,0,0.63,0.5,1
unique_rows,45,RF,367,0,0.68,0.5,1
unique_rows,45,RF,291,0,0.0,0.5,0
unique_rows,45,XGB,47,0,0.016964247450232506,0.5,0
unique_rows,45,XGB,694,0,0.015838254243135452,0.5,0
unique_rows,45,XGB,536,1,0.9990155696868896,0.5,1
unique_rows,45,XGB,473,1,0.9513713121414185,0.5,1
unique_rows,45,XGB,528,1,0.005775904282927513,0.5,0
unique_rows,45,XGB,69,0,0.005418762564659119,0.5,0
unique_rows,45,XGB,17,0,4.548605647869408e-05,0.5,0
unique_rows,45,XGB,197,1,0.9862711429595947,0.5,1
unique_rows,45,XGB,533,1,0.9990044236183167,0.5,1
unique_rows,45,XGB,426,1,0.9800876975059509,0.5,1
unique_rows,45,XGB,616,1,0.9599695801734924,0.5,1
unique_rows,45,XGB,156,1,0.8931369185447693,0.5,1
unique_rows,45,XGB,147,0,0.9293631911277771,0.5,1
unique_rows,45,XGB,38,1,0.0018353244522586465,0.5,0
unique_rows,45,XGB,292,1,0.06317710876464844,0.5,0
unique_rows,45,XGB,479,0,0.000884881941601634,0.5,0
unique_rows,45,XGB,96,1,0.05449589341878891,0.5,0
unique_rows,45,XGB,97,0,0.00021225640375632793,0.5,0
unique_rows,45,XGB,154,0,0.009517373517155647,0.5,0
unique_rows,45,XGB,29,0,0.1960667371749878,0.5,0
unique_rows,45,XGB,116,0,0.0007799184531904757,0.5,0
unique_rows,45,XGB,498,1,0.9408931136131287,0.5,1
unique_rows,45,XGB,169,1,0.9964174032211304,0.5,1
unique_rows,45,XGB,102,1,0.9611420035362244,0.5,1
unique_rows,45,XGB,171,0,0.0013352609239518642,0.5,0
unique_rows,45,XGB,65,0,0.0766395553946495,0.5,0
unique_rows,45,XGB,27,0,0.8372170329093933,0.5,1
unique_rows,45,XGB,256,1,0.9520384669303894,0.5,1
unique_rows,45,XGB,170,1,0.9560156464576721,0.5,1
unique_rows,45,XGB,210,1,0.844519317150116,0.5,1
unique_rows,45,XGB,337,1,0.14120273292064667,0.5,0
unique_rows,45,XGB,100,1,0.9992520213127136,0.5,1
unique_rows,45,XGB,117,0,0.0027561394963413477,0.5,0
unique_rows,45,XGB,25,0,0.004985740873962641,0.5,0
unique_rows,45,XGB,110,0,0.36827823519706726,0.5,0
unique_rows,45,XGB,262,1,0.9935421943664551,0.5,1
unique_rows,45,XGB,594,0,0.05219671130180359,0.5,0
unique_rows,45,XGB,144,1,0.9918096661567688,0.5,1
unique_rows,45,XGB,331,0,0.33073878288269043,0.5,0
unique_rows,45,XGB,429,0,0.999700665473938,0.5,1
unique_rows,45,XGB,75,1,0.9964750409126282,0.5,1
unique_rows,45,XGB,549,1,0.08924100548028946,0.5,0
unique_rows,45,XGB,878,0,0.0024971887469291687,0.5,0
unique_rows,45,XGB,708,1,0.9653285145759583,0.5,1
unique_rows,45,XGB,437,0,0.0006110327667556703,0.5,0
unique_rows,45,XGB,332,1,0.5534954071044922,0.5,1
unique_rows,45,XGB,449,0,0.46941807866096497,0.5,0
unique_rows,45,XGB,59,0,0.8028246760368347,0.5,1
unique_rows,45,XGB,9,0,0.0005844538100063801,0.5,0
unique_rows,45,XGB,78,1,0.5620459914207458,0.5,1
unique_rows,45,XGB,50,1,0.9811107516288757,0.5,1
unique_rows,45,XGB,36,1,0.3512846827507019,0.5,0
unique_rows,45,XGB,68,1,0.9995419979095459,0.5,1
unique_rows,45,XGB,232,0,4.49603539891541e-05,0.5,0
unique_rows,45,XGB,269,1,0.984281063079834,0.5,1
unique_rows,45,XGB,111,1,0.14391332864761353,0.5,0
unique_rows,45,XGB,95,1,0.9531269073486328,0.5,1
unique_rows,45,XGB,300,1,0.9994661211967468,0.5,1
unique_rows,45,XGB,629,0,0.4966346323490143,0.5,0
unique_rows,45,XGB,367,0,0.8388574719429016,0.5,1
unique_rows,45,XGB,291,0,4.518321293289773e-05,0.5,0
unique_rows,45,NB,47,0,0.0033955066292335866,0.5,0
unique_rows,45,NB,694,0,0.5385154922269114,0.5,1
unique_rows,45,NB,536,1,0.9958921345956008,0.5,1
unique_rows,45,NB,473,1,0.9480600682113344,0.5,1
unique_rows,45,NB,528,1,3.3026984211719357e-06,0.5,0
unique_rows,45,NB,69,0,9.085317215874576e-14,0.5,0
unique_rows,45,NB,17,0,1.960859761096836e-05,0.5,0
unique_rows,45,NB,197,1,0.9905160142548204,0.5,1
unique_rows,45,NB,533,1,0.9954867954944064,0.5,1
unique_rows,45,NB,426,1,0.9987686212234401,0.5,1
unique_rows,45,NB,616,1,0.9511344842959584,0.5,1
unique_rows,45,NB,156,1,0.8856624228323725,0.5,1
unique_rows,45,NB,147,0,0.9555958325636545,0.5,1
unique_rows,45,NB,38,1,0.00031521579085648646,0.5,0
unique_rows,45,NB,292,1,0.10877023675782681,0.5,0
unique_rows,45,NB,479,0,6.956086138022369e-06,0.5,0
unique_rows,45,NB,96,1,0.9893402401352235,0.5,1
unique_rows,45,NB,97,0,3.869760667864543e-06,0.5,0
unique_rows,45,NB,154,0,4.7757758993506774e-05,0.5,0
unique_rows,45,NB,29,0,1.3141164954164592e-05,0.5,0
unique_rows,45,NB,116,0,0.052399740831072045,0.5,0
unique_rows,45,NB,498,1,0.9306482975212894,0.5,1
unique_rows,45,NB,169,1,0.9972218101310873,0.5,1
unique_rows,45,NB,102,1,0.9508180897276223,0.5,1
unique_rows,45,NB,171,0,1.4923918030173113e-05,0.5,0
unique_rows,45,NB,65,0,0.8247406539002523,0.5,1
unique_rows,45,NB,27,0,0.9713544273434472,0.5,1
unique_rows,45,NB,256,1,0.9993322850716421,0.5,1
unique_rows,45,NB,170,1,0.950548706819193,0.5,1
unique_rows,45,NB,210,1,0.9041088116505143,0.5,1
unique_rows,45,NB,337,1,0.803755363564581,0.5,1
unique_rows,45,NB,100,1,0.9996475329376477,0.5,1
unique_rows,45,NB,117,0,0.00017609920362162063,0.5,0
unique_rows,45,NB,25,0,0.04044084303056201,0.5,0
unique_rows,45,NB,110,0,0.984538673250911,0.5,1
unique_rows,45,NB,262,1,0.9884667263394956,0.5,1
unique_rows,45,NB,594,0,0.004648799991261285,0.5,0
unique_rows,45,NB,144,1,0.9766429673493764,0.5,1
unique_rows,45,NB,331,0,0.05430434967630299,0.5,0
unique_rows,45,NB,429,0,0.9979408193716358,0.5,1
unique_rows,45,NB,75,1,0.9958842145857613,0.5,1
unique_rows,45,NB,549,1,0.8896597071581848,0.5,1
unique_rows,45,NB,878,0,0.01507406795324241,0.5,0
unique_rows,45,NB,708,1,0.9584027750799519,0.5,1
unique_rows,45,NB,437,0,7.927358198313378e-06,0.5,0
unique_rows,45,NB,332,1,0.05435539014763223,0.5,0
unique_rows,45,NB,449,0,0.9630635828626527,0.5,1
unique_rows,45,NB,59,0,0.9475689084571108,0.5,1
unique_rows,45,NB,9,0,1.8935353417675443e-06,0.5,0
unique_rows,45,NB,78,1,0.9775210987016647,0.5,1
unique_rows,45,NB,50,1,0.9991304544275253,0.5,1
unique_rows,45,NB,36,1,0.33126288505260226,0.5,0
unique_rows,45,NB,68,1,0.9999644411392242,0.5,1
unique_rows,45,NB,232,0,2.5958730624256314e-05,0.5,0
unique_rows,45,NB,269,1,0.9912217709747722,0.5,1
unique_rows,45,NB,111,1,0.003818561967100939,0.5,0
unique_rows,45,NB,95,1,0.666056759040351,0.5,1
unique_rows,45,NB,300,1,0.9997670221616926,0.5,1
unique_rows,45,NB,629,0,0.9280182755806408,0.5,1
unique_rows,45,NB,367,0,0.6295032174120135,0.5,1
unique_rows,45,NB,291,0,1.7246009148414579e-06,0.5,0
unique_rows,45,KNN,47,0,0.0,0.5,0
unique_rows,45,KNN,694,0,0.4,0.5,0
unique_rows,45,KNN,536,1,1.0,0.5,1
unique_rows,45,KNN,473,1,0.6,0.5,1
unique_rows,45,KNN,528,1,0.2,0.5,0
unique_rows,45,KNN,69,0,0.0,0.5,0
unique_rows,45,KNN,17,0,0.0,0.5,0
unique_rows,45,KNN,197,1,0.8,0.5,1
unique_rows,45,KNN,533,1,0.8,0.5,1
unique_rows,45,KNN,426,1,1.0,0.5,1
unique_rows,45,KNN,616,1,1.0,0.5,1
unique_rows,45,KNN,156,1,0.8,0.5,1
unique_rows,45,KNN,147,0,0.6,0.5,1
unique_rows,45,KNN,38,1,0.0,0.5,0
unique_rows,45,KNN,292,1,0.2,0.5,0
unique_rows,45,KNN,479,0,0.0,0.5,0
unique_rows,45,KNN,96,1,0.6,0.5,1
unique_rows,45,KNN,97,0,0.0,0.5,0
unique_rows,45,KNN,154,0,0.0,0.5,0
unique_rows,45,KNN,29,0,0.2,0.5,0
unique_rows,45,KNN,116,0,0.0,0.5,0
unique_rows,45,KNN,498,1,1.0,0.5,1
unique_rows,45,KNN,169,1,1.0,0.5,1
unique_rows,45,KNN,102,1,0.6,0.5,1
unique_rows,45,KNN,171,0,0.0,0.5,0
unique_rows,45,KNN,65,0,0.4,0.5,0
unique_rows,45,KNN,27,0,1.0,0.5,1
unique_rows,45,KNN,256,1,1.0,0.5,1
unique_rows,45,KNN,170,1,0.8,0.5,1
unique_rows,45,KNN,210,1,0.8,0.5,1
unique_rows,45,KNN,337,1,0.6,0.5,1
unique_rows,45,KNN,100,1,1.0,0.5,1
unique_rows,45,KNN,117,0,0.2,0.5,0
unique_rows,45,KNN,25,0,0.2,0.5,0
unique_rows,45,KNN,110,0,0.8,0.5,1
unique_rows,45,KNN,262,1,0.8,0.5,1
unique_rows,45,KNN,594,0,0.2,0.5,0
unique_rows,45,KNN,144,1,1.0,0.5,1
unique_rows,45,KNN,331,0,0.6,0.5,1
unique_rows,45,KNN,429,0,1.0,0.5,1
unique_rows,45,KNN,75,1,1.0,0.5,1
unique_rows,45,KNN,549,1,0.4,0.5,0
unique_rows,45,KNN,878,0,0.4,0.5,0
unique_rows,45,KNN,708,1,1.0,0.5,1
unique_rows,45,KNN,437,0,0.0,0.5,0
unique_rows,45,KNN,332,1,0.2,0.5,0
unique_rows,45,KNN,449,0,0.8,0.5,1
unique_rows,45,KNN,59,0,1.0,0.5,1
unique_rows,45,KNN,9,0,0.0,0.5,0
unique_rows,45,KNN,78,1,1.0,0.5,1
unique_rows,45,KNN,50,1,1.0,0.5,1
unique_rows,45,KNN,36,1,0.8,0.5,1
unique_rows,45,KNN,68,1,1.0,0.5,1
unique_rows,45,KNN,232,0,0.0,0.5,0
unique_rows,45,KNN,269,1,1.0,0.5,1
unique_rows,45,KNN,111,1,0.0,0.5,0
unique_rows,45,KNN,95,1,0.8,0.5,1
unique_rows,45,KNN,300,1,1.0,0.5,1
unique_rows,45,KNN,629,0,1.0,0.5,1
unique_rows,45,KNN,367,0,0.6,0.5,1
unique_rows,45,KNN,291,0,0.0,0.5,0
unique_rows,45,Stacking,47,0,0.06383446222804258,0.5,0
unique_rows,45,Stacking,694,0,0.1937395980604839,0.5,0
unique_rows,45,Stacking,536,1,0.9425716145847067,0.5,1
unique_rows,45,Stacking,473,1,0.8262579104742672,0.5,1
unique_rows,45,Stacking,528,1,0.0927763052499888,0.5,0
unique_rows,45,Stacking,69,0,0.05444675643853214,0.5,0
unique_rows,45,Stacking,17,0,0.04489448790819149,0.5,0
unique_rows,45,Stacking,197,1,0.904234024903381,0.5,1
unique_rows,45,Stacking,533,1,0.9155383214266306,0.5,1
unique_rows,45,Stacking,426,1,0.9268342233678237,0.5,1
unique_rows,45,Stacking,616,1,0.8565068337613534,0.5,1
unique_rows,45,Stacking,156,1,0.8045869726898687,0.5,1
unique_rows,45,Stacking,147,0,0.7944183650267882,0.5,1
unique_rows,45,Stacking,38,1,0.04631839230290387,0.5,0
unique_rows,45,Stacking,292,1,0.18419361904634607,0.5,0
unique_rows,45,Stacking,479,0,0.04551663591545514,0.5,0
unique_rows,45,Stacking,96,1,0.6424792272409818,0.5,1
unique_rows,45,Stacking,97,0,0.044779970569842106,0.5,0
unique_rows,45,Stacking,154,0,0.05010464463717058,0.5,0
unique_rows,45,Stacking,29,0,0.09503527587649378,0.5,0
unique_rows,45,Stacking,116,0,0.05796263373567446,0.5,0
unique_rows,45,Stacking,498,1,0.8370815683122087,0.5,1
unique_rows,45,Stacking,169,1,0.937494037536966,0.5,1
unique_rows,45,Stacking,102,1,0.8170516783267849,0.5,1
unique_rows,45,Stacking,171,0,0.0499322680365168,0.5,0
unique_rows,45,Stacking,65,0,0.4973626966422038,0.5,0
unique_rows,45,Stacking,27,0,0.9081159888942106,0.5,1
unique_rows,45,Stacking,256,1,0.9117674454646629,0.5,1
unique_rows,45,Stacking,170,1,0.7599907378748547,0.5,1
unique_rows,45,Stacking,210,1,0.8437300475203838,0.5,1
unique_rows,45,Stacking,337,1,0.5646061090186073,0.5,1
unique_rows,45,Stacking,100,1,0.9445919223690304,0.5,1
unique_rows,45,Stacking,117,0,0.06813121984041004,0.5,0
unique_rows,45,Stacking,25,0,0.09720417178634398,0.5,0
unique_rows,45,Stacking,110,0,0.7453334880746003,0.5,1
unique_rows,45,Stacking,262,1,0.9010995078042542,0.5,1
unique_rows,45,Stacking,594,0,0.08857153435558002,0.5,0
unique_rows,45,Stacking,144,1,0.9053561440538676,0.5,1
unique_rows,45,Stacking,331,0,0.3537880320197522,0.5,0
unique_rows,45,Stacking,429,0,0.938946242320936,0.5,1
unique_rows,45,Stacking,75,1,0.9237998680408236,0.5,1
unique_rows,45,Stacking,549,1,0.44377578228996944,0.5,0
unique_rows,45,Stacking,878,0,0.09898105871553708,0.5,0
unique_rows,45,Stacking,708,1,0.9155304177540958,0.5,1
unique_rows,45,Stacking,437,0,0.04839982195533509,0.5,0
unique_rows,45,Stacking,332,1,0.33299414395545535,0.5,0
unique_rows,45,Stacking,449,0,0.7133088876528024,0.5,1
unique_rows,45,Stacking,59,0,0.8375716696793044,0.5,1
unique_rows,45,Stacking,9,0,0.045536092721353144,0.5,0
unique_rows,45,Stacking,78,1,0.8331093768396856,0.5,1
unique_rows,45,Stacking,50,1,0.9310640436465902,0.5,1
unique_rows,45,Stacking,36,1,0.4526521258198744,0.5,0
unique_rows,45,Stacking,68,1,0.9449255810235284,0.5,1
unique_rows,45,Stacking,232,0,0.04517265740273515,0.5,0
unique_rows,45,Stacking,269,1,0.92722697635121,0.5,1
unique_rows,45,Stacking,111,1,0.07188459396336973,0.5,0
unique_rows,45,Stacking,95,1,0.8060385960665684,0.5,1
unique_rows,45,Stacking,300,1,0.9449001941020432,0.5,1
unique_rows,45,Stacking,629,0,0.8408878028359402,0.5,1
unique_rows,45,Stacking,367,0,0.6904367585846707,0.5,1
unique_rows,45,Stacking,291,0,0.0448105891963844,0.5,0
unique_rows,45,OneHot LR,47,0,0.06398110887727625,0.5,0
unique_rows,45,OneHot LR,694,0,0.2156302815168512,0.5,0
unique_rows,45,OneHot LR,536,1,0.9800771146029675,0.5,1
unique_rows,45,OneHot LR,473,1,0.8106043337806178,0.5,1
unique_rows,45,OneHot LR,528,1,0.04524045568083419,0.5,0
unique_rows,45,OneHot LR,69,0,0.009734194601065945,0.5,0
unique_rows,45,OneHot LR,17,0,0.0015036892640277293,0.5,0
unique_rows,45,OneHot LR,197,1,0.9305511271891032,0.5,1
unique_rows,45,OneHot LR,533,1,0.9537707474281785,0.5,1
unique_rows,45,OneHot LR,426,1,0.9173221310823089,0.5,1
unique_rows,45,OneHot LR,616,1,0.7489374884821418,0.5,1
unique_rows,45,OneHot LR,156,1,0.6187656704577971,0.5,1
unique_rows,45,OneHot LR,147,0,0.7209814559806309,0.5,1
unique_rows,45,OneHot LR,38,1,0.00620082910917818,0.5,0
unique_rows,45,OneHot LR,292,1,0.6571067225519541,0.5,1
unique_rows,45,OneHot LR,479,0,0.005625426512825174,0.5,0
unique_rows,45,OneHot LR,96,1,0.7212405999565115,0.5,1
unique_rows,45,OneHot LR,97,0,0.0012812715207183153,0.5,0
unique_rows,45,OneHot LR,154,0,0.019597721951771726,0.5,0
unique_rows,45,OneHot LR,29,0,0.02159957333652424,0.5,0
unique_rows,45,OneHot LR,116,0,0.02436964669160846,0.5,0
unique_rows,45,OneHot LR,498,1,0.7067645948317381,0.5,1
unique_rows,45,OneHot LR,169,1,0.9857103271077035,0.5,1
unique_rows,45,OneHot LR,102,1,0.8927010898227664,0.5,1
unique_rows,45,OneHot LR,171,0,0.03362445140625826,0.5,0
unique_rows,45,OneHot LR,65,0,0.3848862236344278,0.5,0
unique_rows,45,OneHot LR,27,0,0.9140700497666657,0.5,1
unique_rows,45,OneHot LR,256,1,0.9575321459837427,0.5,1
unique_rows,45,OneHot LR,170,1,0.6088731235630053,0.5,1
unique_rows,45,OneHot LR,210,1,0.9649043873121637,0.5,1
unique_rows,45,OneHot LR,337,1,0.53807723478286,0.5,1
unique_rows,45,OneHot LR,100,1,0.991229724158502,0.5,1
unique_rows,45,OneHot LR,117,0,0.020872282779128063,0.5,0
unique_rows,45,OneHot LR,25,0,0.1718026713068961,0.5,0
unique_rows,45,OneHot LR,110,0,0.6639330213888937,0.5,1
unique_rows,45,OneHot LR,262,1,0.9336563130388441,0.5,1
unique_rows,45,OneHot LR,594,0,0.028496355053249725,0.5,0
unique_rows,45,OneHot LR,144,1,0.8745394250789011,0.5,1
unique_rows,45,OneHot LR,331,0,0.4070150172871268,0.5,0
unique_rows,45,OneHot LR,429,0,0.9797496627614942,0.5,1
unique_rows,45,OneHot LR,75,1,0.930859152123408,0.5,1
unique_rows,45,OneHot LR,549,1,0.44612112721692115,0.5,0
unique_rows,45,OneHot LR,878,0,0.018349338436816957,0.5,0
unique_rows,45,OneHot LR,708,1,0.991731098236213,0.5,1
unique_rows,45,OneHot LR,437,0,0.003821490954309997,0.5,0
unique_rows,45,OneHot LR,332,1,0.8291626452968934,0.5,1
unique_rows,45,OneHot LR,449,0,0.5971069000675324,0.5,1
unique_rows,45,OneHot LR,59,0,0.532700359216209,0.5,1
unique_rows,45,OneHot LR,9,0,0.0035328730708509178,0.5,0
unique_rows,45,OneHot LR,78,1,0.6291348302142058,0.5,1
unique_rows,45,OneHot LR,50,1,0.9879859134880221,0.5,1
unique_rows,45,OneHot LR,36,1,0.16009233877637502,0.5,0
unique_rows,45,OneHot LR,68,1,0.9965922206400651,0.5,1
unique_rows,45,OneHot LR,232,0,0.003385712489275937,0.5,0
unique_rows,45,OneHot LR,269,1,0.9726309285402741,0.5,1
unique_rows,45,OneHot LR,111,1,0.06053225954164685,0.5,0
unique_rows,45,OneHot LR,95,1,0.6536657091768334,0.5,1
unique_rows,45,OneHot LR,300,1,0.9977728566855467,0.5,1
unique_rows,45,OneHot LR,629,0,0.6334975870268195,0.5,1
unique_rows,45,OneHot LR,367,0,0.847187880085535,0.5,1
unique_rows,45,OneHot LR,291,0,0.001699881518088633,0.5,0
unique_rows,45,Proposed,47,0,0.06398110887727625,0.3,0
unique_rows,45,Proposed,694,0,0.2156302815168512,0.3,0
unique_rows,45,Proposed,536,1,0.9800771146029675,0.3,1
unique_rows,45,Proposed,473,1,0.8106043337806178,0.3,1
unique_rows,45,Proposed,528,1,0.04524045568083419,0.3,0
unique_rows,45,Proposed,69,0,0.009734194601065945,0.3,0
unique_rows,45,Proposed,17,0,0.0015036892640277293,0.3,0
unique_rows,45,Proposed,197,1,0.9305511271891032,0.3,1
unique_rows,45,Proposed,533,1,0.9537707474281785,0.3,1
unique_rows,45,Proposed,426,1,0.9173221310823089,0.3,1
unique_rows,45,Proposed,616,1,0.7489374884821418,0.3,1
unique_rows,45,Proposed,156,1,0.6187656704577971,0.3,1
unique_rows,45,Proposed,147,0,0.7209814559806309,0.3,1
unique_rows,45,Proposed,38,1,0.00620082910917818,0.3,0
unique_rows,45,Proposed,292,1,0.6571067225519541,0.3,1
unique_rows,45,Proposed,479,0,0.005625426512825174,0.3,0
unique_rows,45,Proposed,96,1,0.7212405999565115,0.3,1
unique_rows,45,Proposed,97,0,0.0012812715207183153,0.3,0
unique_rows,45,Proposed,154,0,0.019597721951771726,0.3,0
unique_rows,45,Proposed,29,0,0.02159957333652424,0.3,0
unique_rows,45,Proposed,116,0,0.02436964669160846,0.3,0
unique_rows,45,Proposed,498,1,0.7067645948317381,0.3,1
unique_rows,45,Proposed,169,1,0.9857103271077035,0.3,1
unique_rows,45,Proposed,102,1,0.8927010898227664,0.3,1
unique_rows,45,Proposed,171,0,0.03362445140625826,0.3,0
unique_rows,45,Proposed,65,0,0.3848862236344278,0.3,1
unique_rows,45,Proposed,27,0,0.9140700497666657,0.3,1
unique_rows,45,Proposed,256,1,0.9575321459837427,0.3,1
unique_rows,45,Proposed,170,1,0.6088731235630053,0.3,1
unique_rows,45,Proposed,210,1,0.9649043873121637,0.3,1
unique_rows,45,Proposed,337,1,0.53807723478286,0.3,1
unique_rows,45,Proposed,100,1,0.991229724158502,0.3,1
unique_rows,45,Proposed,117,0,0.020872282779128063,0.3,0
unique_rows,45,Proposed,25,0,0.1718026713068961,0.3,0
unique_rows,45,Proposed,110,0,0.6639330213888937,0.3,1
unique_rows,45,Proposed,262,1,0.9336563130388441,0.3,1
unique_rows,45,Proposed,594,0,0.028496355053249725,0.3,0
unique_rows,45,Proposed,144,1,0.8745394250789011,0.3,1
unique_rows,45,Proposed,331,0,0.4070150172871268,0.3,1
unique_rows,45,Proposed,429,0,0.9797496627614942,0.3,1
unique_rows,45,Proposed,75,1,0.930859152123408,0.3,1
unique_rows,45,Proposed,549,1,0.44612112721692115,0.3,1
unique_rows,45,Proposed,878,0,0.018349338436816957,0.3,0
unique_rows,45,Proposed,708,1,0.991731098236213,0.3,1
unique_rows,45,Proposed,437,0,0.003821490954309997,0.3,0
unique_rows,45,Proposed,332,1,0.8291626452968934,0.3,1
unique_rows,45,Proposed,449,0,0.5971069000675324,0.3,1
unique_rows,45,Proposed,59,0,0.532700359216209,0.3,1
unique_rows,45,Proposed,9,0,0.0035328730708509178,0.3,0
unique_rows,45,Proposed,78,1,0.6291348302142058,0.3,1
unique_rows,45,Proposed,50,1,0.9879859134880221,0.3,1
unique_rows,45,Proposed,36,1,0.16009233877637502,0.3,0
unique_rows,45,Proposed,68,1,0.9965922206400651,0.3,1
unique_rows,45,Proposed,232,0,0.003385712489275937,0.3,0
unique_rows,45,Proposed,269,1,0.9726309285402741,0.3,1
unique_rows,45,Proposed,111,1,0.06053225954164685,0.3,0
unique_rows,45,Proposed,95,1,0.6536657091768334,0.3,1
unique_rows,45,Proposed,300,1,0.9977728566855467,0.3,1
unique_rows,45,Proposed,629,0,0.6334975870268195,0.3,1
unique_rows,45,Proposed,367,0,0.847187880085535,0.3,1
unique_rows,45,Proposed,291,0,0.001699881518088633,0.3,0
unique_rows,46,LR,66,1,0.7189023463515419,0.5,1
unique_rows,46,LR,105,0,0.08165462168184093,0.5,0
unique_rows,46,LR,629,0,0.814108370720693,0.5,1
unique_rows,46,LR,77,0,0.007125733961941074,0.5,0
unique_rows,46,LR,309,1,0.8272753051499384,0.5,1
unique_rows,46,LR,549,1,0.6210879489324221,0.5,1
unique_rows,46,LR,104,1,0.9882370619291999,0.5,1
unique_rows,46,LR,437,0,0.006453636620123724,0.5,0
unique_rows,46,LR,99,1,0.9368667009334926,0.5,1
unique_rows,46,LR,530,0,0.07486764221749113,0.5,0
unique_rows,46,LR,197,1,0.8077586557633882,0.5,1
unique_rows,46,LR,384,0,0.3053869492064715,0.5,0
unique_rows,46,LR,843,0,0.9360610096675804,0.5,1
unique_rows,46,LR,172,1,0.7346052713649001,0.5,1
unique_rows,46,LR,570,1,0.9901449647180374,0.5,1
unique_rows,46,LR,215,1,0.8782611947640581,0.5,1
unique_rows,46,LR,119,1,0.9057420879230799,0.5,1
unique_rows,46,LR,171,0,0.023178944655108356,0.5,0
unique_rows,46,LR,114,0,0.7651580625912368,0.5,1
unique_rows,46,LR,691,1,0.8537596008086129,0.5,1
unique_rows,46,LR,96,1,0.794764187887563,0.5,1
unique_rows,46,LR,101,1,0.8343878511133167,0.5,1
unique_rows,46,LR,198,1,0.9733940032076492,0.5,1
unique_rows,46,LR,521,1,0.044234386712193846,0.5,0
unique_rows,46,LR,39,0,0.485193466472036,0.5,0
unique_rows,46,LR,271,1,0.8246042389458599,0.5,1
unique_rows,46,LR,124,0,0.014240904334164707,0.5,0
unique_rows,46,LR,611,0,0.1600909141232131,0.5,0
unique_rows,46,LR,356,0,0.12770097143812706,0.5,0
unique_rows,46,LR,161,1,0.7046198979847097,0.5,1
unique_rows,46,LR,59,0,0.6943804644549852,0.5,1
unique_rows,46,LR,62,0,0.03621468542874635,0.5,0
unique_rows,46,LR,179,0,0.03523930808260981,0.5,0
unique_rows,46,LR,10,1,0.6980078672967961,0.5,1
unique_rows,46,LR,210,1,0.7837800238878596,0.5,1
unique_rows,46,LR,76,1,0.8687296985391281,0.5,1
unique_rows,46,LR,131,1,0.9748794358774211,0.5,1
unique_rows,46,LR,183,1,0.9578169590317378,0.5,1
unique_rows,46,LR,368,1,0.4803037027604868,0.5,0
unique_rows,46,LR,65,0,0.8002086609295005,0.5,1
unique_rows,46,LR,267,0,0.22963509195487833,0.5,0
unique_rows,46,LR,244,1,0.7537788569030888,0.5,1
unique_rows,46,LR,160,0,0.058370080687010474,0.5,0
unique_rows,46,LR,304,1,0.9723926105109794,0.5,1
unique_rows,46,LR,274,1,0.4920425923929847,0.5,0
unique_rows,46,LR,41,1,0.6790531767551302,0.5,1
unique_rows,46,LR,2,0,0.020219046374465904,0.5,0
unique_rows,46,LR,232,0,0.015079054661812048,0.5,0
unique_rows,46,LR,135,0,0.15078398446888788,0.5,0
unique_rows,46,LR,102,1,0.7682032751273279,0.5,1
unique_rows,46,LR,396,0,0.23104598217070005,0.5,0
unique_rows,46,LR,50,1,0.9876233080842814,0.5,1
unique_rows,46,LR,37,1,0.73771035924942,0.5,1
unique_rows,46,LR,555,0,0.12964886102173098,0.5,0
unique_rows,46,LR,425,0,0.31381588733390736,0.5,0
unique_rows,46,LR,228,1,0.942271489480361,0.5,1
unique_rows,46,LR,733,1,0.9845298772677978,0.5,1
unique_rows,46,LR,313,1,0.6462529172512154,0.5,1
unique_rows,46,LR,449,0,0.6523885598270635,0.5,1
unique_rows,46,LR,322,0,0.013070232503166456,0.5,0
unique_rows,46,LR,189,0,0.2616445245256664,0.5,0
unique_rows,46,DT,66,1,0.0,0.5,0
unique_rows,46,DT,105,0,0.0,0.5,0
unique_rows,46,DT,629,0,1.0,0.5,1
unique_rows,46,DT,77,0,0.0,0.5,0
unique_rows,46,DT,309,1,1.0,0.5,1
unique_rows,46,DT,549,1,0.0,0.5,0
unique_rows,46,DT,104,1,1.0,0.5,1
unique_rows,46,DT,437,0,0.0,0.5,0
unique_rows,46,DT,99,1,1.0,0.5,1
unique_rows,46,DT,530,0,0.0,0.5,0
unique_rows,46,DT,197,1,1.0,0.5,1
unique_rows,46,DT,384,0,0.0,0.5,0
unique_rows,46,DT,843,0,1.0,0.5,1
unique_rows,46,DT,172,1,1.0,0.5,1
unique_rows,46,DT,570,1,1.0,0.5,1
unique_rows,46,DT,215,1,1.0,0.5,1
unique_rows,46,DT,119,1,1.0,0.5,1
unique_rows,46,DT,171,0,0.0,0.5,0
unique_rows,46,DT,114,0,0.0,0.5,0
unique_rows,46,DT,691,1,1.0,0.5,1
unique_rows,46,DT,96,1,0.0,0.5,0
unique_rows,46,DT,101,1,0.0,0.5,0
unique_rows,46,DT,198,1,0.0,0.5,0
unique_rows,46,DT,521,1,0.0,0.5,0
unique_rows,46,DT,39,0,0.0,0.5,0
unique_rows,46,DT,271,1,0.0,0.5,0
unique_rows,46,DT,124,0,0.0,0.5,0
unique_rows,46,DT,611,0,0.0,0.5,0
unique_rows,46,DT,356,0,0.0,0.5,0
unique_rows,46,DT,161,1,0.0,0.5,0
unique_rows,46,DT,59,0,1.0,0.5,1
unique_rows,46,DT,62,0,0.0,0.5,0
unique_rows,46,DT,179,0,0.0,0.5,0
unique_rows,46,DT,10,1,1.0,0.5,1
unique_rows,46,DT,210,1,0.0,0.5,0
unique_rows,46,DT,76,1,1.0,0.5,1
unique_rows,46,DT,131,1,1.0,0.5,1
unique_rows,46,DT,183,1,1.0,0.5,1
unique_rows,46,DT,368,1,0.0,0.5,0
unique_rows,46,DT,65,0,1.0,0.5,1
unique_rows,46,DT,267,0,1.0,0.5,1
unique_rows,46,DT,244,1,1.0,0.5,1
unique_rows,46,DT,160,0,0.0,0.5,0
unique_rows,46,DT,304,1,1.0,0.5,1
unique_rows,46,DT,274,1,0.0,0.5,0
unique_rows,46,DT,41,1,0.0,0.5,0
unique_rows,46,DT,2,0,0.0,0.5,0
unique_rows,46,DT,232,0,0.0,0.5,0
unique_rows,46,DT,135,0,0.0,0.5,0
unique_rows,46,DT,102,1,0.0,0.5,0
unique_rows,46,DT,396,0,0.0,0.5,0
unique_rows,46,DT,50,1,1.0,0.5,1
unique_rows,46,DT,37,1,0.0,0.5,0
unique_rows,46,DT,555,0,1.0,0.5,1
unique_rows,46,DT,425,0,0.0,0.5,0
unique_rows,46,DT,228,1,1.0,0.5,1
unique_rows,46,DT,733,1,1.0,0.5,1
unique_rows,46,DT,313,1,1.0,0.5,1
unique_rows,46,DT,449,0,0.0,0.5,0
unique_rows,46,DT,322,0,0.0,0.5,0
unique_rows,46,DT,189,0,0.0,0.5,0
unique_rows,46,RF,66,1,0.79,0.5,1
unique_rows,46,RF,105,0,0.17,0.5,0
unique_rows,46,RF,629,0,0.55,0.5,1
unique_rows,46,RF,77,0,0.09,0.5,0
unique_rows,46,RF,309,1,0.73,0.5,1
unique_rows,46,RF,549,1,0.4,0.5,0
unique_rows,46,RF,104,1,0.81,0.5,1
unique_rows,46,RF,437,0,0.04,0.5,0
unique_rows,46,RF,99,1,0.85,0.5,1
unique_rows,46,RF,530,0,0.05,0.5,0
unique_rows,46,RF,197,1,0.78,0.5,1
unique_rows,46,RF,384,0,0.3,0.5,0
unique_rows,46,RF,843,0,0.82,0.5,1
unique_rows,46,RF,172,1,0.77,0.5,1
unique_rows,46,RF,570,1,0.96,0.5,1
unique_rows,46,RF,215,1,0.96,0.5,1
unique_rows,46,RF,119,1,0.92,0.5,1
unique_rows,46,RF,171,0,0.07,0.5,0
unique_rows,46,RF,114,0,0.38,0.5,0
unique_rows,46,RF,691,1,0.88,0.5,1
unique_rows,46,RF,96,1,0.48,0.5,0
unique_rows,46,RF,101,1,0.55,0.5,1
unique_rows,46,RF,198,1,0.73,0.5,1
unique_rows,46,RF,521,1,0.44,0.5,0
unique_rows,46,RF,39,0,0.43,0.5,0
unique_rows,46,RF,271,1,0.57,0.5,1
unique_rows,46,RF,124,0,0.01,0.5,0
unique_rows,46,RF,611,0,0.06,0.5,0
unique_rows,46,RF,356,0,0.1,0.5,0
unique_rows,46,RF,161,1,0.66,0.5,1
unique_rows,46,RF,59,0,0.61,0.5,1
unique_rows,46,RF,62,0,0.3,0.5,0
unique_rows,46,RF,179,0,0.11,0.5,0
unique_rows,46,RF,10,1,0.76,0.5,1
unique_rows,46,RF,210,1,0.47,0.5,0
unique_rows,46,RF,76,1,0.84,0.5,1
unique_rows,46,RF,131,1,0.96,0.5,1
unique_rows,46,RF,183,1,0.89,0.5,1
unique_rows,46,RF,368,1,0.49,0.5,0
unique_rows,46,RF,65,0,0.74,0.5,1
unique_rows,46,RF,267,0,0.57,0.5,1
unique_rows,46,RF,244,1,0.74,0.5,1
unique_rows,46,RF,160,0,0.42,0.5,0
unique_rows,46,RF,304,1,0.94,0.5,1
unique_rows,46,RF,274,1,0.51,0.5,1
unique_rows,46,RF,41,1,0.48,0.5,0
unique_rows,46,RF,2,0,0.11,0.5,0
unique_rows,46,RF,232,0,0.0,0.5,0
unique_rows,46,RF,135,0,0.11,0.5,0
unique_rows,46,RF,102,1,0.59,0.5,1
unique_rows,46,RF,396,0,0.42,0.5,0
unique_rows,46,RF,50,1,0.93,0.5,1
unique_rows,46,RF,37,1,0.74,0.5,1
unique_rows,46,RF,555,0,0.29,0.5,0
unique_rows,46,RF,425,0,0.13,0.5,0
unique_rows,46,RF,228,1,0.97,0.5,1
unique_rows,46,RF,733,1,0.85,0.5,1
unique_rows,46,RF,313,1,0.66,0.5,1
unique_rows,46,RF,449,0,0.39,0.5,0
unique_rows,46,RF,322,0,0.23,0.5,0
unique_rows,46,RF,189,0,0.32,0.5,0
unique_rows,46,XGB,66,1,0.9797134399414062,0.5,1
unique_rows,46,XGB,105,0,0.012509811669588089,0.5,0
unique_rows,46,XGB,629,0,0.9116544127464294,0.5,1
unique_rows,46,XGB,77,0,0.0006913669058121741,0.5,0
unique_rows,46,XGB,309,1,0.988095760345459,0.5,1
unique_rows,46,XGB,549,1,0.05331667885184288,0.5,0
unique_rows,46,XGB,104,1,0.9913927316665649,0.5,1
unique_rows,46,XGB,437,0,0.009441496804356575,0.5,0
unique_rows,46,XGB,99,1,0.9948659539222717,0.5,1
unique_rows,46,XGB,530,0,0.00019393245747778565,0.5,0
unique_rows,46,XGB,197,1,0.9452441334724426,0.5,1
unique_rows,46,XGB,384,0,0.03216376155614853,0.5,0
unique_rows,46,XGB,843,0,0.9529025554656982,0.5,1
unique_rows,46,XGB,172,1,0.9642646908760071,0.5,1
unique_rows,46,XGB,570,1,0.9997250437736511,0.5,1
unique_rows,46,XGB,215,1,0.9989181756973267,0.5,1
unique_rows,46,XGB,119,1,0.9873801469802856,0.5,1
unique_rows,46,XGB,171,0,0.017460381612181664,0.5,0
unique_rows,46,XGB,114,0,0.241133913397789,0.5,0
unique_rows,46,XGB,691,1,0.9983568787574768,0.5,1
unique_rows,46,XGB,96,1,0.07205759733915329,0.5,0
unique_rows,46,XGB,101,1,0.6735023260116577,0.5,1
unique_rows,46,XGB,198,1,0.7140146493911743,0.5,1
unique_rows,46,XGB,521,1,0.695604145526886,0.5,1
unique_rows,46,XGB,39,0,0.6347389221191406,0.5,1
unique_rows,46,XGB,271,1,0.35274526476860046,0.5,0
unique_rows,46,XGB,124,0,0.0004291536461096257,0.5,0
unique_rows,46,XGB,611,0,0.0007938846247270703,0.5,0
unique_rows,46,XGB,356,0,0.0022528558038175106,0.5,0
unique_rows,46,XGB,161,1,0.9142743349075317,0.5,1
unique_rows,46,XGB,59,0,0.5120116472244263,0.5,1
unique_rows,46,XGB,62,0,0.013468333519995213,0.5,0
unique_rows,46,XGB,179,0,0.0004305480688344687,0.5,0
unique_rows,46,XGB,10,1,0.9873013496398926,0.5,1
unique_rows,46,XGB,210,1,0.20630566775798798,0.5,0
unique_rows,46,XGB,76,1,0.9624984264373779,0.5,1
unique_rows,46,XGB,131,1,0.9994483590126038,0.5,1
unique_rows,46,XGB,183,1,0.9932070374488831,0.5,1
unique_rows,46,XGB,368,1,0.5028767585754395,0.5,1
unique_rows,46,XGB,65,0,0.8431234359741211,0.5,1
unique_rows,46,XGB,267,0,0.963069498538971,0.5,1
unique_rows,46,XGB,244,1,0.9636030793190002,0.5,1
unique_rows,46,XGB,160,0,0.01637321710586548,0.5,0
unique_rows,46,XGB,304,1,0.9987836480140686,0.5,1
unique_rows,46,XGB,274,1,0.9048829674720764,0.5,1
unique_rows,46,XGB,41,1,0.4024474322795868,0.5,0
unique_rows,46,XGB,2,0,0.018380358815193176,0.5,0
unique_rows,46,XGB,232,0,0.0002896705118473619,0.5,0
unique_rows,46,XGB,135,0,0.00326683116145432,0.5,0
unique_rows,46,XGB,102,1,0.1677391529083252,0.5,0
unique_rows,46,XGB,396,0,0.6333362460136414,0.5,1
unique_rows,46,XGB,50,1,0.9993506073951721,0.5,1
unique_rows,46,XGB,37,1,0.7864029407501221,0.5,1
unique_rows,46,XGB,555,0,0.6368629932403564,0.5,1
unique_rows,46,XGB,425,0,0.0011746824020519853,0.5,0
unique_rows,46,XGB,228,1,0.9995013475418091,0.5,1
unique_rows,46,XGB,733,1,0.9957765936851501,0.5,1
unique_rows,46,XGB,313,1,0.8815596699714661,0.5,1
unique_rows,46,XGB,449,0,0.567484438419342,0.5,1
unique_rows,46,XGB,322,0,0.004654219839721918,0.5,0
unique_rows,46,XGB,189,0,0.7046273350715637,0.5,1
unique_rows,46,NB,66,1,0.7387136533511157,0.5,1
unique_rows,46,NB,105,0,0.016013804290846936,0.5,0
unique_rows,46,NB,629,0,0.9576841061672934,0.5,1
unique_rows,46,NB,77,0,2.428326053356562e-06,0.5,0
unique_rows,46,NB,309,1,0.9656543581897481,0.5,1
unique_rows,46,NB,549,1,0.8741751368107592,0.5,1
unique_rows,46,NB,104,1,0.9977367583609137,0.5,1
unique_rows,46,NB,437,0,2.7368685784546083e-05,0.5,0
unique_rows,46,NB,99,1,0.9791235025062818,0.5,1
unique_rows,46,NB,530,0,0.00853166011782422,0.5,0
unique_rows,46,NB,197,1,0.9888827729142289,0.5,1
unique_rows,46,NB,384,0,0.52707261305008,0.5,1
unique_rows,46,NB,843,0,0.9881329279249826,0.5,1
unique_rows,46,NB,172,1,0.8799374348709953,0.5,1
unique_rows,46,NB,570,1,0.999429436665818,0.5,1
unique_rows,46,NB,215,1,0.9930528959494135,0.5,1
unique_rows,46,NB,119,1,0.9966493569625795,0.5,1
unique_rows,46,NB,171,0,4.691237513995228e-05,0.5,0
unique_rows,46,NB,114,0,0.17943610403786345,0.5,0
unique_rows,46,NB,691,1,0.9745638678064128,0.5,1
unique_rows,46,NB,96,1,0.9842277621574996,0.5,1
unique_rows,46,NB,101,1,0.9458729367401615,0.5,1
unique_rows,46,NB,198,1,0.9990305392011996,0.5,1
unique_rows,46,NB,521,1,0.0007054338270912182,0.5,0
unique_rows,46,NB,39,0,0.6145962527546812,0.5,1
unique_rows,46,NB,271,1,0.9763658536056419,0.5,1
unique_rows,46,NB,124,0,1.5894912347735602e-05,0.5,0
unique_rows,46,NB,611,0,0.007205680591977276,0.5,0
unique_rows,46,NB,356,0,0.0004981315351309629,0.5,0
unique_rows,46,NB,161,1,0.6048818557494833,0.5,1
unique_rows,46,NB,59,0,0.9375970682133019,0.5,1
unique_rows,46,NB,62,0,0.0028262379149859088,0.5,0
unique_rows,46,NB,179,0,0.005258328159373217,0.5,0
unique_rows,46,NB,10,1,0.8681210201240308,0.5,1
unique_rows,46,NB,210,1,0.8714337484516244,0.5,1
unique_rows,46,NB,76,1,0.9744276532454388,0.5,1
unique_rows,46,NB,131,1,0.9991225894418595,0.5,1
unique_rows,46,NB,183,1,0.998890425618585,0.5,1
unique_rows,46,NB,368,1,0.1857938761144536,0.5,0
unique_rows,46,NB,65,0,0.9039751216257511,0.5,1
unique_rows,46,NB,267,0,0.011344093726543566,0.5,0
unique_rows,46,NB,244,1,0.6882859219336813,0.5,1
unique_rows,46,NB,160,0,0.01954739342522036,0.5,0
unique_rows,46,NB,304,1,0.9985998328669373,0.5,1
unique_rows,46,NB,274,1,0.10821276070008685,0.5,0
unique_rows,46,NB,41,1,0.7865115499540468,0.5,1
unique_rows,46,NB,2,0,0.00010362702059681341,0.5,0
unique_rows,46,NB,232,0,0.00012444478130109978,0.5,0
unique_rows,46,NB,135,0,0.00020683980950866627,0.5,0
unique_rows,46,NB,102,1,0.9134228877186138,0.5,1
unique_rows,46,NB,396,0,0.00677582613327361,0.5,0
unique_rows,46,NB,50,1,0.9993882790588965,0.5,1
unique_rows,46,NB,37,1,0.9643072372601212,0.5,1
unique_rows,46,NB,555,0,0.04263195832304894,0.5,0
unique_rows,46,NB,425,0,0.12400784129909129,0.5,0
unique_rows,46,NB,228,1,0.9911333451011951,0.5,1
unique_rows,46,NB,733,1,0.999766327855863,0.5,1
unique_rows,46,NB,313,1,0.6606945595859177,0.5,1
unique_rows,46,NB,449,0,0.9483307744875675,0.5,1
unique_rows,46,NB,322,0,0.0003938952743353893,0.5,0
unique_rows,46,NB,189,0,0.026419368451550136,0.5,0
unique_rows,46,KNN,66,1,0.8,0.5,1
unique_rows,46,KNN,105,0,0.2,0.5,0
unique_rows,46,KNN,629,0,1.0,0.5,1
unique_rows,46,KNN,77,0,0.0,0.5,0
unique_rows,46,KNN,309,1,0.8,0.5,1
unique_rows,46,KNN,549,1,0.4,0.5,0
unique_rows,46,KNN,104,1,1.0,0.5,1
unique_rows,46,KNN,437,0,0.0,0.5,0
unique_rows,46,KNN,99,1,0.8,0.5,1
unique_rows,46,KNN,530,0,0.0,0.5,0
unique_rows,46,KNN,197,1,0.6,0.5,1
unique_rows,46,KNN,384,0,0.2,0.5,0
unique_rows,46,KNN,843,0,0.8,0.5,1
unique_rows,46,KNN,172,1,0.8,0.5,1
unique_rows,46,KNN,570,1,0.8,0.5,1
unique_rows,46,KNN,215,1,1.0,0.5,1
unique_rows,46,KNN,119,1,1.0,0.5,1
unique_rows,46,KNN,171,0,0.0,0.5,0
unique_rows,46,KNN,114,0,0.6,0.5,1
unique_rows,46,KNN,691,1,0.8,0.5,1
unique_rows,46,KNN,96,1,0.8,0.5,1
unique_rows,46,KNN,101,1,1.0,0.5,1
unique_rows,46,KNN,198,1,1.0,0.5,1
unique_rows,46,KNN,521,1,0.4,0.5,0
unique_rows,46,KNN,39,0,0.4,0.5,0
unique_rows,46,KNN,271,1,1.0,0.5,1
unique_rows,46,KNN,124,0,0.0,0.5,0
unique_rows,46,KNN,611,0,0.0,0.5,0
unique_rows,46,KNN,356,0,0.2,0.5,0
unique_rows,46,KNN,161,1,0.8,0.5,1
unique_rows,46,KNN,59,0,1.0,0.5,1
unique_rows,46,KNN,62,0,0.0,0.5,0
unique_rows,46,KNN,179,0,0.2,0.5,0
unique_rows,46,KNN,10,1,0.8,0.5,1
unique_rows,46,KNN,210,1,0.6,0.5,1
unique_rows,46,KNN,76,1,1.0,0.5,1
unique_rows,46,KNN,131,1,1.0,0.5,1
unique_rows,46,KNN,183,1,0.8,0.5,1
unique_rows,46,KNN,368,1,0.6,0.5,1
unique_rows,46,KNN,65,0,0.6,0.5,1
unique_rows,46,KNN,267,0,0.4,0.5,0
unique_rows,46,KNN,244,1,1.0,0.5,1
unique_rows,46,KNN,160,0,0.0,0.5,0
unique_rows,46,KNN,304,1,0.8,0.5,1
unique_rows,46,KNN,274,1,0.6,0.5,1
unique_rows,46,KNN,41,1,0.4,0.5,0
unique_rows,46,KNN,2,0,0.0,0.5,0
unique_rows,46,KNN,232,0,0.0,0.5,0
unique_rows,46,KNN,135,0,0.2,0.5,0
unique_rows,46,KNN,102,1,0.4,0.5,0
unique_rows,46,KNN,396,0,0.8,0.5,1
unique_rows,46,KNN,50,1,0.8,0.5,1
unique_rows,46,KNN,37,1,1.0,0.5,1
unique_rows,46,KNN,555,0,0.4,0.5,0
unique_rows,46,KNN,425,0,0.2,0.5,0
unique_rows,46,KNN,228,1,1.0,0.5,1
unique_rows,46,KNN,733,1,1.0,0.5,1
unique_rows,46,KNN,313,1,0.6,0.5,1
unique_rows,46,KNN,449,0,1.0,0.5,1
unique_rows,46,KNN,322,0,0.0,0.5,0
unique_rows,46,KNN,189,0,0.2,0.5,0
unique_rows,46,Stacking,66,1,0.8167290128911223,0.5,1
unique_rows,46,Stacking,105,0,0.09871027303607395,0.5,0
unique_rows,46,Stacking,629,0,0.8533146266601445,0.5,1
unique_rows,46,Stacking,77,0,0.0701270821417469,0.5,0
unique_rows,46,Stacking,309,1,0.8631454508590224,0.5,1
unique_rows,46,Stacking,549,1,0.5027212686392384,0.5,1
unique_rows,46,Stacking,104,1,0.9118972094827389,0.5,1
unique_rows,46,Stacking,437,0,0.06771634946739387,0.5,0
unique_rows,46,Stacking,99,1,0.8919391505966381,0.5,1
unique_rows,46,Stacking,530,0,0.07416573979808762,0.5,0
unique_rows,46,Stacking,197,1,0.842556440001777,0.5,1
unique_rows,46,Stacking,384,0,0.24486065573628799,0.5,0
unique_rows,46,Stacking,843,0,0.8866302029256637,0.5,1
unique_rows,46,Stacking,172,1,0.8357287210434382,0.5,1
unique_rows,46,Stacking,570,1,0.9094625077984135,0.5,1
unique_rows,46,Stacking,215,1,0.9115827586056768,0.5,1
unique_rows,46,Stacking,119,1,0.9110314201996392,0.5,1
unique_rows,46,Stacking,171,0,0.07128168863749422,0.5,0
unique_rows,46,Stacking,114,0,0.4037216832745095,0.5,0
unique_rows,46,Stacking,691,1,0.8839082166844907,0.5,1
unique_rows,46,Stacking,96,1,0.6930595564634916,0.5,1
unique_rows,46,Stacking,101,1,0.8314947779324398,0.5,1
unique_rows,46,Stacking,198,1,0.8847755165594647,0.5,1
unique_rows,46,Stacking,521,1,0.22369326461332675,0.5,0
unique_rows,46,Stacking,39,0,0.512938027062635,0.5,1
unique_rows,46,Stacking,271,1,0.7944377127632195,0.5,1
unique_rows,46,Stacking,124,0,0.06614599326622972,0.5,0
unique_rows,46,Stacking,611,0,0.08246783313284575,0.5,0
unique_rows,46,Stacking,356,0,0.09571658205117586,0.5,0
unique_rows,46,Stacking,161,1,0.755048416535989,0.5,1
unique_rows,46,Stacking,59,0,0.7817867547316381,0.5,1
unique_rows,46,Stacking,62,0,0.08744378944485888,0.5,0
unique_rows,46,Stacking,179,0,0.08716725279032037,0.5,0
unique_rows,46,Stacking,10,1,0.8287900812537976,0.5,1
unique_rows,46,Stacking,210,1,0.6431671034215993,0.5,1
unique_rows,46,Stacking,76,1,0.8962834977565989,0.5,1
unique_rows,46,Stacking,131,1,0.9215272402090845,0.5,1
unique_rows,46,Stacking,183,1,0.9000007001922548,0.5,1
unique_rows,46,Stacking,368,1,0.3999308038337491,0.5,0
unique_rows,46,Stacking,65,0,0.8066812178636866,0.5,1
unique_rows,46,Stacking,267,0,0.3363801963271804,0.5,0
unique_rows,46,Stacking,244,1,0.8246968296892606,0.5,1
unique_rows,46,Stacking,160,0,0.10105013239744173,0.5,0
unique_rows,46,Stacking,304,1,0.9059297145687945,0.5,1
unique_rows,46,Stacking,274,1,0.4721633552755838,0.5,0
unique_rows,46,Stacking,41,1,0.5880769564234896,0.5,1
unique_rows,46,Stacking,2,0,0.07349116029404737,0.5,0
unique_rows,46,Stacking,232,0,0.06566209226959012,0.5,0
unique_rows,46,Stacking,135,0,0.09910572793660509,0.5,0
unique_rows,46,Stacking,102,1,0.6273335244889222,0.5,1
unique_rows,46,Stacking,396,0,0.32674811139985566,0.5,0
unique_rows,46,Stacking,50,1,0.9069307228331048,0.5,1
unique_rows,46,Stacking,37,1,0.854501952248599,0.5,1
unique_rows,46,Stacking,555,0,0.21259455076570483,0.5,0
unique_rows,46,Stacking,425,0,0.13900279787793002,0.5,0
unique_rows,46,Stacking,228,1,0.9183928989135334,0.5,1
unique_rows,46,Stacking,733,1,0.9148779408653257,0.5,1
unique_rows,46,Stacking,313,1,0.7066380299120218,0.5,1
unique_rows,46,Stacking,449,0,0.7561042451522313,0.5,1
unique_rows,46,Stacking,322,0,0.0795778958000862,0.5,0
unique_rows,46,Stacking,189,0,0.2293878138277657,0.5,0
unique_rows,46,OneHot LR,66,1,0.9207375385247982,0.5,1
unique_rows,46,OneHot LR,105,0,0.08104577313926804,0.5,0
unique_rows,46,OneHot LR,629,0,0.7036480820383595,0.5,1
unique_rows,46,OneHot LR,77,0,0.005642266125626596,0.5,0
unique_rows,46,OneHot LR,309,1,0.8163318897981542,0.5,1
unique_rows,46,OneHot LR,549,1,0.4500965442505439,0.5,0
unique_rows,46,OneHot LR,104,1,0.9429430636841096,0.5,1
unique_rows,46,OneHot LR,437,0,0.0048999670360414995,0.5,0
unique_rows,46,OneHot LR,99,1,0.8950097060475959,0.5,1
unique_rows,46,OneHot LR,530,0,0.0222909322809448,0.5,0
unique_rows,46,OneHot LR,197,1,0.8824567940219363,0.5,1
unique_rows,46,OneHot LR,384,0,0.33482102111211504,0.5,0
unique_rows,46,OneHot LR,843,0,0.9615488907320137,0.5,1
unique_rows,46,OneHot LR,172,1,0.9347887898436823,0.5,1
unique_rows,46,OneHot LR,570,1,0.9919318252239384,0.5,1
unique_rows,46,OneHot LR,215,1,0.9236492544318363,0.5,1
unique_rows,46,OneHot LR,119,1,0.9401959243815022,0.5,1
unique_rows,46,OneHot LR,171,0,0.12991106285344642,0.5,0
unique_rows,46,OneHot LR,114,0,0.3403557894942236,0.5,0
unique_rows,46,OneHot LR,691,1,0.8300779050574782,0.5,1
unique_rows,46,OneHot LR,96,1,0.7154932646452881,0.5,1
unique_rows,46,OneHot LR,101,1,0.6146651836948881,0.5,1
unique_rows,46,OneHot LR,198,1,0.9533377000028858,0.5,1
unique_rows,46,OneHot LR,521,1,0.21712722545239466,0.5,0
unique_rows,46,OneHot LR,39,0,0.20039986643361293,0.5,0
unique_rows,46,OneHot LR,271,1,0.7901127301761703,0.5,1
unique_rows,46,OneHot LR,124,0,0.008708807933487946,0.5,0
unique_rows,46,OneHot LR,611,0,0.02675436463490247,0.5,0
unique_rows,46,OneHot LR,356,0,0.036941697514422445,0.5,0
unique_rows,46,OneHot LR,161,1,0.8043897180006395,0.5,1
unique_rows,46,OneHot LR,59,0,0.6078072321233177,0.5,1
unique_rows,46,OneHot LR,62,0,0.06092386353711631,0.5,0
unique_rows,46,OneHot LR,179,0,0.016112929163285675,0.5,0
unique_rows,46,OneHot LR,10,1,0.7883990820149236,0.5,1
unique_rows,46,OneHot LR,210,1,0.8709975433083613,0.5,1
unique_rows,46,OneHot LR,76,1,0.835695112152602,0.5,1
unique_rows,46,OneHot LR,131,1,0.9750244053891534,0.5,1
unique_rows,46,OneHot LR,183,1,0.9672111485285653,0.5,1
unique_rows,46,OneHot LR,368,1,0.4593907560720284,0.5,0
unique_rows,46,OneHot LR,65,0,0.6965636843317289,0.5,1
unique_rows,46,OneHot LR,267,0,0.49836125919088253,0.5,0
unique_rows,46,OneHot LR,244,1,0.7884453708815905,0.5,1
unique_rows,46,OneHot LR,160,0,0.4071065515220961,0.5,0
unique_rows,46,OneHot LR,304,1,0.9577841982387918,0.5,1
unique_rows,46,OneHot LR,274,1,0.3889573440614724,0.5,0
unique_rows,46,OneHot LR,41,1,0.5879414586178588,0.5,1
unique_rows,46,OneHot LR,2,0,0.10830036782995384,0.5,0
unique_rows,46,OneHot LR,232,0,0.008374979304677812,0.5,0
unique_rows,46,OneHot LR,135,0,0.029967070008766306,0.5,0
unique_rows,46,OneHot LR,102,1,0.7888597136850474,0.5,1
unique_rows,46,OneHot LR,396,0,0.25116483964868225,0.5,0
unique_rows,46,OneHot LR,50,1,0.988041335737531,0.5,1
unique_rows,46,OneHot LR,37,1,0.8640883650748528,0.5,1
unique_rows,46,OneHot LR,555,0,0.08475546518342354,0.5,0
unique_rows,46,OneHot LR,425,0,0.27748060197689267,0.5,0
unique_rows,46,OneHot LR,228,1,0.9657137780455571,0.5,1
unique_rows,46,OneHot LR,733,1,0.9730794312971581,0.5,1
unique_rows,46,OneHot LR,313,1,0.6540419539240119,0.5,1
unique_rows,46,OneHot LR,449,0,0.6364496537488454,0.5,1
unique_rows,46,OneHot LR,322,0,0.0320587656349839,0.5,0
unique_rows,46,OneHot LR,189,0,0.31013316494720017,0.5,0
unique_rows,46,Proposed,66,1,0.9207375385247982,0.3,1
unique_rows,46,Proposed,105,0,0.08104577313926804,0.3,0
unique_rows,46,Proposed,629,0,0.7036480820383595,0.3,1
unique_rows,46,Proposed,77,0,0.005642266125626596,0.3,0
unique_rows,46,Proposed,309,1,0.8163318897981542,0.3,1
unique_rows,46,Proposed,549,1,0.4500965442505439,0.3,1
unique_rows,46,Proposed,104,1,0.9429430636841096,0.3,1
unique_rows,46,Proposed,437,0,0.0048999670360414995,0.3,0
unique_rows,46,Proposed,99,1,0.8950097060475959,0.3,1
unique_rows,46,Proposed,530,0,0.0222909322809448,0.3,0
unique_rows,46,Proposed,197,1,0.8824567940219363,0.3,1
unique_rows,46,Proposed,384,0,0.33482102111211504,0.3,1
unique_rows,46,Proposed,843,0,0.9615488907320137,0.3,1
unique_rows,46,Proposed,172,1,0.9347887898436823,0.3,1
unique_rows,46,Proposed,570,1,0.9919318252239384,0.3,1
unique_rows,46,Proposed,215,1,0.9236492544318363,0.3,1
unique_rows,46,Proposed,119,1,0.9401959243815022,0.3,1
unique_rows,46,Proposed,171,0,0.12991106285344642,0.3,0
unique_rows,46,Proposed,114,0,0.3403557894942236,0.3,1
unique_rows,46,Proposed,691,1,0.8300779050574782,0.3,1
unique_rows,46,Proposed,96,1,0.7154932646452881,0.3,1
unique_rows,46,Proposed,101,1,0.6146651836948881,0.3,1
unique_rows,46,Proposed,198,1,0.9533377000028858,0.3,1
unique_rows,46,Proposed,521,1,0.21712722545239466,0.3,0
unique_rows,46,Proposed,39,0,0.20039986643361293,0.3,0
unique_rows,46,Proposed,271,1,0.7901127301761703,0.3,1
unique_rows,46,Proposed,124,0,0.008708807933487946,0.3,0
unique_rows,46,Proposed,611,0,0.02675436463490247,0.3,0
unique_rows,46,Proposed,356,0,0.036941697514422445,0.3,0
unique_rows,46,Proposed,161,1,0.8043897180006395,0.3,1
unique_rows,46,Proposed,59,0,0.6078072321233177,0.3,1
unique_rows,46,Proposed,62,0,0.06092386353711631,0.3,0
unique_rows,46,Proposed,179,0,0.016112929163285675,0.3,0
unique_rows,46,Proposed,10,1,0.7883990820149236,0.3,1
unique_rows,46,Proposed,210,1,0.8709975433083613,0.3,1
unique_rows,46,Proposed,76,1,0.835695112152602,0.3,1
unique_rows,46,Proposed,131,1,0.9750244053891534,0.3,1
unique_rows,46,Proposed,183,1,0.9672111485285653,0.3,1
unique_rows,46,Proposed,368,1,0.4593907560720284,0.3,1
unique_rows,46,Proposed,65,0,0.6965636843317289,0.3,1
unique_rows,46,Proposed,267,0,0.49836125919088253,0.3,1
unique_rows,46,Proposed,244,1,0.7884453708815905,0.3,1
unique_rows,46,Proposed,160,0,0.4071065515220961,0.3,1
unique_rows,46,Proposed,304,1,0.9577841982387918,0.3,1
unique_rows,46,Proposed,274,1,0.3889573440614724,0.3,1
unique_rows,46,Proposed,41,1,0.5879414586178588,0.3,1
unique_rows,46,Proposed,2,0,0.10830036782995384,0.3,0
unique_rows,46,Proposed,232,0,0.008374979304677812,0.3,0
unique_rows,46,Proposed,135,0,0.029967070008766306,0.3,0
unique_rows,46,Proposed,102,1,0.7888597136850474,0.3,1
unique_rows,46,Proposed,396,0,0.25116483964868225,0.3,0
unique_rows,46,Proposed,50,1,0.988041335737531,0.3,1
unique_rows,46,Proposed,37,1,0.8640883650748528,0.3,1
unique_rows,46,Proposed,555,0,0.08475546518342354,0.3,0
unique_rows,46,Proposed,425,0,0.27748060197689267,0.3,0
unique_rows,46,Proposed,228,1,0.9657137780455571,0.3,1
unique_rows,46,Proposed,733,1,0.9730794312971581,0.3,1
unique_rows,46,Proposed,313,1,0.6540419539240119,0.3,1
unique_rows,46,Proposed,449,0,0.6364496537488454,0.3,1
unique_rows,46,Proposed,322,0,0.0320587656349839,0.3,0
unique_rows,46,Proposed,189,0,0.31013316494720017,0.3,1
unique_rows,47,LR,210,1,0.5958914686541844,0.5,1
unique_rows,47,LR,356,0,0.05664908336181955,0.5,0
unique_rows,47,LR,144,1,0.8876356224600127,0.5,1
unique_rows,47,LR,720,0,0.9443753736529107,0.5,1
unique_rows,47,LR,244,1,0.6259367785804527,0.5,1
unique_rows,47,LR,521,1,0.013552492034833179,0.5,0
unique_rows,47,LR,739,0,0.18417419713189417,0.5,0
unique_rows,47,LR,533,1,0.954758827772788,0.5,1
unique_rows,47,LR,332,1,0.36568076213276657,0.5,0
unique_rows,47,LR,437,0,0.0020141110233583104,0.5,0
unique_rows,47,LR,276,1,0.4597681627944879,0.5,0
unique_rows,47,LR,50,1,0.9875204680265113,0.5,1
unique_rows,47,LR,384,0,0.29828560767675105,0.5,0
unique_rows,47,LR,234,1,0.9706169981258908,0.5,1
unique_rows,47,LR,694,0,0.24317484474447795,0.5,0
unique_rows,47,LR,166,0,0.0631260979706984,0.5,0
unique_rows,47,LR,110,0,0.7803037912471336,0.5,1
unique_rows,47,LR,57,1,0.8068956997340994,0.5,1
unique_rows,47,LR,66,1,0.5475101745651795,0.5,1
unique_rows,47,LR,348,0,0.0013108488248650908,0.5,0
unique_rows,47,LR,255,1,0.5578781176455423,0.5,1
unique_rows,47,LR,252,0,0.01195919330878283,0.5,0
unique_rows,47,LR,119,1,0.9392419295624896,0.5,1
unique_rows,47,LR,105,0,0.052677472800249515,0.5,0
unique_rows,47,LR,368,1,0.4362129919568074,0.5,0
unique_rows,47,LR,42,0,0.9439730531056166,0.5,1
unique_rows,47,LR,382,0,0.023094594318898466,0.5,0
unique_rows,47,LR,232,0,0.005233812537722898,0.5,0
unique_rows,47,LR,158,1,0.5286240217272997,0.5,1
unique_rows,47,LR,427,1,0.9323863176673631,0.5,1
unique_rows,47,LR,89,0,0.004286422673859447,0.5,0
unique_rows,47,LR,566,1,0.9695034545442216,0.5,1
unique_rows,47,LR,124,0,0.004718579382939881,0.5,0
unique_rows,47,LR,450,0,0.0015206973462461874,0.5,0
unique_rows,47,LR,719,1,0.07556733748053325,0.5,0
unique_rows,47,LR,528,1,0.02837836849454641,0.5,0
unique_rows,47,LR,190,1,0.9854695020313176,0.5,1
unique_rows,47,LR,109,0,0.11285078417087392,0.5,0
unique_rows,47,LR,45,1,0.8920637810758697,0.5,1
unique_rows,47,LR,107,0,0.04835787300578787,0.5,0
unique_rows,47,LR,147,0,0.7340836972624414,0.5,1
unique_rows,47,LR,355,1,0.6871551861464663,0.5,1
unique_rows,47,LR,174,0,0.009140673888644505,0.5,0
unique_rows,47,LR,878,0,0.05859286830166585,0.5,0
unique_rows,47,LR,361,1,0.030331304736326253,0.5,0
unique_rows,47,LR,96,1,0.853884960346992,0.5,1
unique_rows,47,LR,288,1,0.9940396829512193,0.5,1
unique_rows,47,LR,114,0,0.6689685566428691,0.5,1
unique_rows,47,LR,194,0,0.001280727341859497,0.5,0
unique_rows,47,LR,22,1,0.09209005598098105,0.5,0
unique_rows,47,LR,139,1,0.9555778529571546,0.5,1
unique_rows,47,LR,733,1,0.9927931991978629,0.5,1
unique_rows,47,LR,321,1,0.9905734812271652,0.5,1
unique_rows,47,LR,171,0,0.005292199822891703,0.5,0
unique_rows,47,LR,304,1,0.9814357275372072,0.5,1
unique_rows,47,LR,80,0,0.4297476525262452,0.5,0
unique_rows,47,LR,233,1,0.9865147165600692,0.5,1
unique_rows,47,LR,9,0,0.002821075634801099,0.5,0
unique_rows,47,LR,580,1,0.8973757634341667,0.5,1
unique_rows,47,LR,21,1,0.7866884670737382,0.5,1
unique_rows,47,LR,8,0,0.4150216358412957,0.5,0
unique_rows,47,DT,210,1,0.0,0.5,0
unique_rows,47,DT,356,0,0.0,0.5,0
unique_rows,47,DT,144,1,1.0,0.5,1
unique_rows,47,DT,720,0,1.0,0.5,1
unique_rows,47,DT,244,1,1.0,0.5,1
unique_rows,47,DT,521,1,0.0,0.5,0
unique_rows,47,DT,739,0,0.0,0.5,0
unique_rows,47,DT,533,1,1.0,0.5,1
unique_rows,47,DT,332,1,1.0,0.5,1
unique_rows,47,DT,437,0,0.0,0.5,0
unique_rows,47,DT,276,1,1.0,0.5,1
unique_rows,47,DT,50,1,1.0,0.5,1
unique_rows,47,DT,384,0,1.0,0.5,1
unique_rows,47,DT,234,1,1.0,0.5,1
unique_rows,47,DT,694,0,0.0,0.5,0
unique_rows,47,DT,166,0,0.0,0.5,0
unique_rows,47,DT,110,0,0.0,0.5,0
unique_rows,47,DT,57,1,1.0,0.5,1
unique_rows,47,DT,66,1,1.0,0.5,1
unique_rows,47,DT,348,0,0.0,0.5,0
unique_rows,47,DT,255,1,1.0,0.5,1
unique_rows,47,DT,252,0,0.0,0.5,0
unique_rows,47,DT,119,1,1.0,0.5,1
unique_rows,47,DT,105,0,0.0,0.5,0
unique_rows,47,DT,368,1,0.0,0.5,0
unique_rows,47,DT,42,0,1.0,0.5,1
unique_rows,47,DT,382,0,0.0,0.5,0
unique_rows,47,DT,232,0,0.0,0.5,0
unique_rows,47,DT,158,1,0.0,0.5,0
unique_rows,47,DT,427,1,1.0,0.5,1
unique_rows,47,DT,89,0,0.0,0.5,0
unique_rows,47,DT,566,1,1.0,0.5,1
unique_rows,47,DT,124,0,0.0,0.5,0
unique_rows,47,DT,450,0,0.0,0.5,0
unique_rows,47,DT,719,1,0.0,0.5,0
unique_rows,47,DT,528,1,0.0,0.5,0
unique_rows,47,DT,190,1,1.0,0.5,1
unique_rows,47,DT,109,0,0.0,0.5,0
unique_rows,47,DT,45,1,1.0,0.5,1
unique_rows,47,DT,107,0,0.0,0.5,0
unique_rows,47,DT,147,0,0.0,0.5,0
unique_rows,47,DT,355,1,1.0,0.5,1
unique_rows,47,DT,174,0,0.0,0.5,0
unique_rows,47,DT,878,0,0.0,0.5,0
unique_rows,47,DT,361,1,0.0,0.5,0
unique_rows,47,DT,96,1,0.0,0.5,0
unique_rows,47,DT,288,1,1.0,0.5,1
unique_rows,47,DT,114,0,0.0,0.5,0
unique_rows,47,DT,194,0,0.0,0.5,0
unique_rows,47,DT,22,1,1.0,0.5,1
unique_rows,47,DT,139,1,1.0,0.5,1
unique_rows,47,DT,733,1,1.0,0.5,1
unique_rows,47,DT,321,1,0.0,0.5,0
unique_rows,47,DT,171,0,0.0,0.5,0
unique_rows,47,DT,304,1,1.0,0.5,1
unique_rows,47,DT,80,0,0.0,0.5,0
unique_rows,47,DT,233,1,1.0,0.5,1
unique_rows,47,DT,9,0,0.0,0.5,0
unique_rows,47,DT,580,1,1.0,0.5,1
unique_rows,47,DT,21,1,0.0,0.5,0
unique_rows,47,DT,8,0,0.0,0.5,0
unique_rows,47,RF,210,1,0.66,0.5,1
unique_rows,47,RF,356,0,0.27,0.5,0
unique_rows,47,RF,144,1,0.74,0.5,1
unique_rows,47,RF,720,0,0.9,0.5,1
unique_rows,47,RF,244,1,0.59,0.5,1
unique_rows,47,RF,521,1,0.22,0.5,0
unique_rows,47,RF,739,0,0.27,0.5,0
unique_rows,47,RF,533,1,0.92,0.5,1
unique_rows,47,RF,332,1,0.41,0.5,0
unique_rows,47,RF,437,0,0.03,0.5,0
unique_rows,47,RF,276,1,0.52,0.5,1
unique_rows,47,RF,50,1,0.84,0.5,1
unique_rows,47,RF,384,0,0.46,0.5,0
unique_rows,47,RF,234,1,0.93,0.5,1
unique_rows,47,RF,694,0,0.34,0.5,0
unique_rows,47,RF,166,0,0.14,0.5,0
unique_rows,47,RF,110,0,0.49,0.5,0
unique_rows,47,RF,57,1,0.87,0.5,1
unique_rows,47,RF,66,1,0.87,0.5,1
unique_rows,47,RF,348,0,0.12,0.5,0
unique_rows,47,RF,255,1,0.63,0.5,1
unique_rows,47,RF,252,0,0.04,0.5,0
unique_rows,47,RF,119,1,0.96,0.5,1
unique_rows,47,RF,105,0,0.24,0.5,0
unique_rows,47,RF,368,1,0.59,0.5,1
unique_rows,47,RF,42,0,0.88,0.5,1
unique_rows,47,RF,382,0,0.07,0.5,0
unique_rows,47,RF,232,0,0.01,0.5,0
unique_rows,47,RF,158,1,0.43,0.5,0
unique_rows,47,RF,427,1,0.85,0.5,1
unique_rows,47,RF,89,0,0.09,0.5,0
unique_rows,47,RF,566,1,0.82,0.5,1
unique_rows,47,RF,124,0,0.04,0.5,0
unique_rows,47,RF,450,0,0.06,0.5,0
unique_rows,47,RF,719,1,0.24,0.5,0
unique_rows,47,RF,528,1,0.17,0.5,0
unique_rows,47,RF,190,1,0.87,0.5,1
unique_rows,47,RF,109,0,0.33,0.5,0
unique_rows,47,RF,45,1,0.93,0.5,1
unique_rows,47,RF,107,0,0.19,0.5,0
unique_rows,47,RF,147,0,0.75,0.5,1
unique_rows,47,RF,355,1,0.66,0.5,1
unique_rows,47,RF,174,0,0.05,0.5,0
unique_rows,47,RF,878,0,0.18,0.5,0
unique_rows,47,RF,361,1,0.11,0.5,0
unique_rows,47,RF,96,1,0.5,0.5,1
unique_rows,47,RF,288,1,0.9,0.5,1
unique_rows,47,RF,114,0,0.52,0.5,1
unique_rows,47,RF,194,0,0.07,0.5,0
unique_rows,47,RF,22,1,0.24,0.5,0
unique_rows,47,RF,139,1,0.7,0.5,1
unique_rows,47,RF,733,1,0.89,0.5,1
unique_rows,47,RF,321,1,0.96,0.5,1
unique_rows,47,RF,171,0,0.06,0.5,0
unique_rows,47,RF,304,1,0.98,0.5,1
unique_rows,47,RF,80,0,0.56,0.5,1
unique_rows,47,RF,233,1,0.98,0.5,1
unique_rows,47,RF,9,0,0.07,0.5,0
unique_rows,47,RF,580,1,0.84,0.5,1
unique_rows,47,RF,21,1,0.45,0.5,0
unique_rows,47,RF,8,0,0.42,0.5,0
unique_rows,47,XGB,210,1,0.2077123522758484,0.5,0
unique_rows,47,XGB,356,0,0.0013354726834222674,0.5,0
unique_rows,47,XGB,144,1,0.9248852133750916,0.5,1
unique_rows,47,XGB,720,0,0.9952290058135986,0.5,1
unique_rows,47,XGB,244,1,0.3793351948261261,0.5,0
unique_rows,47,XGB,521,1,0.01391884870827198,0.5,0
unique_rows,47,XGB,739,0,0.03767024725675583,0.5,0
unique_rows,47,XGB,533,1,0.9983766078948975,0.5,1
unique_rows,47,XGB,332,1,0.07778200507164001,0.5,0
unique_rows,47,XGB,437,0,0.0012673850869759917,0.5,0
unique_rows,47,XGB,276,1,0.8140479922294617,0.5,1
unique_rows,47,XGB,50,1,0.9954034090042114,0.5,1
unique_rows,47,XGB,384,0,0.19817090034484863,0.5,0
unique_rows,47,XGB,234,1,0.9965648055076599,0.5,1
unique_rows,47,XGB,694,0,0.044971078634262085,0.5,0
unique_rows,47,XGB,166,0,0.007703276351094246,0.5,0
unique_rows,47,XGB,110,0,0.06270743906497955,0.5,0
unique_rows,47,XGB,57,1,0.9879418015480042,0.5,1
unique_rows,47,XGB,66,1,0.9952173233032227,0.5,1
unique_rows,47,XGB,348,0,0.0011876283679157495,0.5,0
unique_rows,47,XGB,255,1,0.8704939484596252,0.5,1
unique_rows,47,XGB,252,0,0.00102135818451643,0.5,0
unique_rows,47,XGB,119,1,0.9969685673713684,0.5,1
unique_rows,47,XGB,105,0,0.008685415610671043,0.5,0
unique_rows,47,XGB,368,1,0.06850218772888184,0.5,0
unique_rows,47,XGB,42,0,0.9920437932014465,0.5,1
unique_rows,47,XGB,382,0,0.0006537489243783057,0.5,0
unique_rows,47,XGB,232,0,0.00015599648759234697,0.5,0
unique_rows,47,XGB,158,1,0.7550466656684875,0.5,1
unique_rows,47,XGB,427,1,0.9986233711242676,0.5,1
unique_rows,47,XGB,89,0,0.0015188653487712145,0.5,0
unique_rows,47,XGB,566,1,0.9870878458023071,0.5,1
unique_rows,47,XGB,124,0,0.0006966441287659109,0.5,0
unique_rows,47,XGB,450,0,0.0012414768571034074,0.5,0
unique_rows,47,XGB,719,1,0.03367765247821808,0.5,0
unique_rows,47,XGB,528,1,0.005604979116469622,0.5,0
unique_rows,47,XGB,190,1,0.9856775999069214,0.5,1
unique_rows,47,XGB,109,0,0.03696504235267639,0.5,0
unique_rows,47,XGB,45,1,0.9885836839675903,0.5,1
unique_rows,47,XGB,107,0,0.0019620340317487717,0.5,0
unique_rows,47,XGB,147,0,0.8890972137451172,0.5,1
unique_rows,47,XGB,355,1,0.4890214204788208,0.5,0
unique_rows,47,XGB,174,0,0.002415300579741597,0.5,0
unique_rows,47,XGB,878,0,0.006738766562193632,0.5,0
unique_rows,47,XGB,361,1,0.002312907949090004,0.5,0
unique_rows,47,XGB,96,1,0.05544530227780342,0.5,0
unique_rows,47,XGB,288,1,0.9916834831237793,0.5,1
unique_rows,47,XGB,114,0,0.24258509278297424,0.5,0
unique_rows,47,XGB,194,0,0.015103325247764587,0.5,0
unique_rows,47,XGB,22,1,0.04698033258318901,0.5,0
unique_rows,47,XGB,139,1,0.8642836809158325,0.5,1
unique_rows,47,XGB,733,1,0.996225118637085,0.5,1
unique_rows,47,XGB,321,1,0.9908214807510376,0.5,1
unique_rows,47,XGB,171,0,0.001836824812926352,0.5,0
unique_rows,47,XGB,304,1,0.9992600083351135,0.5,1
unique_rows,47,XGB,80,0,0.6591902375221252,0.5,1
unique_rows,47,XGB,233,1,0.9997389912605286,0.5,1
unique_rows,47,XGB,9,0,0.0037618735805153847,0.5,0
unique_rows,47,XGB,580,1,0.9763590097427368,0.5,1
unique_rows,47,XGB,21,1,0.5418936610221863,0.5,1
unique_rows,47,XGB,8,0,0.07182346284389496,0.5,0
unique_rows,47,NB,210,1,0.8965773903921358,0.5,1
unique_rows,47,NB,356,0,0.0009211917483498887,0.5,0
unique_rows,47,NB,144,1,0.9867178754020961,0.5,1
unique_rows,47,NB,720,0,0.992913924962987,0.5,1
unique_rows,47,NB,244,1,0.4585799789188362,0.5,0
unique_rows,47,NB,521,1,0.00020914685933369422,0.5,0
unique_rows,47,NB,739,0,0.13469362345050714,0.5,0
unique_rows,47,NB,533,1,0.9943271809874084,0.5,1
unique_rows,47,NB,332,1,0.02853503915242605,0.5,0
unique_rows,47,NB,437,0,5.742584481850697e-06,0.5,0
unique_rows,47,NB,276,1,0.29877101574728776,0.5,0
unique_rows,47,NB,50,1,0.9977199779717753,0.5,1
unique_rows,47,NB,384,0,0.6430480489245882,0.5,1
unique_rows,47,NB,234,1,0.9976622025618497,0.5,1
unique_rows,47,NB,694,0,0.6936868856078058,0.5,1
unique_rows,47,NB,166,0,0.00037334885766634546,0.5,0
unique_rows,47,NB,110,0,0.9883341293170759,0.5,1
unique_rows,47,NB,57,1,0.9857244473566307,0.5,1
unique_rows,47,NB,66,1,0.710694286816141,0.5,1
unique_rows,47,NB,348,0,3.3923312029039476e-06,0.5,0
unique_rows,47,NB,255,1,0.7926699611160489,0.5,1
unique_rows,47,NB,252,0,0.002021420106836677,0.5,0
unique_rows,47,NB,119,1,0.9979948039093364,0.5,1
unique_rows,47,NB,105,0,0.02309803009071071,0.5,0
unique_rows,47,NB,368,1,0.18091483844291703,0.5,0
unique_rows,47,NB,42,0,0.9913836108533588,0.5,1
unique_rows,47,NB,382,0,0.003588997872512282,0.5,0
unique_rows,47,NB,232,0,2.3215009440931944e-05,0.5,0
unique_rows,47,NB,158,1,0.3785464071675216,0.5,0
unique_rows,47,NB,427,1,0.9878666336320427,0.5,1
unique_rows,47,NB,89,0,3.282602727870716e-06,0.5,0
unique_rows,47,NB,566,1,0.9960592503158299,0.5,1
unique_rows,47,NB,124,0,6.421872315315306e-07,0.5,0
unique_rows,47,NB,450,0,1.3406069908100448e-08,0.5,0
unique_rows,47,NB,719,1,0.01166049123716506,0.5,0
unique_rows,47,NB,528,1,2.564691384128557e-07,0.5,0
unique_rows,47,NB,190,1,0.9996905159129217,0.5,1
unique_rows,47,NB,109,0,0.017839348612547767,0.5,0
unique_rows,47,NB,45,1,0.9966379861264314,0.5,1
unique_rows,47,NB,107,0,0.015938135382768462,0.5,0
unique_rows,47,NB,147,0,0.9630660342654449,0.5,1
unique_rows,47,NB,355,1,0.7176675011084225,0.5,1
unique_rows,47,NB,174,0,2.722172696486496e-05,0.5,0
unique_rows,47,NB,878,0,0.0328923413213659,0.5,0
unique_rows,47,NB,361,1,0.0023958823441400556,0.5,0
unique_rows,47,NB,96,1,0.9783598368390893,0.5,1
unique_rows,47,NB,288,1,0.9994051952524123,0.5,1
unique_rows,47,NB,114,0,0.1216633373817528,0.5,0
unique_rows,47,NB,194,0,6.7278637088056804e-06,0.5,0
unique_rows,47,NB,22,1,0.0008911983042635514,0.5,0
unique_rows,47,NB,139,1,0.9982380118056547,0.5,1
unique_rows,47,NB,733,1,0.9996644645780121,0.5,1
unique_rows,47,NB,321,1,0.9992845582871961,0.5,1
unique_rows,47,NB,171,0,4.5029147070224236e-05,0.5,0
unique_rows,47,NB,304,1,0.9981578603152744,0.5,1
unique_rows,47,NB,80,0,0.8466002695561592,0.5,1
unique_rows,47,NB,233,1,0.9996374202871594,0.5,1
unique_rows,47,NB,9,0,1.469550302367608e-06,0.5,0
unique_rows,47,NB,580,1,0.9594284127840721,0.5,1
unique_rows,47,NB,21,1,0.8898658291692001,0.5,1
unique_rows,47,NB,8,0,0.8057467244031108,0.5,1
unique_rows,47,KNN,210,1,0.8,0.5,1
unique_rows,47,KNN,356,0,0.2,0.5,0
unique_rows,47,KNN,144,1,0.8,0.5,1
unique_rows,47,KNN,720,0,1.0,0.5,1
unique_rows,47,KNN,244,1,0.8,0.5,1
unique_rows,47,KNN,521,1,0.2,0.5,0
unique_rows,47,KNN,739,0,0.2,0.5,0
unique_rows,47,KNN,533,1,1.0,0.5,1
unique_rows,47,KNN,332,1,0.4,0.5,0
unique_rows,47,KNN,437,0,0.0,0.5,0
unique_rows,47,KNN,276,1,0.2,0.5,0
unique_rows,47,KNN,50,1,0.6,0.5,1
unique_rows,47,KNN,384,0,0.4,0.5,0
unique_rows,47,KNN,234,1,1.0,0.5,1
unique_rows,47,KNN,694,0,0.4,0.5,0
unique_rows,47,KNN,166,0,0.2,0.5,0
unique_rows,47,KNN,110,0,0.6,0.5,1
unique_rows,47,KNN,57,1,0.8,0.5,1
unique_rows,47,KNN,66,1,0.8,0.5,1
unique_rows,47,KNN,348,0,0.0,0.5,0
unique_rows,47,KNN,255,1,1.0,0.5,1
unique_rows,47,KNN,252,0,0.2,0.5,0
unique_rows,47,KNN,119,1,1.0,0.5,1
unique_rows,47,KNN,105,0,0.0,0.5,0
unique_rows,47,KNN,368,1,0.8,0.5,1
unique_rows,47,KNN,42,0,1.0,0.5,1
unique_rows,47,KNN,382,0,0.0,0.5,0
unique_rows,47,KNN,232,0,0.0,0.5,0
unique_rows,47,KNN,158,1,0.8,0.5,1
unique_rows,47,KNN,427,1,1.0,0.5,1
unique_rows,47,KNN,89,0,0.0,0.5,0
unique_rows,47,KNN,566,1,1.0,0.5,1
unique_rows,47,KNN,124,0,0.0,0.5,0
unique_rows,47,KNN,450,0,0.0,0.5,0
unique_rows,47,KNN,719,1,0.2,0.5,0
unique_rows,47,KNN,528,1,0.2,0.5,0
unique_rows,47,KNN,190,1,0.8,0.5,1
unique_rows,47,KNN,109,0,0.0,0.5,0
unique_rows,47,KNN,45,1,0.8,0.5,1
unique_rows,47,KNN,107,0,0.2,0.5,0
unique_rows,47,KNN,147,0,1.0,0.5,1
unique_rows,47,KNN,355,1,0.8,0.5,1
unique_rows,47,KNN,174,0,0.0,0.5,0
unique_rows,47,KNN,878,0,0.4,0.5,0
unique_rows,47,KNN,361,1,0.2,0.5,0
unique_rows,47,KNN,96,1,0.8,0.5,1
unique_rows,47,KNN,288,1,1.0,0.5,1
unique_rows,47,KNN,114,0,0.6,0.5,1
unique_rows,47,KNN,194,0,0.0,0.5,0
unique_rows,47,KNN,22,1,0.2,0.5,0
unique_rows,47,KNN,139,1,0.8,0.5,1
unique_rows,47,KNN,733,1,1.0,0.5,1
unique_rows,47,KNN,321,1,1.0,0.5,1
unique_rows,47,KNN,171,0,0.0,0.5,0
unique_rows,47,KNN,304,1,0.8,0.5,1
unique_rows,47,KNN,80,0,0.8,0.5,1
unique_rows,47,KNN,233,1,1.0,0.5,1
unique_rows,47,KNN,9,0,0.0,0.5,0
unique_rows,47,KNN,580,1,1.0,0.5,1
unique_rows,47,KNN,21,1,0.6,0.5,1
unique_rows,47,KNN,8,0,0.4,0.5,0
unique_rows,47,Stacking,210,1,0.7170168787881087,0.5,1
unique_rows,47,Stacking,356,0,0.09684907860956782,0.5,0
unique_rows,47,Stacking,144,1,0.8582186614081032,0.5,1
unique_rows,47,Stacking,720,0,0.9167587910003332,0.5,1
unique_rows,47,Stacking,244,1,0.5684417368273478,0.5,1
unique_rows,47,Stacking,521,1,0.08778494750914248,0.5,0
unique_rows,47,Stacking,739,0,0.12949583340614607,0.5,0
unique_rows,47,Stacking,533,1,0.9199908677255402,0.5,1
unique_rows,47,Stacking,332,1,0.18022002968112028,0.5,0
unique_rows,47,Stacking,437,0,0.05273604250504667,0.5,0
unique_rows,47,Stacking,276,1,0.33707174223317854,0.5,0
unique_rows,47,Stacking,50,1,0.8642849750603281,0.5,1
unique_rows,47,Stacking,384,0,0.34231501268424996,0.5,0
unique_rows,47,Stacking,234,1,0.9224384974110547,0.5,1
unique_rows,47,Stacking,694,0,0.315731579923263,0.5,0
unique_rows,47,Stacking,166,0,0.08265794804623329,0.5,0
unique_rows,47,Stacking,110,0,0.6552538373075967,0.5,1
unique_rows,47,Stacking,57,1,0.8745941923744934,0.5,1
unique_rows,47,Stacking,66,1,0.7904562299770518,0.5,1
unique_rows,47,Stacking,348,0,0.05944573937343382,0.5,0
unique_rows,47,Stacking,255,1,0.7815239532102631,0.5,1
unique_rows,47,Stacking,252,0,0.06885545083770891,0.5,0
unique_rows,47,Stacking,119,1,0.9231887281618053,0.5,1
unique_rows,47,Stacking,105,0,0.07563102858444638,0.5,0
unique_rows,47,Stacking,368,1,0.41620054152235286,0.5,0
unique_rows,47,Stacking,42,0,0.9142144696095137,0.5,1
unique_rows,47,Stacking,382,0,0.05703167457418222,0.5,0
unique_rows,47,Stacking,232,0,0.05146478929434555,0.5,0
unique_rows,47,Stacking,158,1,0.5613157959520128,0.5,1
unique_rows,47,Stacking,427,1,0.9098306734219183,0.5,1
unique_rows,47,Stacking,89,0,0.05728998002465502,0.5,0
unique_rows,47,Stacking,566,1,0.9097270048383915,0.5,1
unique_rows,47,Stacking,124,0,0.05357209581896919,0.5,0
unique_rows,47,Stacking,450,0,0.054874786123751025,0.5,0
unique_rows,47,Stacking,719,1,0.0979649298078612,0.5,0
unique_rows,47,Stacking,528,1,0.08299423368046786,0.5,0
unique_rows,47,Stacking,190,1,0.8951635712027187,0.5,1
unique_rows,47,Stacking,109,0,0.09109282067775584,0.5,0
unique_rows,47,Stacking,45,1,0.8938236581006963,0.5,1
unique_rows,47,Stacking,107,0,0.08823472427920952,0.5,0
unique_rows,47,Stacking,147,0,0.881216473430173,0.5,1
unique_rows,47,Stacking,355,1,0.6988056909330944,0.5,1
unique_rows,47,Stacking,174,0,0.05459488676392489,0.5,0
unique_rows,47,Stacking,878,0,0.11332475134367322,0.5,0
unique_rows,47,Stacking,361,1,0.07694457498721541,0.5,0
unique_rows,47,Stacking,96,1,0.7256141556851271,0.5,1
unique_rows,47,Stacking,288,1,0.9210519889479949,0.5,1
unique_rows,47,Stacking,114,0,0.39909329136775346,0.5,0
unique_rows,47,Stacking,194,0,0.05609720435009782,0.5,0
unique_rows,47,Stacking,22,1,0.08673683427345695,0.5,0
unique_rows,47,Stacking,139,1,0.8567160128941486,0.5,1
unique_rows,47,Stacking,733,1,0.9201690044585382,0.5,1
unique_rows,47,Stacking,321,1,0.9360852257131732,0.5,1
unique_rows,47,Stacking,171,0,0.05510306505006826,0.5,0
unique_rows,47,Stacking,304,1,0.9091814668468684,0.5,1
unique_rows,47,Stacking,80,0,0.7019929285578788,0.5,1
unique_rows,47,Stacking,233,1,0.9287805331561729,0.5,1
unique_rows,47,Stacking,9,0,0.05577626641773013,0.5,0
unique_rows,47,Stacking,580,1,0.9011191306130201,0.5,1
unique_rows,47,Stacking,21,1,0.6881647171853752,0.5,1
unique_rows,47,Stacking,8,0,0.4205737836841545,0.5,0
unique_rows,47,OneHot LR,210,1,0.8677791264393432,0.5,1
unique_rows,47,OneHot LR,356,0,0.030695808368537376,0.5,0
unique_rows,47,OneHot LR,144,1,0.9162185582630922,0.5,1
unique_rows,47,OneHot LR,720,0,0.9715550950767913,0.5,1
unique_rows,47,OneHot LR,244,1,0.7739461153118021,0.5,1
unique_rows,47,OneHot LR,521,1,0.14829458371476406,0.5,0
unique_rows,47,OneHot LR,739,0,0.13427307939646166,0.5,0
unique_rows,47,OneHot LR,533,1,0.9600230539557824,0.5,1
unique_rows,47,OneHot LR,332,1,0.7413919087280434,0.5,1
unique_rows,47,OneHot LR,437,0,0.0025700045442319246,0.5,0
unique_rows,47,OneHot LR,276,1,0.5452847334594177,0.5,1
unique_rows,47,OneHot LR,50,1,0.9850873741201256,0.5,1
unique_rows,47,OneHot LR,384,0,0.3469495832248065,0.5,0
unique_rows,47,OneHot LR,234,1,0.9717760435368137,0.5,1
unique_rows,47,OneHot LR,694,0,0.20377816145449135,0.5,0
unique_rows,47,OneHot LR,166,0,0.022533168101889805,0.5,0
unique_rows,47,OneHot LR,110,0,0.6888429123638411,0.5,1
unique_rows,47,OneHot LR,57,1,0.7880067919178169,0.5,1
unique_rows,47,OneHot LR,66,1,0.90722384406854,0.5,1
unique_rows,47,OneHot LR,348,0,0.032264163580596486,0.5,0
unique_rows,47,OneHot LR,255,1,0.6390842447137425,0.5,1
unique_rows,47,OneHot LR,252,0,0.009036169724405152,0.5,0
unique_rows,47,OneHot LR,119,1,0.9432555467040696,0.5,1
unique_rows,47,OneHot LR,105,0,0.04671655048315224,0.5,0
unique_rows,47,OneHot LR,368,1,0.5082589630595873,0.5,1
unique_rows,47,OneHot LR,42,0,0.9604419708587325,0.5,1
unique_rows,47,OneHot LR,382,0,0.01665687414509135,0.5,0
unique_rows,47,OneHot LR,232,0,0.004432839922849872,0.5,0
unique_rows,47,OneHot LR,158,1,0.6189159694173524,0.5,1
unique_rows,47,OneHot LR,427,1,0.9555008470988572,0.5,1
unique_rows,47,OneHot LR,89,0,0.005699809660087504,0.5,0
unique_rows,47,OneHot LR,566,1,0.9728517842744918,0.5,1
unique_rows,47,OneHot LR,124,0,0.004039660351954278,0.5,0
unique_rows,47,OneHot LR,450,0,0.003792003920679197,0.5,0
unique_rows,47,OneHot LR,719,1,0.1972716351103025,0.5,0
unique_rows,47,OneHot LR,528,1,0.07550320812992956,0.5,0
unique_rows,47,OneHot LR,190,1,0.9879653972556312,0.5,1
unique_rows,47,OneHot LR,109,0,0.096493909843685,0.5,0
unique_rows,47,OneHot LR,45,1,0.9089096236541576,0.5,1
unique_rows,47,OneHot LR,107,0,0.026962997198659154,0.5,0
unique_rows,47,OneHot LR,147,0,0.7193745367664307,0.5,1
unique_rows,47,OneHot LR,355,1,0.6939726095349847,0.5,1
unique_rows,47,OneHot LR,174,0,0.0066651407830977845,0.5,0
unique_rows,47,OneHot LR,878,0,0.030007117065869306,0.5,0
unique_rows,47,OneHot LR,361,1,0.0626342503447404,0.5,0
unique_rows,47,OneHot LR,96,1,0.7903932656760456,0.5,1
unique_rows,47,OneHot LR,288,1,0.9952982079552586,0.5,1
unique_rows,47,OneHot LR,114,0,0.4241999607331233,0.5,0
unique_rows,47,OneHot LR,194,0,0.006219464941755147,0.5,0
unique_rows,47,OneHot LR,22,1,0.1513582118992511,0.5,0
unique_rows,47,OneHot LR,139,1,0.9553583994782149,0.5,1
unique_rows,47,OneHot LR,733,1,0.9885872579046039,0.5,1
unique_rows,47,OneHot LR,321,1,0.9913579508359244,0.5,1
unique_rows,47,OneHot LR,171,0,0.05304487704762875,0.5,0
unique_rows,47,OneHot LR,304,1,0.9768907157519882,0.5,1
unique_rows,47,OneHot LR,80,0,0.23539888959185157,0.5,0
unique_rows,47,OneHot LR,233,1,0.9822547523928424,0.5,1
unique_rows,47,OneHot LR,9,0,0.004654858115583411,0.5,0
unique_rows,47,OneHot LR,580,1,0.9030706339230762,0.5,1
unique_rows,47,OneHot LR,21,1,0.7740408783072262,0.5,1
unique_rows,47,OneHot LR,8,0,0.4650583174740141,0.5,0
unique_rows,47,Proposed,210,1,0.8677791264393432,0.2,1
unique_rows,47,Proposed,356,0,0.030695808368537376,0.2,0
unique_rows,47,Proposed,144,1,0.9162185582630922,0.2,1
unique_rows,47,Proposed,720,0,0.9715550950767913,0.2,1
unique_rows,47,Proposed,244,1,0.7739461153118021,0.2,1
unique_rows,47,Proposed,521,1,0.14829458371476406,0.2,0
unique_rows,47,Proposed,739,0,0.13427307939646166,0.2,0
unique_rows,47,Proposed,533,1,0.9600230539557824,0.2,1
unique_rows,47,Proposed,332,1,0.7413919087280434,0.2,1
unique_rows,47,Proposed,437,0,0.0025700045442319246,0.2,0
unique_rows,47,Proposed,276,1,0.5452847334594177,0.2,1
unique_rows,47,Proposed,50,1,0.9850873741201256,0.2,1
unique_rows,47,Proposed,384,0,0.3469495832248065,0.2,1
unique_rows,47,Proposed,234,1,0.9717760435368137,0.2,1
unique_rows,47,Proposed,694,0,0.20377816145449135,0.2,1
unique_rows,47,Proposed,166,0,0.022533168101889805,0.2,0
unique_rows,47,Proposed,110,0,0.6888429123638411,0.2,1
unique_rows,47,Proposed,57,1,0.7880067919178169,0.2,1
unique_rows,47,Proposed,66,1,0.90722384406854,0.2,1
unique_rows,47,Proposed,348,0,0.032264163580596486,0.2,0
unique_rows,47,Proposed,255,1,0.6390842447137425,0.2,1
unique_rows,47,Proposed,252,0,0.009036169724405152,0.2,0
unique_rows,47,Proposed,119,1,0.9432555467040696,0.2,1
unique_rows,47,Proposed,105,0,0.04671655048315224,0.2,0
unique_rows,47,Proposed,368,1,0.5082589630595873,0.2,1
unique_rows,47,Proposed,42,0,0.9604419708587325,0.2,1
unique_rows,47,Proposed,382,0,0.01665687414509135,0.2,0
unique_rows,47,Proposed,232,0,0.004432839922849872,0.2,0
unique_rows,47,Proposed,158,1,0.6189159694173524,0.2,1
unique_rows,47,Proposed,427,1,0.9555008470988572,0.2,1
unique_rows,47,Proposed,89,0,0.005699809660087504,0.2,0
unique_rows,47,Proposed,566,1,0.9728517842744918,0.2,1
unique_rows,47,Proposed,124,0,0.004039660351954278,0.2,0
unique_rows,47,Proposed,450,0,0.003792003920679197,0.2,0
unique_rows,47,Proposed,719,1,0.1972716351103025,0.2,0
unique_rows,47,Proposed,528,1,0.07550320812992956,0.2,0
unique_rows,47,Proposed,190,1,0.9879653972556312,0.2,1
unique_rows,47,Proposed,109,0,0.096493909843685,0.2,0
unique_rows,47,Proposed,45,1,0.9089096236541576,0.2,1
unique_rows,47,Proposed,107,0,0.026962997198659154,0.2,0
unique_rows,47,Proposed,147,0,0.7193745367664307,0.2,1
unique_rows,47,Proposed,355,1,0.6939726095349847,0.2,1
unique_rows,47,Proposed,174,0,0.0066651407830977845,0.2,0
unique_rows,47,Proposed,878,0,0.030007117065869306,0.2,0
unique_rows,47,Proposed,361,1,0.0626342503447404,0.2,0
unique_rows,47,Proposed,96,1,0.7903932656760456,0.2,1
unique_rows,47,Proposed,288,1,0.9952982079552586,0.2,1
unique_rows,47,Proposed,114,0,0.4241999607331233,0.2,1
unique_rows,47,Proposed,194,0,0.006219464941755147,0.2,0
unique_rows,47,Proposed,22,1,0.1513582118992511,0.2,0
unique_rows,47,Proposed,139,1,0.9553583994782149,0.2,1
unique_rows,47,Proposed,733,1,0.9885872579046039,0.2,1
unique_rows,47,Proposed,321,1,0.9913579508359244,0.2,1
unique_rows,47,Proposed,171,0,0.05304487704762875,0.2,0
unique_rows,47,Proposed,304,1,0.9768907157519882,0.2,1
unique_rows,47,Proposed,80,0,0.23539888959185157,0.2,1
unique_rows,47,Proposed,233,1,0.9822547523928424,0.2,1
unique_rows,47,Proposed,9,0,0.004654858115583411,0.2,0
unique_rows,47,Proposed,580,1,0.9030706339230762,0.2,1
unique_rows,47,Proposed,21,1,0.7740408783072262,0.2,1
unique_rows,47,Proposed,8,0,0.4650583174740141,0.2,1
unique_rows,48,LR,145,0,0.06386535678685683,0.5,0
unique_rows,48,LR,7,0,0.021951985383724205,0.5,0
unique_rows,48,LR,244,1,0.7914458442183967,0.5,1
unique_rows,48,LR,53,0,0.15787798205045703,0.5,0
unique_rows,48,LR,536,1,0.9736151043376439,0.5,1
unique_rows,48,LR,12,1,0.9955230096793292,0.5,1
unique_rows,48,LR,245,1,0.9424168789126198,0.5,1
unique_rows,48,LR,0,0,0.38397581173419165,0.5,0
unique_rows,48,LR,54,0,0.006307248758446968,0.5,0
unique_rows,48,LR,66,1,0.6262489468585078,0.5,1
unique_rows,48,LR,339,0,0.11133572603361448,0.5,0
unique_rows,48,LR,254,0,0.14441226364864643,0.5,0
unique_rows,48,LR,135,0,0.16476025204144537,0.5,0
unique_rows,48,LR,151,0,0.5267094457019201,0.5,1
unique_rows,48,LR,169,1,0.9645139283486674,0.5,1
unique_rows,48,LR,320,1,0.7794266095235741,0.5,1
unique_rows,48,LR,363,1,0.6553293321403694,0.5,1
unique_rows,48,LR,59,0,0.6623209088876996,0.5,1
unique_rows,48,LR,97,0,0.005533513642235007,0.5,0
unique_rows,48,LR,36,1,0.4821681518485173,0.5,0
unique_rows,48,LR,69,0,0.012659323218990728,0.5,0
unique_rows,48,LR,49,0,0.13451184317268025,0.5,0
unique_rows,48,LR,198,1,0.9792148717104282,0.5,1
unique_rows,48,LR,449,0,0.763874496460686,0.5,1
unique_rows,48,LR,196,0,0.5934531345613963,0.5,1
unique_rows,48,LR,256,1,0.9830726698058861,0.5,1
unique_rows,48,LR,260,1,0.9721243912075547,0.5,1
unique_rows,48,LR,522,1,0.9706480486507616,0.5,1
unique_rows,48,LR,374,1,0.7499971576638695,0.5,1
unique_rows,48,LR,123,1,0.8921019205632236,0.5,1
unique_rows,48,LR,566,1,0.9567781220324556,0.5,1
unique_rows,48,LR,38,1,0.02166836604383826,0.5,0
unique_rows,48,LR,193,1,0.5119527454850612,0.5,1
unique_rows,48,LR,76,1,0.8949764947288635,0.5,1
unique_rows,48,LR,110,0,0.8109608622258179,0.5,1
unique_rows,48,LR,321,1,0.9808790988506636,0.5,1
unique_rows,48,LR,126,1,0.3745478565125716,0.5,0
unique_rows,48,LR,146,1,0.9786109240338697,0.5,1
unique_rows,48,LR,46,1,0.8331440649037996,0.5,1
unique_rows,48,LR,633,0,0.024756904904436657,0.5,0
unique_rows,48,LR,56,1,0.7867415443206207,0.5,1
unique_rows,48,LR,75,1,0.8979705397537557,0.5,1
unique_rows,48,LR,128,1,0.5172461347520076,0.5,1
unique_rows,48,LR,30,0,0.2356927368255307,0.5,0
unique_rows,48,LR,108,0,0.8143390456502266,0.5,1
unique_rows,48,LR,258,0,0.7044142860561405,0.5,1
unique_rows,48,LR,122,0,0.0063903154548335,0.5,0
unique_rows,48,LR,384,0,0.32702388107584274,0.5,0
unique_rows,48,LR,349,0,0.47710984163231707,0.5,0
unique_rows,48,LR,319,1,0.9877855912350479,0.5,1
unique_rows,48,LR,334,0,0.009449601531877355,0.5,0
unique_rows,48,LR,629,0,0.7536081375122257,0.5,1
unique_rows,48,LR,27,0,0.8016266316326425,0.5,1
unique_rows,48,LR,304,1,0.9744750705084128,0.5,1
unique_rows,48,LR,35,0,0.629008576945729,0.5,1
unique_rows,48,LR,48,1,0.837034163774385,0.5,1
unique_rows,48,LR,691,1,0.8916452834862989,0.5,1
unique_rows,48,LR,281,1,0.9652926833977258,0.5,1
unique_rows,48,LR,181,1,0.5715496236721139,0.5,1
unique_rows,48,LR,60,1,0.971686792052254,0.5,1
unique_rows,48,LR,89,0,0.0449370397734273,0.5,0
unique_rows,48,DT,145,0,0.0,0.5,0
unique_rows,48,DT,7,0,0.0,0.5,0
unique_rows,48,DT,244,1,1.0,0.5,1
unique_rows,48,DT,53,0,0.0,0.5,0
unique_rows,48,DT,536,1,1.0,0.5,1
unique_rows,48,DT,12,1,1.0,0.5,1
unique_rows,48,DT,245,1,1.0,0.5,1
unique_rows,48,DT,0,0,0.0,0.5,0
unique_rows,48,DT,54,0,0.0,0.5,0
unique_rows,48,DT,66,1,1.0,0.5,1
unique_rows,48,DT,339,0,0.0,0.5,0
unique_rows,48,DT,254,0,0.0,0.5,0
unique_rows,48,DT,135,0,0.0,0.5,0
unique_rows,48,DT,151,0,1.0,0.5,1
unique_rows,48,DT,169,1,1.0,0.5,1
unique_rows,48,DT,320,1,1.0,0.5,1
unique_rows,48,DT,363,1,1.0,0.5,1
unique_rows,48,DT,59,0,1.0,0.5,1
unique_rows,48,DT,97,0,0.0,0.5,0
unique_rows,48,DT,36,1,0.0,0.5,0
unique_rows,48,DT,69,0,0.0,0.5,0
unique_rows,48,DT,49,0,0.0,0.5,0
unique_rows,48,DT,198,1,1.0,0.5,1
unique_rows,48,DT,449,0,0.0,0.5,0
unique_rows,48,DT,196,0,1.0,0.5,1
unique_rows,48,DT,256,1,1.0,0.5,1
unique_rows,48,DT,260,1,1.0,0.5,1
unique_rows,48,DT,522,1,1.0,0.5,1
unique_rows,48,DT,374,1,1.0,0.5,1
unique_rows,48,DT,123,1,1.0,0.5,1
unique_rows,48,DT,566,1,1.0,0.5,1
unique_rows,48,DT,38,1,0.0,0.5,0
unique_rows,48,DT,193,1,0.0,0.5,0
unique_rows,48,DT,76,1,1.0,0.5,1
unique_rows,48,DT,110,0,0.0,0.5,0
unique_rows,48,DT,321,1,1.0,0.5,1
unique_rows,48,DT,126,1,1.0,0.5,1
unique_rows,48,DT,146,1,1.0,0.5,1
unique_rows,48,DT,46,1,0.0,0.5,0
unique_rows,48,DT,633,0,0.0,0.5,0
unique_rows,48,DT,56,1,1.0,0.5,1
unique_rows,48,DT,75,1,0.0,0.5,0
unique_rows,48,DT,128,1,1.0,0.5,1
unique_rows,48,DT,30,0,0.0,0.5,0
unique_rows,48,DT,108,0,1.0,0.5,1
unique_rows,48,DT,258,0,1.0,0.5,1
unique_rows,48,DT,122,0,0.0,0.5,0
unique_rows,48,DT,384,0,0.0,0.5,0
unique_rows,48,DT,349,0,1.0,0.5,1
unique_rows,48,DT,319,1,1.0,0.5,1
unique_rows,48,DT,334,0,0.0,0.5,0
unique_rows,48,DT,629,0,0.0,0.5,0
unique_rows,48,DT,27,0,1.0,0.5,1
unique_rows,48,DT,304,1,1.0,0.5,1
unique_rows,48,DT,35,0,1.0,0.5,1
unique_rows,48,DT,48,1,1.0,0.5,1
unique_rows,48,DT,691,1,1.0,0.5,1
unique_rows,48,DT,281,1,1.0,0.5,1
unique_rows,48,DT,181,1,0.0,0.5,0
unique_rows,48,DT,60,1,1.0,0.5,1
unique_rows,48,DT,89,0,0.0,0.5,0
unique_rows,48,RF,145,0,0.18,0.5,0
unique_rows,48,RF,7,0,0.04,0.5,0
unique_rows,48,RF,244,1,0.67,0.5,1
unique_rows,48,RF,53,0,0.34,0.5,0
unique_rows,48,RF,536,1,0.93,0.5,1
unique_rows,48,RF,12,1,0.97,0.5,1
unique_rows,48,RF,245,1,0.98,0.5,1
unique_rows,48,RF,0,0,0.45,0.5,0
unique_rows,48,RF,54,0,0.1,0.5,0
unique_rows,48,RF,66,1,0.74,0.5,1
unique_rows,48,RF,339,0,0.08,0.5,0
unique_rows,48,RF,254,0,0.14,0.5,0
unique_rows,48,RF,135,0,0.14,0.5,0
unique_rows,48,RF,151,0,0.74,0.5,1
unique_rows,48,RF,169,1,0.87,0.5,1
unique_rows,48,RF,320,1,0.79,0.5,1
unique_rows,48,RF,363,1,0.7,0.5,1
unique_rows,48,RF,59,0,0.69,0.5,1
unique_rows,48,RF,97,0,0.02,0.5,0
unique_rows,48,RF,36,1,0.5,0.5,1
unique_rows,48,RF,69,0,0.13,0.5,0
unique_rows,48,RF,49,0,0.27,0.5,0
unique_rows,48,RF,198,1,0.83,0.5,1
unique_rows,48,RF,449,0,0.73,0.5,1
unique_rows,48,RF,196,0,0.51,0.5,1
unique_rows,48,RF,256,1,0.9,0.5,1
unique_rows,48,RF,260,1,0.99,0.5,1
unique_rows,48,RF,522,1,0.89,0.5,1
unique_rows,48,RF,374,1,0.75,0.5,1
unique_rows,48,RF,123,1,0.83,0.5,1
unique_rows,48,RF,566,1,0.86,0.5,1
unique_rows,48,RF,38,1,0.11,0.5,0
unique_rows,48,RF,193,1,0.35,0.5,0
unique_rows,48,RF,76,1,0.79,0.5,1
unique_rows,48,RF,110,0,0.61,0.5,1
unique_rows,48,RF,321,1,0.86,0.5,1
unique_rows,48,RF,126,1,0.55,0.5,1
unique_rows,48,RF,146,1,0.95,0.5,1
unique_rows,48,RF,46,1,0.76,0.5,1
unique_rows,48,RF,633,0,0.06,0.5,0
unique_rows,48,RF,56,1,0.65,0.5,1
unique_rows,48,RF,75,1,0.76,0.5,1
unique_rows,48,RF,128,1,0.81,0.5,1
unique_rows,48,RF,30,0,0.4,0.5,0
unique_rows,48,RF,108,0,0.73,0.5,1
unique_rows,48,RF,258,0,0.59,0.5,1
unique_rows,48,RF,122,0,0.01,0.5,0
unique_rows,48,RF,384,0,0.38,0.5,0
unique_rows,48,RF,349,0,0.44,0.5,0
unique_rows,48,RF,319,1,0.83,0.5,1
unique_rows,48,RF,334,0,0.01,0.5,0
unique_rows,48,RF,629,0,0.43,0.5,0
unique_rows,48,RF,27,0,0.79,0.5,1
unique_rows,48,RF,304,1,0.94,0.5,1
unique_rows,48,RF,35,0,0.65,0.5,1
unique_rows,48,RF,48,1,0.59,0.5,1
unique_rows,48,RF,691,1,0.88,0.5,1
unique_rows,48,RF,281,1,1.0,0.5,1
unique_rows,48,RF,181,1,0.59,0.5,1
unique_rows,48,RF,60,1,0.99,0.5,1
unique_rows,48,RF,89,0,0.11,0.5,0
unique_rows,48,XGB,145,0,0.04893016442656517,0.5,0
unique_rows,48,XGB,7,0,0.0010509553831070662,0.5,0
unique_rows,48,XGB,244,1,0.9673388600349426,0.5,1
unique_rows,48,XGB,53,0,0.2697988450527191,0.5,0
unique_rows,48,XGB,536,1,0.9973025321960449,0.5,1
unique_rows,48,XGB,12,1,0.9993150234222412,0.5,1
unique_rows,48,XGB,245,1,0.9990556836128235,0.5,1
unique_rows,48,XGB,0,0,0.3877332806587219,0.5,0
unique_rows,48,XGB,54,0,0.014204412698745728,0.5,0
unique_rows,48,XGB,66,1,0.9741129875183105,0.5,1
unique_rows,48,XGB,339,0,0.00843074917793274,0.5,0
unique_rows,48,XGB,254,0,0.011117655783891678,0.5,0
unique_rows,48,XGB,135,0,0.02092333696782589,0.5,0
unique_rows,48,XGB,151,0,0.966482400894165,0.5,1
unique_rows,48,XGB,169,1,0.984076201915741,0.5,1
unique_rows,48,XGB,320,1,0.9919338226318359,0.5,1
unique_rows,48,XGB,363,1,0.9134511947631836,0.5,1
unique_rows,48,XGB,59,0,0.8247548341751099,0.5,1
unique_rows,48,XGB,97,0,0.0006131048430688679,0.5,0
unique_rows,48,XGB,36,1,0.27742910385131836,0.5,0
unique_rows,48,XGB,69,0,0.004155369475483894,0.5,0
unique_rows,48,XGB,49,0,0.1562965214252472,0.5,0
unique_rows,48,XGB,198,1,0.9912638664245605,0.5,1
unique_rows,48,XGB,449,0,0.9059925079345703,0.5,1
unique_rows,48,XGB,196,0,0.715914249420166,0.5,1
unique_rows,48,XGB,256,1,0.9988301396369934,0.5,1
unique_rows,48,XGB,260,1,0.9994432330131531,0.5,1
unique_rows,48,XGB,522,1,0.9712384939193726,0.5,1
unique_rows,48,XGB,374,1,0.9896782636642456,0.5,1
unique_rows,48,XGB,123,1,0.9979385733604431,0.5,1
unique_rows,48,XGB,566,1,0.9748664498329163,0.5,1
unique_rows,48,XGB,38,1,0.0010645153233781457,0.5,0
unique_rows,48,XGB,193,1,0.08844749629497528,0.5,0
unique_rows,48,XGB,76,1,0.9744225740432739,0.5,1
unique_rows,48,XGB,110,0,0.43102288246154785,0.5,0
unique_rows,48,XGB,321,1,0.9926551580429077,0.5,1
unique_rows,48,XGB,126,1,0.1781291663646698,0.5,0
unique_rows,48,XGB,146,1,0.998950183391571,0.5,1
unique_rows,48,XGB,46,1,0.8355658054351807,0.5,1
unique_rows,48,XGB,633,0,0.000510624551679939,0.5,0
unique_rows,48,XGB,56,1,0.8428806662559509,0.5,1
unique_rows,48,XGB,75,1,0.9506171345710754,0.5,1
unique_rows,48,XGB,128,1,0.994847297668457,0.5,1
unique_rows,48,XGB,30,0,0.567152738571167,0.5,1
unique_rows,48,XGB,108,0,0.9893562197685242,0.5,1
unique_rows,48,XGB,258,0,0.9264426231384277,0.5,1
unique_rows,48,XGB,122,0,0.0003777787205763161,0.5,0
unique_rows,48,XGB,384,0,0.04152777045965195,0.5,0
unique_rows,48,XGB,349,0,0.9281978011131287,0.5,1
unique_rows,48,XGB,319,1,0.9884556531906128,0.5,1
unique_rows,48,XGB,334,0,0.00032924936385825276,0.5,0
unique_rows,48,XGB,629,0,0.10230700671672821,0.5,0
unique_rows,48,XGB,27,0,0.9764339923858643,0.5,1
unique_rows,48,XGB,304,1,0.9941946864128113,0.5,1
unique_rows,48,XGB,35,0,0.9921337366104126,0.5,1
unique_rows,48,XGB,48,1,0.8446471691131592,0.5,1
unique_rows,48,XGB,691,1,0.9955347776412964,0.5,1
unique_rows,48,XGB,281,1,0.9994538426399231,0.5,1
unique_rows,48,XGB,181,1,0.9490788578987122,0.5,1
unique_rows,48,XGB,60,1,0.9986503720283508,0.5,1
unique_rows,48,XGB,89,0,0.0031915786676108837,0.5,0
unique_rows,48,NB,145,0,0.005143588285586239,0.5,0
unique_rows,48,NB,7,0,0.0025102421300765817,0.5,0
unique_rows,48,NB,244,1,0.7184407572740842,0.5,1
unique_rows,48,NB,53,0,0.010987160091958445,0.5,0
unique_rows,48,NB,536,1,0.9966274042207747,0.5,1
unique_rows,48,NB,12,1,0.9999858848696674,0.5,1
unique_rows,48,NB,245,1,0.9986980278502111,0.5,1
unique_rows,48,NB,0,0,0.515375915141401,0.5,1
unique_rows,48,NB,54,0,1.1270448349356081e-09,0.5,0
unique_rows,48,NB,66,1,0.7999009180992991,0.5,1
unique_rows,48,NB,339,0,0.023116735154679335,0.5,0
unique_rows,48,NB,254,0,0.12201022078537159,0.5,0
unique_rows,48,NB,135,0,7.879850625382154e-05,0.5,0
unique_rows,48,NB,151,0,0.7246378243972188,0.5,1
unique_rows,48,NB,169,1,0.997706993414971,0.5,1
unique_rows,48,NB,320,1,0.931440455255212,0.5,1
unique_rows,48,NB,363,1,0.5211761044633121,0.5,1
unique_rows,48,NB,59,0,0.9515208716163115,0.5,1
unique_rows,48,NB,97,0,1.141970416725073e-05,0.5,0
unique_rows,48,NB,36,1,0.5278283835896894,0.5,1
unique_rows,48,NB,69,0,1.1316987125848602e-10,0.5,0
unique_rows,48,NB,49,0,0.006319833549426529,0.5,0
unique_rows,48,NB,198,1,0.9989867935483293,0.5,1
unique_rows,48,NB,449,0,0.9773444348339481,0.5,1
unique_rows,48,NB,196,0,0.815445680373525,0.5,1
unique_rows,48,NB,256,1,0.9998718532507798,0.5,1
unique_rows,48,NB,260,1,0.999677457394479,0.5,1
unique_rows,48,NB,522,1,0.9987629400625857,0.5,1
unique_rows,48,NB,374,1,0.8354920504295101,0.5,1
unique_rows,48,NB,123,1,0.9909872009362962,0.5,1
unique_rows,48,NB,566,1,0.9968471799621892,0.5,1
unique_rows,48,NB,38,1,0.0007107051347004555,0.5,0
unique_rows,48,NB,193,1,0.7140670902010902,0.5,1
unique_rows,48,NB,76,1,0.9847698317122767,0.5,1
unique_rows,48,NB,110,0,0.9921899008275741,0.5,1
unique_rows,48,NB,321,1,0.9994075840120292,0.5,1
unique_rows,48,NB,126,1,0.6737022798959977,0.5,1
unique_rows,48,NB,146,1,0.9991990864884,0.5,1
unique_rows,48,NB,46,1,0.9423129203470214,0.5,1
unique_rows,48,NB,633,0,3.367159329910938e-05,0.5,0
unique_rows,48,NB,56,1,0.8805919666184144,0.5,1
unique_rows,48,NB,75,1,0.9969949692802429,0.5,1
unique_rows,48,NB,128,1,0.11832601476880734,0.5,0
unique_rows,48,NB,30,0,0.0050443079681817046,0.5,0
unique_rows,48,NB,108,0,0.9923976395006613,0.5,1
unique_rows,48,NB,258,0,0.08191034762217683,0.5,0
unique_rows,48,NB,122,0,1.3689598267706438e-05,0.5,0
unique_rows,48,NB,384,0,0.7635316726302879,0.5,1
unique_rows,48,NB,349,0,0.15192655108123634,0.5,0
unique_rows,48,NB,319,1,0.5214419201628756,0.5,1
unique_rows,48,NB,334,0,3.694039829444369e-05,0.5,0
unique_rows,48,NB,629,0,0.9100574181046239,0.5,1
unique_rows,48,NB,27,0,0.8717220893922235,0.5,1
unique_rows,48,NB,304,1,0.9983686302059854,0.5,1
unique_rows,48,NB,35,0,0.1737816886869532,0.5,0
unique_rows,48,NB,48,1,0.9702828846804228,0.5,1
unique_rows,48,NB,691,1,0.9662752369479146,0.5,1
unique_rows,48,NB,281,1,0.9998785681977344,0.5,1
unique_rows,48,NB,181,1,0.3686623802511946,0.5,0
unique_rows,48,NB,60,1,0.9999599038687835,0.5,1
unique_rows,48,NB,89,0,0.00010453910793303696,0.5,0
unique_rows,48,KNN,145,0,0.2,0.5,0
unique_rows,48,KNN,7,0,0.0,0.5,0
unique_rows,48,KNN,244,1,0.8,0.5,1
unique_rows,48,KNN,53,0,0.4,0.5,0
unique_rows,48,KNN,536,1,1.0,0.5,1
unique_rows,48,KNN,12,1,1.0,0.5,1
unique_rows,48,KNN,245,1,1.0,0.5,1
unique_rows,48,KNN,0,0,0.6,0.5,1
unique_rows,48,KNN,54,0,0.0,0.5,0
unique_rows,48,KNN,66,1,0.6,0.5,1
unique_rows,48,KNN,339,0,0.2,0.5,0
unique_rows,48,KNN,254,0,0.0,0.5,0
unique_rows,48,KNN,135,0,0.0,0.5,0
unique_rows,48,KNN,151,0,0.8,0.5,1
unique_rows,48,KNN,169,1,1.0,0.5,1
unique_rows,48,KNN,320,1,0.8,0.5,1
unique_rows,48,KNN,363,1,0.8,0.5,1
unique_rows,48,KNN,59,0,1.0,0.5,1
unique_rows,48,KNN,97,0,0.0,0.5,0
unique_rows,48,KNN,36,1,0.8,0.5,1
unique_rows,48,KNN,69,0,0.0,0.5,0
unique_rows,48,KNN,49,0,0.2,0.5,0
unique_rows,48,KNN,198,1,1.0,0.5,1
unique_rows,48,KNN,449,0,1.0,0.5,1
unique_rows,48,KNN,196,0,0.8,0.5,1
unique_rows,48,KNN,256,1,1.0,0.5,1
unique_rows,48,KNN,260,1,0.8,0.5,1
unique_rows,48,KNN,522,1,1.0,0.5,1
unique_rows,48,KNN,374,1,1.0,0.5,1
unique_rows,48,KNN,123,1,1.0,0.5,1
unique_rows,48,KNN,566,1,0.8,0.5,1
unique_rows,48,KNN,38,1,0.0,0.5,0
unique_rows,48,KNN,193,1,1.0,0.5,1
unique_rows,48,KNN,76,1,1.0,0.5,1
unique_rows,48,KNN,110,0,0.6,0.5,1
unique_rows,48,KNN,321,1,1.0,0.5,1
unique_rows,48,KNN,126,1,0.4,0.5,0
unique_rows,48,KNN,146,1,1.0,0.5,1
unique_rows,48,KNN,46,1,1.0,0.5,1
unique_rows,48,KNN,633,0,0.0,0.5,0
unique_rows,48,KNN,56,1,0.4,0.5,0
unique_rows,48,KNN,75,1,1.0,0.5,1
unique_rows,48,KNN,128,1,0.8,0.5,1
unique_rows,48,KNN,30,0,0.6,0.5,1
unique_rows,48,KNN,108,0,1.0,0.5,1
unique_rows,48,KNN,258,0,0.8,0.5,1
unique_rows,48,KNN,122,0,0.0,0.5,0
unique_rows,48,KNN,384,0,0.2,0.5,0
unique_rows,48,KNN,349,0,0.6,0.5,1
unique_rows,48,KNN,319,1,1.0,0.5,1
unique_rows,48,KNN,334,0,0.0,0.5,0
unique_rows,48,KNN,629,0,1.0,0.5,1
unique_rows,48,KNN,27,0,1.0,0.5,1
unique_rows,48,KNN,304,1,0.8,0.5,1
unique_rows,48,KNN,35,0,0.6,0.5,1
unique_rows,48,KNN,48,1,0.8,0.5,1
unique_rows,48,KNN,691,1,0.8,0.5,1
unique_rows,48,KNN,281,1,1.0,0.5,1
unique_rows,48,KNN,181,1,0.4,0.5,0
unique_rows,48,KNN,60,1,1.0,0.5,1
unique_rows,48,KNN,89,0,0.0,0.5,0
unique_rows,48,Stacking,145,0,0.12242760860929254,0.5,0
unique_rows,48,Stacking,7,0,0.07463793108239469,0.5,0
unique_rows,48,Stacking,244,1,0.7904612466498939,0.5,1
unique_rows,48,Stacking,53,0,0.22953985760362447,0.5,0
unique_rows,48,Stacking,536,1,0.9207469943360405,0.5,1
unique_rows,48,Stacking,12,1,0.9260391848016762,0.5,1
unique_rows,48,Stacking,245,1,0.922795391491325,0.5,1
unique_rows,48,Stacking,0,0,0.5250107844411195,0.5,1
unique_rows,48,Stacking,54,0,0.07888870709771416,0.5,0
unique_rows,48,Stacking,66,1,0.7359882834896487,0.5,1
unique_rows,48,Stacking,339,0,0.11449710155184373,0.5,0
unique_rows,48,Stacking,254,0,0.10593444267277932,0.5,0
unique_rows,48,Stacking,135,0,0.0964141374370544,0.5,0
unique_rows,48,Stacking,151,0,0.756532449567805,0.5,1
unique_rows,48,Stacking,169,1,0.9140902406806011,0.5,1
unique_rows,48,Stacking,320,1,0.8463060798528931,0.5,1
unique_rows,48,Stacking,363,1,0.7234212584387693,0.5,1
unique_rows,48,Stacking,59,0,0.8409885384603042,0.5,1
unique_rows,48,Stacking,97,0,0.07167511180284092,0.5,0
unique_rows,48,Stacking,36,1,0.6216302310579614,0.5,1
unique_rows,48,Stacking,69,0,0.08139925085436725,0.5,0
unique_rows,48,Stacking,49,0,0.15329270013542975,0.5,0
unique_rows,48,Stacking,198,1,0.9121857589019631,0.5,1
unique_rows,48,Stacking,449,0,0.9109815037390928,0.5,1
unique_rows,48,Stacking,196,0,0.7007785772248037,0.5,1
unique_rows,48,Stacking,256,1,0.9192718130679515,0.5,1
unique_rows,48,Stacking,260,1,0.9022940091066285,0.5,1
unique_rows,48,Stacking,522,1,0.9157491127444388,0.5,1
unique_rows,48,Stacking,374,1,0.861031945427402,0.5,1
unique_rows,48,Stacking,123,1,0.9041545050477886,0.5,1
unique_rows,48,Stacking,566,1,0.8843746891186592,0.5,1
unique_rows,48,Stacking,38,1,0.08027419056039509,0.5,0
unique_rows,48,Stacking,193,1,0.672646676065975,0.5,1
unique_rows,48,Stacking,76,1,0.8981294950091175,0.5,1
unique_rows,48,Stacking,110,0,0.7848735559552246,0.5,1
unique_rows,48,Stacking,321,1,0.9151865291765992,0.5,1
unique_rows,48,Stacking,126,1,0.3785103585486791,0.5,0
unique_rows,48,Stacking,146,1,0.9230896586143293,0.5,1
unique_rows,48,Stacking,46,1,0.9123950181866433,0.5,1
unique_rows,48,Stacking,633,0,0.07624597714975456,0.5,0
unique_rows,48,Stacking,56,1,0.6856074813740408,0.5,1
unique_rows,48,Stacking,75,1,0.9280891503910336,0.5,1
unique_rows,48,Stacking,128,1,0.6367469243328584,0.5,1
unique_rows,48,Stacking,30,0,0.3678750384384533,0.5,0
unique_rows,48,Stacking,108,0,0.8850186057238365,0.5,1
unique_rows,48,Stacking,258,0,0.6020891886378302,0.5,1
unique_rows,48,Stacking,122,0,0.07095596405958489,0.5,0
unique_rows,48,Stacking,384,0,0.34701645865434716,0.5,0
unique_rows,48,Stacking,349,0,0.4438146693261673,0.5,0
unique_rows,48,Stacking,319,1,0.8610557361815658,0.5,1
unique_rows,48,Stacking,334,0,0.07116983145989549,0.5,0
unique_rows,48,Stacking,629,0,0.7849736353896212,0.5,1
unique_rows,48,Stacking,27,0,0.8759896127709933,0.5,1
unique_rows,48,Stacking,304,1,0.896798952259767,0.5,1
unique_rows,48,Stacking,35,0,0.5623646735721776,0.5,1
unique_rows,48,Stacking,48,1,0.8127764122866551,0.5,1
unique_rows,48,Stacking,691,1,0.8776523218133262,0.5,1
unique_rows,48,Stacking,281,1,0.9262208309073364,0.5,1
unique_rows,48,Stacking,181,1,0.6025893566172434,0.5,1
unique_rows,48,Stacking,60,1,0.9258570456238853,0.5,1
unique_rows,48,Stacking,89,0,0.08218776907549255,0.5,0
unique_rows,48,OneHot LR,145,0,0.0638193276280863,0.5,0
unique_rows,48,OneHot LR,7,0,0.008533644276789336,0.5,0
unique_rows,48,OneHot LR,244,1,0.83793641957893,0.5,1
unique_rows,48,OneHot LR,53,0,0.26769355604172096,0.5,0
unique_rows,48,OneHot LR,536,1,0.9734465686600818,0.5,1
unique_rows,48,OneHot LR,12,1,0.9967510765180166,0.5,1
unique_rows,48,OneHot LR,245,1,0.9662943017789096,0.5,1
unique_rows,48,OneHot LR,0,0,0.2561631420033845,0.5,0
unique_rows,48,OneHot LR,54,0,0.047407050547614654,0.5,0
unique_rows,48,OneHot LR,66,1,0.9106370104039223,0.5,1
unique_rows,48,OneHot LR,339,0,0.07895946825581138,0.5,0
unique_rows,48,OneHot LR,254,0,0.1352399940947847,0.5,0
unique_rows,48,OneHot LR,135,0,0.07100072745124474,0.5,0
unique_rows,48,OneHot LR,151,0,0.36713893180085144,0.5,0
unique_rows,48,OneHot LR,169,1,0.9674387058052066,0.5,1
unique_rows,48,OneHot LR,320,1,0.7394865269623223,0.5,1
unique_rows,48,OneHot LR,363,1,0.8754177554549014,0.5,1
unique_rows,48,OneHot LR,59,0,0.6205290245779909,0.5,1
unique_rows,48,OneHot LR,97,0,0.0037935247377031567,0.5,0
unique_rows,48,OneHot LR,36,1,0.28417313684290724,0.5,0
unique_rows,48,OneHot LR,69,0,0.10526070930352505,0.5,0
unique_rows,48,OneHot LR,49,0,0.12762919509048995,0.5,0
unique_rows,48,OneHot LR,198,1,0.9654384894394453,0.5,1
unique_rows,48,OneHot LR,449,0,0.6442714097794967,0.5,1
unique_rows,48,OneHot LR,196,0,0.3814431270988658,0.5,0
unique_rows,48,OneHot LR,256,1,0.9833734903210525,0.5,1
unique_rows,48,OneHot LR,260,1,0.9819151166053466,0.5,1
unique_rows,48,OneHot LR,522,1,0.9527100092637394,0.5,1
unique_rows,48,OneHot LR,374,1,0.9435835669056659,0.5,1
unique_rows,48,OneHot LR,123,1,0.857570043020791,0.5,1
unique_rows,48,OneHot LR,566,1,0.9609984255388906,0.5,1
unique_rows,48,OneHot LR,38,1,0.010347528617563728,0.5,0
unique_rows,48,OneHot LR,193,1,0.1975263365334706,0.5,0
unique_rows,48,OneHot LR,76,1,0.8845642401044921,0.5,1
unique_rows,48,OneHot LR,110,0,0.6635172202631237,0.5,1
unique_rows,48,OneHot LR,321,1,0.9870798660514138,0.5,1
unique_rows,48,OneHot LR,126,1,0.40250997219208606,0.5,0
unique_rows,48,OneHot LR,146,1,0.9849447598071542,0.5,1
unique_rows,48,OneHot LR,46,1,0.7753861996809971,0.5,1
unique_rows,48,OneHot LR,633,0,0.018553204423009978,0.5,0
unique_rows,48,OneHot LR,56,1,0.5640929005109659,0.5,1
unique_rows,48,OneHot LR,75,1,0.9346026828171653,0.5,1
unique_rows,48,OneHot LR,128,1,0.952199197637493,0.5,1
unique_rows,48,OneHot LR,30,0,0.5246139505717492,0.5,1
unique_rows,48,OneHot LR,108,0,0.7884697909893263,0.5,1
unique_rows,48,OneHot LR,258,0,0.5221542617696499,0.5,1
unique_rows,48,OneHot LR,122,0,0.004104202345831041,0.5,0
unique_rows,48,OneHot LR,384,0,0.3593530858130349,0.5,0
unique_rows,48,OneHot LR,349,0,0.24741697904173937,0.5,0
unique_rows,48,OneHot LR,319,1,0.9332481248872392,0.5,1
unique_rows,48,OneHot LR,334,0,0.005903819465609094,0.5,0
unique_rows,48,OneHot LR,629,0,0.4010766283170424,0.5,0
unique_rows,48,OneHot LR,27,0,0.8107164949412987,0.5,1
unique_rows,48,OneHot LR,304,1,0.9691663104359465,0.5,1
unique_rows,48,OneHot LR,35,0,0.7129635070364755,0.5,1
unique_rows,48,OneHot LR,48,1,0.6680803695819677,0.5,1
unique_rows,48,OneHot LR,691,1,0.9106842591562426,0.5,1
unique_rows,48,OneHot LR,281,1,0.9797276191152354,0.5,1
unique_rows,48,OneHot LR,181,1,0.5111569958623668,0.5,1
unique_rows,48,OneHot LR,60,1,0.9800164282581814,0.5,1
unique_rows,48,OneHot LR,89,0,0.027249887653386085,0.5,0
unique_rows,48,Proposed,145,0,0.0638193276280863,0.3,0
unique_rows,48,Proposed,7,0,0.008533644276789336,0.3,0
unique_rows,48,Proposed,244,1,0.83793641957893,0.3,1
unique_rows,48,Proposed,53,0,0.26769355604172096,0.3,0
unique_rows,48,Proposed,536,1,0.9734465686600818,0.3,1
unique_rows,48,Proposed,12,1,0.9967510765180166,0.3,1
unique_rows,48,Proposed,245,1,0.9662943017789096,0.3,1
unique_rows,48,Proposed,0,0,0.2561631420033845,0.3,0
unique_rows,48,Proposed,54,0,0.047407050547614654,0.3,0
unique_rows,48,Proposed,66,1,0.9106370104039223,0.3,1
unique_rows,48,Proposed,339,0,0.07895946825581138,0.3,0
unique_rows,48,Proposed,254,0,0.1352399940947847,0.3,0
unique_rows,48,Proposed,135,0,0.07100072745124474,0.3,0
unique_rows,48,Proposed,151,0,0.36713893180085144,0.3,1
unique_rows,48,Proposed,169,1,0.9674387058052066,0.3,1
unique_rows,48,Proposed,320,1,0.7394865269623223,0.3,1
unique_rows,48,Proposed,363,1,0.8754177554549014,0.3,1
unique_rows,48,Proposed,59,0,0.6205290245779909,0.3,1
unique_rows,48,Proposed,97,0,0.0037935247377031567,0.3,0
unique_rows,48,Proposed,36,1,0.28417313684290724,0.3,0
unique_rows,48,Proposed,69,0,0.10526070930352505,0.3,0
unique_rows,48,Proposed,49,0,0.12762919509048995,0.3,0
unique_rows,48,Proposed,198,1,0.9654384894394453,0.3,1
unique_rows,48,Proposed,449,0,0.6442714097794967,0.3,1
unique_rows,48,Proposed,196,0,0.3814431270988658,0.3,1
unique_rows,48,Proposed,256,1,0.9833734903210525,0.3,1
unique_rows,48,Proposed,260,1,0.9819151166053466,0.3,1
unique_rows,48,Proposed,522,1,0.9527100092637394,0.3,1
unique_rows,48,Proposed,374,1,0.9435835669056659,0.3,1
unique_rows,48,Proposed,123,1,0.857570043020791,0.3,1
unique_rows,48,Proposed,566,1,0.9609984255388906,0.3,1
unique_rows,48,Proposed,38,1,0.010347528617563728,0.3,0
unique_rows,48,Proposed,193,1,0.1975263365334706,0.3,0
unique_rows,48,Proposed,76,1,0.8845642401044921,0.3,1
unique_rows,48,Proposed,110,0,0.6635172202631237,0.3,1
unique_rows,48,Proposed,321,1,0.9870798660514138,0.3,1
unique_rows,48,Proposed,126,1,0.40250997219208606,0.3,1
unique_rows,48,Proposed,146,1,0.9849447598071542,0.3,1
unique_rows,48,Proposed,46,1,0.7753861996809971,0.3,1
unique_rows,48,Proposed,633,0,0.018553204423009978,0.3,0
unique_rows,48,Proposed,56,1,0.5640929005109659,0.3,1
unique_rows,48,Proposed,75,1,0.9346026828171653,0.3,1
unique_rows,48,Proposed,128,1,0.952199197637493,0.3,1
unique_rows,48,Proposed,30,0,0.5246139505717492,0.3,1
unique_rows,48,Proposed,108,0,0.7884697909893263,0.3,1
unique_rows,48,Proposed,258,0,0.5221542617696499,0.3,1
unique_rows,48,Proposed,122,0,0.004104202345831041,0.3,0
unique_rows,48,Proposed,384,0,0.3593530858130349,0.3,1
unique_rows,48,Proposed,349,0,0.24741697904173937,0.3,0
unique_rows,48,Proposed,319,1,0.9332481248872392,0.3,1
unique_rows,48,Proposed,334,0,0.005903819465609094,0.3,0
unique_rows,48,Proposed,629,0,0.4010766283170424,0.3,1
unique_rows,48,Proposed,27,0,0.8107164949412987,0.3,1
unique_rows,48,Proposed,304,1,0.9691663104359465,0.3,1
unique_rows,48,Proposed,35,0,0.7129635070364755,0.3,1
unique_rows,48,Proposed,48,1,0.6680803695819677,0.3,1
unique_rows,48,Proposed,691,1,0.9106842591562426,0.3,1
unique_rows,48,Proposed,281,1,0.9797276191152354,0.3,1
unique_rows,48,Proposed,181,1,0.5111569958623668,0.3,1
unique_rows,48,Proposed,60,1,0.9800164282581814,0.3,1
unique_rows,48,Proposed,89,0,0.027249887653386085,0.3,0
unique_rows,49,LR,119,1,0.8879662902009579,0.5,1
unique_rows,49,LR,179,0,0.05490275262575446,0.5,0
unique_rows,49,LR,135,0,0.15729052741112062,0.5,0
unique_rows,49,LR,5,1,0.6659130016645689,0.5,1
unique_rows,49,LR,174,0,0.037601396643564704,0.5,0
unique_rows,49,LR,4,0,0.10334238669900339,0.5,0
unique_rows,49,LR,723,1,0.7931177030241399,0.5,1
unique_rows,49,LR,68,1,0.9906716381539179,0.5,1
unique_rows,49,LR,530,0,0.10988258197593574,0.5,0
unique_rows,49,LR,75,1,0.8637199988179077,0.5,1
unique_rows,49,LR,323,0,0.10013562427881142,0.5,0
unique_rows,49,LR,76,1,0.865848338654144,0.5,1
unique_rows,49,LR,479,0,0.006537548483826301,0.5,0
unique_rows,49,LR,140,0,0.01454577594044775,0.5,0
unique_rows,49,LR,244,1,0.7423295206810956,0.5,1
unique_rows,49,LR,62,0,0.0448092097716914,0.5,0
unique_rows,49,LR,227,1,0.945448187347978,0.5,1
unique_rows,49,LR,549,1,0.57095832513294,0.5,1
unique_rows,49,LR,380,0,0.04177375513275059,0.5,0
unique_rows,49,LR,327,0,0.09041858739359376,0.5,0
unique_rows,49,LR,182,0,0.07403359190623429,0.5,0
unique_rows,49,LR,402,1,0.566250771199002,0.5,1
unique_rows,49,LR,122,0,0.00839411301787438,0.5,0
unique_rows,49,LR,629,0,0.7721225274297011,0.5,1
unique_rows,49,LR,342,1,0.9382565643599436,0.5,1
unique_rows,49,LR,85,1,0.9187611584105638,0.5,1
unique_rows,49,LR,313,1,0.4958197649154821,0.5,0
unique_rows,49,LR,566,1,0.911600631114958,0.5,1
unique_rows,49,LR,536,1,0.9581003862061466,0.5,1
unique_rows,49,LR,181,1,0.6432455182625803,0.5,1
unique_rows,49,LR,131,1,0.9500698233262236,0.5,1
unique_rows,49,LR,292,1,0.546028803210739,0.5,1
unique_rows,49,LR,40,1,0.8768946668236682,0.5,1
unique_rows,49,LR,258,0,0.6396742269613328,0.5,1
unique_rows,49,LR,34,1,0.9421707917030675,0.5,1
unique_rows,49,LR,628,1,0.8710473435373627,0.5,1
unique_rows,49,LR,67,0,0.27370886976204734,0.5,0
unique_rows,49,LR,77,0,0.00948475682456716,0.5,0
unique_rows,49,LR,694,0,0.36581475884051406,0.5,0
unique_rows,49,LR,21,1,0.6962106099143845,0.5,1
unique_rows,49,LR,74,0,0.08732431149668804,0.5,0
unique_rows,49,LR,320,1,0.74385294146329,0.5,1
unique_rows,49,LR,384,0,0.3010913786230883,0.5,0
unique_rows,49,LR,154,0,0.00925791749151358,0.5,0
unique_rows,49,LR,141,0,0.7125666191083022,0.5,1
unique_rows,49,LR,71,0,0.0390428534434848,0.5,0
unique_rows,49,LR,228,1,0.941294970354065,0.5,1
unique_rows,49,LR,48,1,0.8470498678666614,0.5,1
unique_rows,49,LR,374,1,0.8079101276930127,0.5,1
unique_rows,49,LR,270,1,0.7134374014013313,0.5,1
unique_rows,49,LR,160,0,0.06764184262302081,0.5,0
unique_rows,49,LR,36,1,0.47770686747184327,0.5,0
unique_rows,49,LR,191,1,0.6504749115371788,0.5,1
unique_rows,49,LR,169,1,0.9518449131454032,0.5,1
unique_rows,49,LR,171,0,0.024330244495312563,0.5,0
unique_rows,49,LR,189,0,0.24274797298371767,0.5,0
unique_rows,49,LR,282,1,0.9366667082101786,0.5,1
unique_rows,49,LR,124,0,0.027924100117809894,0.5,0
unique_rows,49,LR,90,1,0.9793701651862016,0.5,1
unique_rows,49,LR,199,0,0.06985620315752725,0.5,0
unique_rows,49,LR,582,1,0.8384495953274848,0.5,1
unique_rows,49,DT,119,1,1.0,0.5,1
unique_rows,49,DT,179,0,0.0,0.5,0
unique_rows,49,DT,135,0,0.0,0.5,0
unique_rows,49,DT,5,1,0.0,0.5,0
unique_rows,49,DT,174,0,0.0,0.5,0
unique_rows,49,DT,4,0,0.0,0.5,0
unique_rows,49,DT,723,1,1.0,0.5,1
unique_rows,49,DT,68,1,1.0,0.5,1
unique_rows,49,DT,530,0,0.0,0.5,0
unique_rows,49,DT,75,1,1.0,0.5,1
unique_rows,49,DT,323,0,0.0,0.5,0
unique_rows,49,DT,76,1,1.0,0.5,1
unique_rows,49,DT,479,0,0.0,0.5,0
unique_rows,49,DT,140,0,0.0,0.5,0
unique_rows,49,DT,244,1,1.0,0.5,1
unique_rows,49,DT,62,0,0.0,0.5,0
unique_rows,49,DT,227,1,1.0,0.5,1
unique_rows,49,DT,549,1,1.0,0.5,1
unique_rows,49,DT,380,0,0.0,0.5,0
unique_rows,49,DT,327,0,0.0,0.5,0
unique_rows,49,DT,182,0,0.0,0.5,0
unique_rows,49,DT,402,1,0.0,0.5,0
unique_rows,49,DT,122,0,0.0,0.5,0
unique_rows,49,DT,629,0,1.0,0.5,1
unique_rows,49,DT,342,1,0.0,0.5,0
unique_rows,49,DT,85,1,1.0,0.5,1
unique_rows,49,DT,313,1,0.0,0.5,0
unique_rows,49,DT,566,1,1.0,0.5,1
unique_rows,49,DT,536,1,1.0,0.5,1
unique_rows,49,DT,181,1,1.0,0.5,1
unique_rows,49,DT,131,1,1.0,0.5,1
unique_rows,49,DT,292,1,0.0,0.5,0
unique_rows,49,DT,40,1,0.0,0.5,0
unique_rows,49,DT,258,0,1.0,0.5,1
unique_rows,49,DT,34,1,1.0,0.5,1
unique_rows,49,DT,628,1,1.0,0.5,1
unique_rows,49,DT,67,0,1.0,0.5,1
unique_rows,49,DT,77,0,0.0,0.5,0
unique_rows,49,DT,694,0,0.0,0.5,0
unique_rows,49,DT,21,1,0.0,0.5,0
unique_rows,49,DT,74,0,0.0,0.5,0
unique_rows,49,DT,320,1,1.0,0.5,1
unique_rows,49,DT,384,0,0.0,0.5,0
unique_rows,49,DT,154,0,0.0,0.5,0
unique_rows,49,DT,141,0,1.0,0.5,1
unique_rows,49,DT,71,0,0.0,0.5,0
unique_rows,49,DT,228,1,1.0,0.5,1
unique_rows,49,DT,48,1,1.0,0.5,1
unique_rows,49,DT,374,1,1.0,0.5,1
unique_rows,49,DT,270,1,0.0,0.5,0
unique_rows,49,DT,160,0,0.0,0.5,0
unique_rows,49,DT,36,1,0.0,0.5,0
unique_rows,49,DT,191,1,1.0,0.5,1
unique_rows,49,DT,169,1,1.0,0.5,1
unique_rows,49,DT,171,0,0.0,0.5,0
unique_rows,49,DT,189,0,1.0,0.5,1
unique_rows,49,DT,282,1,1.0,0.5,1
unique_rows,49,DT,124,0,0.0,0.5,0
unique_rows,49,DT,90,1,1.0,0.5,1
unique_rows,49,DT,199,0,0.0,0.5,0
unique_rows,49,DT,582,1,1.0,0.5,1
unique_rows,49,RF,119,1,0.96,0.5,1
unique_rows,49,RF,179,0,0.11,0.5,0
unique_rows,49,RF,135,0,0.16,0.5,0
unique_rows,49,RF,5,1,0.63,0.5,1
unique_rows,49,RF,174,0,0.04,0.5,0
unique_rows,49,RF,4,0,0.28,0.5,0
unique_rows,49,RF,723,1,0.68,0.5,1
unique_rows,49,RF,68,1,1.0,0.5,1
unique_rows,49,RF,530,0,0.12,0.5,0
unique_rows,49,RF,75,1,0.82,0.5,1
unique_rows,49,RF,323,0,0.42,0.5,0
unique_rows,49,RF,76,1,0.79,0.5,1
unique_rows,49,RF,479,0,0.03,0.5,0
unique_rows,49,RF,140,0,0.02,0.5,0
unique_rows,49,RF,244,1,0.71,0.5,1
unique_rows,49,RF,62,0,0.21,0.5,0
unique_rows,49,RF,227,1,0.75,0.5,1
unique_rows,49,RF,549,1,0.44,0.5,0
unique_rows,49,RF,380,0,0.07,0.5,0
unique_rows,49,RF,327,0,0.17,0.5,0
unique_rows,49,RF,182,0,0.12,0.5,0
unique_rows,49,RF,402,1,0.56,0.5,1
unique_rows,49,RF,122,0,0.0,0.5,0
unique_rows,49,RF,629,0,0.6,0.5,1
unique_rows,49,RF,342,1,0.74,0.5,1
unique_rows,49,RF,85,1,1.0,0.5,1
unique_rows,49,RF,313,1,0.63,0.5,1
unique_rows,49,RF,566,1,0.81,0.5,1
unique_rows,49,RF,536,1,0.91,0.5,1
unique_rows,49,RF,181,1,0.56,0.5,1
unique_rows,49,RF,131,1,0.93,0.5,1
unique_rows,49,RF,292,1,0.38,0.5,0
unique_rows,49,RF,40,1,0.77,0.5,1
unique_rows,49,RF,258,0,0.56,0.5,1
unique_rows,49,RF,34,1,0.94,0.5,1
unique_rows,49,RF,628,1,0.63,0.5,1
unique_rows,49,RF,67,0,0.33,0.5,0
unique_rows,49,RF,77,0,0.12,0.5,0
unique_rows,49,RF,694,0,0.22,0.5,0
unique_rows,49,RF,21,1,0.67,0.5,1
unique_rows,49,RF,74,0,0.28,0.5,0
unique_rows,49,RF,320,1,0.79,0.5,1
unique_rows,49,RF,384,0,0.44,0.5,0
unique_rows,49,RF,154,0,0.07,0.5,0
unique_rows,49,RF,141,0,0.58,0.5,1
unique_rows,49,RF,71,0,0.15,0.5,0
unique_rows,49,RF,228,1,0.99,0.5,1
unique_rows,49,RF,48,1,0.66,0.5,1
unique_rows,49,RF,374,1,0.76,0.5,1
unique_rows,49,RF,270,1,0.52,0.5,1
unique_rows,49,RF,160,0,0.41,0.5,0
unique_rows,49,RF,36,1,0.4,0.5,0
unique_rows,49,RF,191,1,0.76,0.5,1
unique_rows,49,RF,169,1,0.88,0.5,1
unique_rows,49,RF,171,0,0.05,0.5,0
unique_rows,49,RF,189,0,0.24,0.5,0
unique_rows,49,RF,282,1,0.98,0.5,1
unique_rows,49,RF,124,0,0.01,0.5,0
unique_rows,49,RF,90,1,0.89,0.5,1
unique_rows,49,RF,199,0,0.23,0.5,0
unique_rows,49,RF,582,1,0.83,0.5,1
unique_rows,49,XGB,119,1,0.9693263173103333,0.5,1
unique_rows,49,XGB,179,0,0.014546689577400684,0.5,0
unique_rows,49,XGB,135,0,0.0022367227356880903,0.5,0
unique_rows,49,XGB,5,1,0.5339480638504028,0.5,1
unique_rows,49,XGB,174,0,0.0021882576402276754,0.5,0
unique_rows,49,XGB,4,0,0.24808047711849213,0.5,0
unique_rows,49,XGB,723,1,0.9936968684196472,0.5,1
unique_rows,49,XGB,68,1,0.9996562004089355,0.5,1
unique_rows,49,XGB,530,0,0.0006989470566622913,0.5,0
unique_rows,49,XGB,75,1,0.8321422338485718,0.5,1
unique_rows,49,XGB,323,0,0.6372305154800415,0.5,1
unique_rows,49,XGB,76,1,0.9871646165847778,0.5,1
unique_rows,49,XGB,479,0,0.0013004130451008677,0.5,0
unique_rows,49,XGB,140,0,0.0004396035510580987,0.5,0
unique_rows,49,XGB,244,1,0.9726593494415283,0.5,1
unique_rows,49,XGB,62,0,0.05812453478574753,0.5,0
unique_rows,49,XGB,227,1,0.927031397819519,0.5,1
unique_rows,49,XGB,549,1,0.0835985615849495,0.5,0
unique_rows,49,XGB,380,0,0.0026403653901070356,0.5,0
unique_rows,49,XGB,327,0,0.0037898875307291746,0.5,0
unique_rows,49,XGB,182,0,0.0008106479654088616,0.5,0
unique_rows,49,XGB,402,1,0.2926742136478424,0.5,0
unique_rows,49,XGB,122,0,0.00017030737944878638,0.5,0
unique_rows,49,XGB,629,0,0.3656173646450043,0.5,0
unique_rows,49,XGB,342,1,0.8496846556663513,0.5,1
unique_rows,49,XGB,85,1,0.9980968832969666,0.5,1
unique_rows,49,XGB,313,1,0.8314874172210693,0.5,1
unique_rows,49,XGB,566,1,0.9872654676437378,0.5,1
unique_rows,49,XGB,536,1,0.9903479814529419,0.5,1
unique_rows,49,XGB,181,1,0.9591858983039856,0.5,1
unique_rows,49,XGB,131,1,0.9965408444404602,0.5,1
unique_rows,49,XGB,292,1,0.00859382189810276,0.5,0
unique_rows,49,XGB,40,1,0.9357824921607971,0.5,1
unique_rows,49,XGB,258,0,0.922953724861145,0.5,1
unique_rows,49,XGB,34,1,0.9928480386734009,0.5,1
unique_rows,49,XGB,628,1,0.9407018423080444,0.5,1
unique_rows,49,XGB,67,0,0.237330824136734,0.5,0
unique_rows,49,XGB,77,0,0.002078320598229766,0.5,0
unique_rows,49,XGB,694,0,0.0045998310670256615,0.5,0
unique_rows,49,XGB,21,1,0.9766656756401062,0.5,1
unique_rows,49,XGB,74,0,0.02186536230146885,0.5,0
unique_rows,49,XGB,320,1,0.9726777076721191,0.5,1
unique_rows,49,XGB,384,0,0.02663089893758297,0.5,0
unique_rows,49,XGB,154,0,0.013124457560479641,0.5,0
unique_rows,49,XGB,141,0,0.9937511086463928,0.5,1
unique_rows,49,XGB,71,0,0.0018210876733064651,0.5,0
unique_rows,49,XGB,228,1,0.9986528158187866,0.5,1
unique_rows,49,XGB,48,1,0.6270272731781006,0.5,1
unique_rows,49,XGB,374,1,0.9715483784675598,0.5,1
unique_rows,49,XGB,270,1,0.14870186150074005,0.5,0
unique_rows,49,XGB,160,0,0.03614760935306549,0.5,0
unique_rows,49,XGB,36,1,0.22659341990947723,0.5,0
unique_rows,49,XGB,191,1,0.9927303194999695,0.5,1
unique_rows,49,XGB,169,1,0.991529107093811,0.5,1
unique_rows,49,XGB,171,0,0.010459180921316147,0.5,0
unique_rows,49,XGB,189,0,0.2531708776950836,0.5,0
unique_rows,49,XGB,282,1,0.9993294477462769,0.5,1
unique_rows,49,XGB,124,0,0.0008105908636935055,0.5,0
unique_rows,49,XGB,90,1,0.9981130361557007,0.5,1
unique_rows,49,XGB,199,0,0.000976902199909091,0.5,0
unique_rows,49,XGB,582,1,0.934604287147522,0.5,1
unique_rows,49,NB,119,1,0.9961981322315993,0.5,1
unique_rows,49,NB,179,0,0.010596409833563794,0.5,0
unique_rows,49,NB,135,0,0.00037850406563884304,0.5,0
unique_rows,49,NB,5,1,0.6483080505203759,0.5,1
unique_rows,49,NB,174,0,0.00013913918488375263,0.5,0
unique_rows,49,NB,4,0,0.005834319613938635,0.5,0
unique_rows,49,NB,723,1,0.8339215255767165,0.5,1
unique_rows,49,NB,68,1,0.9999326885971415,0.5,1
unique_rows,49,NB,530,0,0.011412592654322611,0.5,0
unique_rows,49,NB,75,1,0.9924313375736515,0.5,1
unique_rows,49,NB,323,0,0.0005837091824936082,0.5,0
unique_rows,49,NB,76,1,0.9838076139476587,0.5,1
unique_rows,49,NB,479,0,1.8947047450358418e-05,0.5,0
unique_rows,49,NB,140,0,9.499431254717273e-05,0.5,0
unique_rows,49,NB,244,1,0.7358953375546352,0.5,1
unique_rows,49,NB,62,0,0.0019669871875440856,0.5,0
unique_rows,49,NB,227,1,0.9962517576337997,0.5,1
unique_rows,49,NB,549,1,0.8387226920312519,0.5,1
unique_rows,49,NB,380,0,0.0027804358991937515,0.5,0
unique_rows,49,NB,327,0,0.0025482891448634637,0.5,0
unique_rows,49,NB,182,0,0.049862799161037426,0.5,0
unique_rows,49,NB,402,1,0.8629760997014275,0.5,1
unique_rows,49,NB,122,0,2.8481011951267538e-05,0.5,0
unique_rows,49,NB,629,0,0.9395811029015603,0.5,1
unique_rows,49,NB,342,1,0.9948778718813878,0.5,1
unique_rows,49,NB,85,1,0.9963700655297043,0.5,1
unique_rows,49,NB,313,1,0.38901691117013615,0.5,0
unique_rows,49,NB,566,1,0.9926319323605969,0.5,1
unique_rows,49,NB,536,1,0.9934072287388824,0.5,1
unique_rows,49,NB,181,1,0.26323518139135427,0.5,0
unique_rows,49,NB,131,1,0.9978310464174239,0.5,1
unique_rows,49,NB,292,1,0.19779902503075927,0.5,0
unique_rows,49,NB,40,1,0.993989913629007,0.5,1
unique_rows,49,NB,258,0,0.0177691315284443,0.5,0
unique_rows,49,NB,34,1,0.9969969405185818,0.5,1
unique_rows,49,NB,628,1,0.9761729349412418,0.5,1
unique_rows,49,NB,67,0,0.03899991807230594,0.5,0
unique_rows,49,NB,77,0,2.5306773207859315e-06,0.5,0
unique_rows,49,NB,694,0,0.6689793269935145,0.5,1
unique_rows,49,NB,21,1,0.8746872262694613,0.5,1
unique_rows,49,NB,74,0,0.018818058170063708,0.5,0
unique_rows,49,NB,320,1,0.9329881121533902,0.5,1
unique_rows,49,NB,384,0,0.580633820294214,0.5,1
unique_rows,49,NB,154,0,0.0001457003353208649,0.5,0
unique_rows,49,NB,141,0,0.4356527471656364,0.5,0
unique_rows,49,NB,71,0,0.0028993625700010077,0.5,0
unique_rows,49,NB,228,1,0.9945868420248088,0.5,1
unique_rows,49,NB,48,1,0.9691109674146073,0.5,1
unique_rows,49,NB,374,1,0.7673677203343259,0.5,1
unique_rows,49,NB,270,1,0.9512902279674118,0.5,1
unique_rows,49,NB,160,0,0.019488166356383105,0.5,0
unique_rows,49,NB,36,1,0.38763467645562494,0.5,0
unique_rows,49,NB,191,1,0.8856817928796432,0.5,1
unique_rows,49,NB,169,1,0.994671798594976,0.5,1
unique_rows,49,NB,171,0,0.0001558697949114712,0.5,0
unique_rows,49,NB,189,0,0.020801684678060324,0.5,0
unique_rows,49,NB,282,1,0.9985090270778612,0.5,1
unique_rows,49,NB,124,0,1.801956460458474e-05,0.5,0
unique_rows,49,NB,90,1,0.9988175076258707,0.5,1
unique_rows,49,NB,199,0,0.006725412863716196,0.5,0
unique_rows,49,NB,582,1,0.9796160376728468,0.5,1
unique_rows,49,KNN,119,1,1.0,0.5,1
unique_rows,49,KNN,179,0,0.2,0.5,0
unique_rows,49,KNN,135,0,0.0,0.5,0
unique_rows,49,KNN,5,1,1.0,0.5,1
unique_rows,49,KNN,174,0,0.0,0.5,0
unique_rows,49,KNN,4,0,0.2,0.5,0
unique_rows,49,KNN,723,1,0.8,0.5,1
unique_rows,49,KNN,68,1,1.0,0.5,1
unique_rows,49,KNN,530,0,0.2,0.5,0
unique_rows,49,KNN,75,1,0.8,0.5,1
unique_rows,49,KNN,323,0,0.2,0.5,0
unique_rows,49,KNN,76,1,1.0,0.5,1
unique_rows,49,KNN,479,0,0.0,0.5,0
unique_rows,49,KNN,140,0,0.2,0.5,0
unique_rows,49,KNN,244,1,1.0,0.5,1
unique_rows,49,KNN,62,0,0.0,0.5,0
unique_rows,49,KNN,227,1,1.0,0.5,1
unique_rows,49,KNN,549,1,0.4,0.5,0
unique_rows,49,KNN,380,0,0.0,0.5,0
unique_rows,49,KNN,327,0,0.0,0.5,0
unique_rows,49,KNN,182,0,0.0,0.5,0
unique_rows,49,KNN,402,1,0.4,0.5,0
unique_rows,49,KNN,122,0,0.0,0.5,0
unique_rows,49,KNN,629,0,1.0,0.5,1
unique_rows,49,KNN,342,1,1.0,0.5,1
unique_rows,49,KNN,85,1,1.0,0.5,1
unique_rows,49,KNN,313,1,0.6,0.5,1
unique_rows,49,KNN,566,1,0.8,0.5,1
unique_rows,49,KNN,536,1,1.0,0.5,1
unique_rows,49,KNN,181,1,0.6,0.5,1
unique_rows,49,KNN,131,1,1.0,0.5,1
unique_rows,49,KNN,292,1,0.2,0.5,0
unique_rows,49,KNN,40,1,0.8,0.5,1
unique_rows,49,KNN,258,0,0.8,0.5,1
unique_rows,49,KNN,34,1,0.8,0.5,1
unique_rows,49,KNN,628,1,0.8,0.5,1
unique_rows,49,KNN,67,0,0.4,0.5,0
unique_rows,49,KNN,77,0,0.0,0.5,0
unique_rows,49,KNN,694,0,0.2,0.5,0
unique_rows,49,KNN,21,1,0.8,0.5,1
unique_rows,49,KNN,74,0,0.4,0.5,0
unique_rows,49,KNN,320,1,0.8,0.5,1
unique_rows,49,KNN,384,0,0.4,0.5,0
unique_rows,49,KNN,154,0,0.0,0.5,0
unique_rows,49,KNN,141,0,0.6,0.5,1
unique_rows,49,KNN,71,0,0.0,0.5,0
unique_rows,49,KNN,228,1,1.0,0.5,1
unique_rows,49,KNN,48,1,0.8,0.5,1
unique_rows,49,KNN,374,1,1.0,0.5,1
unique_rows,49,KNN,270,1,0.6,0.5,1
unique_rows,49,KNN,160,0,0.0,0.5,0
unique_rows,49,KNN,36,1,0.8,0.5,1
unique_rows,49,KNN,191,1,0.4,0.5,0
unique_rows,49,KNN,169,1,1.0,0.5,1
unique_rows,49,KNN,171,0,0.0,0.5,0
unique_rows,49,KNN,189,0,0.4,0.5,0
unique_rows,49,KNN,282,1,1.0,0.5,1
unique_rows,49,KNN,124,0,0.0,0.5,0
unique_rows,49,KNN,90,1,1.0,0.5,1
unique_rows,49,KNN,199,0,0.2,0.5,0
unique_rows,49,KNN,582,1,1.0,0.5,1
unique_rows,49,Stacking,119,1,0.901647710090202,0.5,1
unique_rows,49,Stacking,179,0,0.1135737283767186,0.5,0
unique_rows,49,Stacking,135,0,0.11566764655872132,0.5,0
unique_rows,49,Stacking,5,1,0.7485876190958398,0.5,1
unique_rows,49,Stacking,174,0,0.08618713331588376,0.5,0
unique_rows,49,Stacking,4,0,0.16009031191695372,0.5,0
unique_rows,49,Stacking,723,1,0.7948789460481784,0.5,1
unique_rows,49,Stacking,68,1,0.9186304809726368,0.5,1
unique_rows,49,Stacking,530,0,0.12201798766626172,0.5,0
unique_rows,49,Stacking,75,1,0.8527142536307881,0.5,1
unique_rows,49,Stacking,323,0,0.21324901567451904,0.5,0
unique_rows,49,Stacking,76,1,0.8743082261484989,0.5,1
unique_rows,49,Stacking,479,0,0.08192473807022033,0.5,0
unique_rows,49,Stacking,140,0,0.09510646602411563,0.5,0
unique_rows,49,Stacking,244,1,0.7987636848158914,0.5,1
unique_rows,49,Stacking,62,0,0.11052470512285269,0.5,0
unique_rows,49,Stacking,227,1,0.8782531402172011,0.5,1
unique_rows,49,Stacking,549,1,0.5025643608177425,0.5,1
unique_rows,49,Stacking,380,0,0.09029788166752256,0.5,0
unique_rows,49,Stacking,327,0,0.10866114062969424,0.5,0
unique_rows,49,Stacking,182,0,0.1048378225307745,0.5,0
unique_rows,49,Stacking,402,1,0.6222645188191217,0.5,1
unique_rows,49,Stacking,122,0,0.07893010130788733,0.5,0
unique_rows,49,Stacking,629,0,0.7748441257959279,0.5,1
unique_rows,49,Stacking,342,1,0.8935911467614616,0.5,1
unique_rows,49,Stacking,85,1,0.9109236926659999,0.5,1
unique_rows,49,Stacking,313,1,0.5904463179943047,0.5,1
unique_rows,49,Stacking,566,1,0.8664900312339557,0.5,1
unique_rows,49,Stacking,536,1,0.9040035844009127,0.5,1
unique_rows,49,Stacking,181,1,0.5404387280015569,0.5,1
unique_rows,49,Stacking,131,1,0.9061842847230248,0.5,1
unique_rows,49,Stacking,292,1,0.30572246526126035,0.5,0
unique_rows,49,Stacking,40,1,0.876285041883359,0.5,1
unique_rows,49,Stacking,258,0,0.50817755306111,0.5,1
unique_rows,49,Stacking,34,1,0.8910605242505092,0.5,1
unique_rows,49,Stacking,628,1,0.8211484334648319,0.5,1
unique_rows,49,Stacking,67,0,0.2021781536823316,0.5,0
unique_rows,49,Stacking,77,0,0.09237960762238956,0.5,0
unique_rows,49,Stacking,694,0,0.32022459622918104,0.5,0
unique_rows,49,Stacking,21,1,0.8118345476910225,0.5,1
unique_rows,49,Stacking,74,0,0.16914783559633995,0.5,0
unique_rows,49,Stacking,320,1,0.8247211135225333,0.5,1
unique_rows,49,Stacking,384,0,0.38959986337722724,0.5,0
unique_rows,49,Stacking,154,0,0.08697292757023173,0.5,0
unique_rows,49,Stacking,141,0,0.6202071275758612,0.5,1
unique_rows,49,Stacking,71,0,0.09970014626918647,0.5,0
unique_rows,49,Stacking,228,1,0.9120209508252238,0.5,1
unique_rows,49,Stacking,48,1,0.8013792303765889,0.5,1
unique_rows,49,Stacking,374,1,0.8278336167981635,0.5,1
unique_rows,49,Stacking,270,1,0.6988877887862769,0.5,1
unique_rows,49,Stacking,160,0,0.14655496449950875,0.5,0
unique_rows,49,Stacking,36,1,0.48188902750963525,0.5,0
unique_rows,49,Stacking,191,1,0.7317870065853999,0.5,1
unique_rows,49,Stacking,169,1,0.8996902478361887,0.5,1
unique_rows,49,Stacking,171,0,0.08620826311852103,0.5,0
unique_rows,49,Stacking,189,0,0.1744290512589451,0.5,0
unique_rows,49,Stacking,282,1,0.9107686669558013,0.5,1
unique_rows,49,Stacking,124,0,0.08188800647150339,0.5,0
unique_rows,49,Stacking,90,1,0.9047771346795659,0.5,1
unique_rows,49,Stacking,199,0,0.1329192249288074,0.5,0
unique_rows,49,Stacking,582,1,0.873627346865167,0.5,1
unique_rows,49,OneHot LR,119,1,0.9282947811730192,0.5,1
unique_rows,49,OneHot LR,179,0,0.020677358325312437,0.5,0
unique_rows,49,OneHot LR,135,0,0.05118020578900635,0.5,0
unique_rows,49,OneHot LR,5,1,0.7429232300835091,0.5,1
unique_rows,49,OneHot LR,174,0,0.01592132245205131,0.5,0
unique_rows,49,OneHot LR,4,0,0.33677706270109364,0.5,0
unique_rows,49,OneHot LR,723,1,0.8738400693000867,0.5,1
unique_rows,49,OneHot LR,68,1,0.9903786173860916,0.5,1
unique_rows,49,OneHot LR,530,0,0.03314289687529552,0.5,0
unique_rows,49,OneHot LR,75,1,0.9124774073281301,0.5,1
unique_rows,49,OneHot LR,323,0,0.21984597631970612,0.5,0
unique_rows,49,OneHot LR,76,1,0.8131661164650777,0.5,1
unique_rows,49,OneHot LR,479,0,0.019408484585361523,0.5,0
unique_rows,49,OneHot LR,140,0,0.006716493198813469,0.5,0
unique_rows,49,OneHot LR,244,1,0.8273256422555942,0.5,1
unique_rows,49,OneHot LR,62,0,0.045483709965057496,0.5,0
unique_rows,49,OneHot LR,227,1,0.8193237999015683,0.5,1
unique_rows,49,OneHot LR,549,1,0.42912042287971885,0.5,0
unique_rows,49,OneHot LR,380,0,0.014780240931407595,0.5,0
unique_rows,49,OneHot LR,327,0,0.027567669962443666,0.5,0
unique_rows,49,OneHot LR,182,0,0.026327502699974453,0.5,0
unique_rows,49,OneHot LR,402,1,0.806267404099823,0.5,1
unique_rows,49,OneHot LR,122,0,0.004177766810744927,0.5,0
unique_rows,49,OneHot LR,629,0,0.5782021056891191,0.5,1
unique_rows,49,OneHot LR,342,1,0.9693727536222069,0.5,1
unique_rows,49,OneHot LR,85,1,0.9478251308372707,0.5,1
unique_rows,49,OneHot LR,313,1,0.5461191673439606,0.5,1
unique_rows,49,OneHot LR,566,1,0.9374481786777006,0.5,1
unique_rows,49,OneHot LR,536,1,0.9588714694044365,0.5,1
unique_rows,49,OneHot LR,181,1,0.7366768963559218,0.5,1
unique_rows,49,OneHot LR,131,1,0.9660016738164552,0.5,1
unique_rows,49,OneHot LR,292,1,0.7713632799144176,0.5,1
unique_rows,49,OneHot LR,40,1,0.938506978566851,0.5,1
unique_rows,49,OneHot LR,258,0,0.4597561560640214,0.5,0
unique_rows,49,OneHot LR,34,1,0.9653018515495666,0.5,1
unique_rows,49,OneHot LR,628,1,0.7650086627778456,0.5,1
unique_rows,49,OneHot LR,67,0,0.206675837135476,0.5,0
unique_rows,49,OneHot LR,77,0,0.007173067288399832,0.5,0
unique_rows,49,OneHot LR,694,0,0.27615454190416516,0.5,0
unique_rows,49,OneHot LR,21,1,0.6415843141692065,0.5,1
unique_rows,49,OneHot LR,74,0,0.053771391418693956,0.5,0
unique_rows,49,OneHot LR,320,1,0.7668942072881506,0.5,1
unique_rows,49,OneHot LR,384,0,0.30929163049220143,0.5,0
unique_rows,49,OneHot LR,154,0,0.056039580825696954,0.5,0
unique_rows,49,OneHot LR,141,0,0.8217355583913374,0.5,1
unique_rows,49,OneHot LR,71,0,0.02451442364617758,0.5,0
unique_rows,49,OneHot LR,228,1,0.9734323208701037,0.5,1
unique_rows,49,OneHot LR,48,1,0.7050420378830511,0.5,1
unique_rows,49,OneHot LR,374,1,0.9125919830322887,0.5,1
unique_rows,49,OneHot LR,270,1,0.7036251697883967,0.5,1
unique_rows,49,OneHot LR,160,0,0.41749351140376445,0.5,0
unique_rows,49,OneHot LR,36,1,0.30936450205818117,0.5,0
unique_rows,49,OneHot LR,191,1,0.7169594622919945,0.5,1
unique_rows,49,OneHot LR,169,1,0.9506330713806,0.5,1
unique_rows,49,OneHot LR,171,0,0.09456762045392518,0.5,0
unique_rows,49,OneHot LR,189,0,0.35454568396163166,0.5,0
unique_rows,49,OneHot LR,282,1,0.9455617493625743,0.5,1
unique_rows,49,OneHot LR,124,0,0.0136258361914077,0.5,0
unique_rows,49,OneHot LR,90,1,0.9866676821295783,0.5,1
unique_rows,49,OneHot LR,199,0,0.07663663453240502,0.5,0
unique_rows,49,OneHot LR,582,1,0.9205024702693273,0.5,1
unique_rows,49,Proposed,119,1,0.9282947811730192,0.25,1
unique_rows,49,Proposed,179,0,0.020677358325312437,0.25,0
unique_rows,49,Proposed,135,0,0.05118020578900635,0.25,0
unique_rows,49,Proposed,5,1,0.7429232300835091,0.25,1
unique_rows,49,Proposed,174,0,0.01592132245205131,0.25,0
unique_rows,49,Proposed,4,0,0.33677706270109364,0.25,1
unique_rows,49,Proposed,723,1,0.8738400693000867,0.25,1
unique_rows,49,Proposed,68,1,0.9903786173860916,0.25,1
unique_rows,49,Proposed,530,0,0.03314289687529552,0.25,0
unique_rows,49,Proposed,75,1,0.9124774073281301,0.25,1
unique_rows,49,Proposed,323,0,0.21984597631970612,0.25,0
unique_rows,49,Proposed,76,1,0.8131661164650777,0.25,1
unique_rows,49,Proposed,479,0,0.019408484585361523,0.25,0
unique_rows,49,Proposed,140,0,0.006716493198813469,0.25,0
unique_rows,49,Proposed,244,1,0.8273256422555942,0.25,1
unique_rows,49,Proposed,62,0,0.045483709965057496,0.25,0
unique_rows,49,Proposed,227,1,0.8193237999015683,0.25,1
unique_rows,49,Proposed,549,1,0.42912042287971885,0.25,1
unique_rows,49,Proposed,380,0,0.014780240931407595,0.25,0
unique_rows,49,Proposed,327,0,0.027567669962443666,0.25,0
unique_rows,49,Proposed,182,0,0.026327502699974453,0.25,0
unique_rows,49,Proposed,402,1,0.806267404099823,0.25,1
unique_rows,49,Proposed,122,0,0.004177766810744927,0.25,0
unique_rows,49,Proposed,629,0,0.5782021056891191,0.25,1
unique_rows,49,Proposed,342,1,0.9693727536222069,0.25,1
unique_rows,49,Proposed,85,1,0.9478251308372707,0.25,1
unique_rows,49,Proposed,313,1,0.5461191673439606,0.25,1
unique_rows,49,Proposed,566,1,0.9374481786777006,0.25,1
unique_rows,49,Proposed,536,1,0.9588714694044365,0.25,1
unique_rows,49,Proposed,181,1,0.7366768963559218,0.25,1
unique_rows,49,Proposed,131,1,0.9660016738164552,0.25,1
unique_rows,49,Proposed,292,1,0.7713632799144176,0.25,1
unique_rows,49,Proposed,40,1,0.938506978566851,0.25,1
unique_rows,49,Proposed,258,0,0.4597561560640214,0.25,1
unique_rows,49,Proposed,34,1,0.9653018515495666,0.25,1
unique_rows,49,Proposed,628,1,0.7650086627778456,0.25,1
unique_rows,49,Proposed,67,0,0.206675837135476,0.25,0
unique_rows,49,Proposed,77,0,0.007173067288399832,0.25,0
unique_rows,49,Proposed,694,0,0.27615454190416516,0.25,1
unique_rows,49,Proposed,21,1,0.6415843141692065,0.25,1
unique_rows,49,Proposed,74,0,0.053771391418693956,0.25,0
unique_rows,49,Proposed,320,1,0.7668942072881506,0.25,1
unique_rows,49,Proposed,384,0,0.30929163049220143,0.25,1
unique_rows,49,Proposed,154,0,0.056039580825696954,0.25,0
unique_rows,49,Proposed,141,0,0.8217355583913374,0.25,1
unique_rows,49,Proposed,71,0,0.02451442364617758,0.25,0
unique_rows,49,Proposed,228,1,0.9734323208701037,0.25,1
unique_rows,49,Proposed,48,1,0.7050420378830511,0.25,1
unique_rows,49,Proposed,374,1,0.9125919830322887,0.25,1
unique_rows,49,Proposed,270,1,0.7036251697883967,0.25,1
unique_rows,49,Proposed,160,0,0.41749351140376445,0.25,1
unique_rows,49,Proposed,36,1,0.30936450205818117,0.25,1
unique_rows,49,Proposed,191,1,0.7169594622919945,0.25,1
unique_rows,49,Proposed,169,1,0.9506330713806,0.25,1
unique_rows,49,Proposed,171,0,0.09456762045392518,0.25,0
unique_rows,49,Proposed,189,0,0.35454568396163166,0.25,1
unique_rows,49,Proposed,282,1,0.9455617493625743,0.25,1
unique_rows,49,Proposed,124,0,0.0136258361914077,0.25,0
unique_rows,49,Proposed,90,1,0.9866676821295783,0.25,1
unique_rows,49,Proposed,199,0,0.07663663453240502,0.25,0
unique_rows,49,Proposed,582,1,0.9205024702693273,0.25,1
unique_rows,50,LR,181,1,0.7285973977242658,0.5,1
unique_rows,50,LR,210,1,0.8485811698810406,0.5,1
unique_rows,50,LR,366,0,0.40486659070539593,0.5,0
unique_rows,50,LR,7,0,0.03308582310376855,0.5,0
unique_rows,50,LR,720,0,0.9193438094099142,0.5,1
unique_rows,50,LR,62,0,0.047861081002609884,0.5,0
unique_rows,50,LR,541,1,0.9244154776150194,0.5,1
unique_rows,50,LR,95,1,0.6294602920259009,0.5,1
unique_rows,50,LR,52,1,0.5314802875224515,0.5,1
unique_rows,50,LR,599,1,0.893984077585446,0.5,1
unique_rows,50,LR,149,1,0.9223892547684325,0.5,1
unique_rows,50,LR,373,0,0.546454680650397,0.5,1
unique_rows,50,LR,286,1,0.949664204768692,0.5,1
unique_rows,50,LR,252,0,0.05807915109828804,0.5,0
unique_rows,50,LR,156,1,0.8603356094527179,0.5,1
unique_rows,50,LR,63,1,0.8258514628375705,0.5,1
unique_rows,50,LR,87,0,0.580545293673282,0.5,1
unique_rows,50,LR,169,1,0.9651652207497494,0.5,1
unique_rows,50,LR,633,0,0.019064982978696358,0.5,0
unique_rows,50,LR,498,1,0.5877287824153399,0.5,1
unique_rows,50,LR,68,1,0.9930348512906537,0.5,1
unique_rows,50,LR,389,1,0.7767032981587385,0.5,1
unique_rows,50,LR,144,1,0.7701783249467768,0.5,1
unique_rows,50,LR,145,0,0.07394180546008428,0.5,0
unique_rows,50,LR,70,0,0.00995766474621581,0.5,0
unique_rows,50,LR,66,1,0.6682264635228082,0.5,1
unique_rows,50,LR,80,0,0.6696632233782546,0.5,1
unique_rows,50,LR,218,0,0.017851739856587376,0.5,0
unique_rows,50,LR,32,0,0.06011359183004802,0.5,0
unique_rows,50,LR,198,1,0.981751843109883,0.5,1
unique_rows,50,LR,37,1,0.6497340893812856,0.5,1
unique_rows,50,LR,12,1,0.9844987992407795,0.5,1
unique_rows,50,LR,254,0,0.16094779137100837,0.5,0
unique_rows,50,LR,349,0,0.7310767914885771,0.5,1
unique_rows,50,LR,154,0,0.007106153629996469,0.5,0
unique_rows,50,LR,163,0,0.36524527336969553,0.5,0
unique_rows,50,LR,438,1,0.9607296421164577,0.5,1
unique_rows,50,LR,224,1,0.45817324886506294,0.5,0
unique_rows,50,LR,166,0,0.05929530367670199,0.5,0
unique_rows,50,LR,33,0,0.06463511493880354,0.5,0
unique_rows,50,LR,522,1,0.9649513721435469,0.5,1
unique_rows,50,LR,313,1,0.6308122733812705,0.5,1
unique_rows,50,LR,2,0,0.03399973552332566,0.5,0
unique_rows,50,LR,402,1,0.6271968637390907,0.5,1
unique_rows,50,LR,146,1,0.9742507352424269,0.5,1
unique_rows,50,LR,67,0,0.2587768759215023,0.5,0
unique_rows,50,LR,342,1,0.9644793633921772,0.5,1
unique_rows,50,LR,304,1,0.9710027264609458,0.5,1
unique_rows,50,LR,333,1,0.9735068770049913,0.5,1
unique_rows,50,LR,39,0,0.5361331369692508,0.5,1
unique_rows,50,LR,185,0,0.009602141924956873,0.5,0
unique_rows,50,LR,437,0,0.009708307891746846,0.5,0
unique_rows,50,LR,628,1,0.9220589649750042,0.5,1
unique_rows,50,LR,291,0,0.007509225579542503,0.5,0
unique_rows,50,LR,616,1,0.6739515285356892,0.5,1
unique_rows,50,LR,106,0,0.22748992070458904,0.5,0
unique_rows,50,LR,262,1,0.7539077400562995,0.5,1
unique_rows,50,LR,643,1,0.527061220722327,0.5,1
unique_rows,50,LR,139,1,0.9122292962514656,0.5,1
unique_rows,50,LR,258,0,0.6539804349731488,0.5,1
unique_rows,50,LR,51,0,0.4729170272709367,0.5,0
unique_rows,50,DT,181,1,1.0,0.5,1
unique_rows,50,DT,210,1,1.0,0.5,1
unique_rows,50,DT,366,0,0.0,0.5,0
unique_rows,50,DT,7,0,0.0,0.5,0
unique_rows,50,DT,720,0,0.0,0.5,0
unique_rows,50,DT,62,0,0.0,0.5,0
unique_rows,50,DT,541,1,1.0,0.5,1
unique_rows,50,DT,95,1,1.0,0.5,1
unique_rows,50,DT,52,1,1.0,0.5,1
unique_rows,50,DT,599,1,0.0,0.5,0
unique_rows,50,DT,149,1,1.0,0.5,1
unique_rows,50,DT,373,0,0.0,0.5,0
unique_rows,50,DT,286,1,1.0,0.5,1
unique_rows,50,DT,252,0,0.0,0.5,0
unique_rows,50,DT,156,1,1.0,0.5,1
unique_rows,50,DT,63,1,1.0,0.5,1
unique_rows,50,DT,87,0,1.0,0.5,1
unique_rows,50,DT,169,1,1.0,0.5,1
unique_rows,50,DT,633,0,0.0,0.5,0
unique_rows,50,DT,498,1,1.0,0.5,1
unique_rows,50,DT,68,1,1.0,0.5,1
unique_rows,50,DT,389,1,0.0,0.5,0
unique_rows,50,DT,144,1,1.0,0.5,1
unique_rows,50,DT,145,0,0.0,0.5,0
unique_rows,50,DT,70,0,0.0,0.5,0
unique_rows,50,DT,66,1,1.0,0.5,1
unique_rows,50,DT,80,0,1.0,0.5,1
unique_rows,50,DT,218,0,0.0,0.5,0
unique_rows,50,DT,32,0,0.0,0.5,0
unique_rows,50,DT,198,1,1.0,0.5,1
unique_rows,50,DT,37,1,1.0,0.5,1
unique_rows,50,DT,12,1,1.0,0.5,1
unique_rows,50,DT,254,0,0.0,0.5,0
unique_rows,50,DT,349,0,1.0,0.5,1
unique_rows,50,DT,154,0,0.0,0.5,0
unique_rows,50,DT,163,0,1.0,0.5,1
unique_rows,50,DT,438,1,1.0,0.5,1
unique_rows,50,DT,224,1,1.0,0.5,1
unique_rows,50,DT,166,0,0.0,0.5,0
unique_rows,50,DT,33,0,0.0,0.5,0
unique_rows,50,DT,522,1,1.0,0.5,1
unique_rows,50,DT,313,1,1.0,0.5,1
unique_rows,50,DT,2,0,0.0,0.5,0
unique_rows,50,DT,402,1,0.0,0.5,0
unique_rows,50,DT,146,1,1.0,0.5,1
unique_rows,50,DT,67,0,1.0,0.5,1
unique_rows,50,DT,342,1,1.0,0.5,1
unique_rows,50,DT,304,1,1.0,0.5,1
unique_rows,50,DT,333,1,1.0,0.5,1
unique_rows,50,DT,39,0,0.0,0.5,0
unique_rows,50,DT,185,0,0.0,0.5,0
unique_rows,50,DT,437,0,0.0,0.5,0
unique_rows,50,DT,628,1,1.0,0.5,1
unique_rows,50,DT,291,0,0.0,0.5,0
unique_rows,50,DT,616,1,1.0,0.5,1
unique_rows,50,DT,106,0,0.0,0.5,0
unique_rows,50,DT,262,1,1.0,0.5,1
unique_rows,50,DT,643,1,1.0,0.5,1
unique_rows,50,DT,139,1,1.0,0.5,1
unique_rows,50,DT,258,0,1.0,0.5,1
unique_rows,50,DT,51,0,1.0,0.5,1
unique_rows,50,RF,181,1,0.6,0.5,1
unique_rows,50,RF,210,1,0.71,0.5,1
unique_rows,50,RF,366,0,0.38,0.5,0
unique_rows,50,RF,7,0,0.08,0.5,0
unique_rows,50,RF,720,0,0.79,0.5,1
unique_rows,50,RF,62,0,0.34,0.5,0
unique_rows,50,RF,541,1,0.97,0.5,1
unique_rows,50,RF,95,1,0.9,0.5,1
unique_rows,50,RF,52,1,0.87,0.5,1
unique_rows,50,RF,599,1,0.57,0.5,1
unique_rows,50,RF,149,1,0.95,0.5,1
unique_rows,50,RF,373,0,0.78,0.5,1
unique_rows,50,RF,286,1,0.6,0.5,1
unique_rows,50,RF,252,0,0.04,0.5,0
unique_rows,50,RF,156,1,0.73,0.5,1
unique_rows,50,RF,63,1,0.77,0.5,1
unique_rows,50,RF,87,0,0.46,0.5,0
unique_rows,50,RF,169,1,0.83,0.5,1
unique_rows,50,RF,633,0,0.09,0.5,0
unique_rows,50,RF,498,1,0.8,0.5,1
unique_rows,50,RF,68,1,1.0,0.5,1
unique_rows,50,RF,389,1,0.55,0.5,1
unique_rows,50,RF,144,1,0.66,0.5,1
unique_rows,50,RF,145,0,0.17,0.5,0
unique_rows,50,RF,70,0,0.09,0.5,0
unique_rows,50,RF,66,1,0.7,0.5,1
unique_rows,50,RF,80,0,0.74,0.5,1
unique_rows,50,RF,218,0,0.05,0.5,0
unique_rows,50,RF,32,0,0.13,0.5,0
unique_rows,50,RF,198,1,0.78,0.5,1
unique_rows,50,RF,37,1,0.7,0.5,1
unique_rows,50,RF,12,1,1.0,0.5,1
unique_rows,50,RF,254,0,0.05,0.5,0
unique_rows,50,RF,349,0,0.57,0.5,1
unique_rows,50,RF,154,0,0.08,0.5,0
unique_rows,50,RF,163,0,0.69,0.5,1
unique_rows,50,RF,438,1,0.97,0.5,1
unique_rows,50,RF,224,1,0.81,0.5,1
unique_rows,50,RF,166,0,0.1,0.5,0
unique_rows,50,RF,33,0,0.22,0.5,0
unique_rows,50,RF,522,1,0.85,0.5,1
unique_rows,50,RF,313,1,0.64,0.5,1
unique_rows,50,RF,2,0,0.15,0.5,0
unique_rows,50,RF,402,1,0.61,0.5,1
unique_rows,50,RF,146,1,0.98,0.5,1
unique_rows,50,RF,67,0,0.36,0.5,0
unique_rows,50,RF,342,1,0.91,0.5,1
unique_rows,50,RF,304,1,0.99,0.5,1
unique_rows,50,RF,333,1,0.93,0.5,1
unique_rows,50,RF,39,0,0.7,0.5,1
unique_rows,50,RF,185,0,0.07,0.5,0
unique_rows,50,RF,437,0,0.05,0.5,0
unique_rows,50,RF,628,1,0.55,0.5,1
unique_rows,50,RF,291,0,0.0,0.5,0
unique_rows,50,RF,616,1,0.74,0.5,1
unique_rows,50,RF,106,0,0.54,0.5,1
unique_rows,50,RF,262,1,0.86,0.5,1
unique_rows,50,RF,643,1,0.53,0.5,1
unique_rows,50,RF,139,1,0.65,0.5,1
unique_rows,50,RF,258,0,0.67,0.5,1
unique_rows,50,RF,51,0,0.44,0.5,0
unique_rows,50,XGB,181,1,0.9780780673027039,0.5,1
unique_rows,50,XGB,210,1,0.7459460496902466,0.5,1
unique_rows,50,XGB,366,0,0.013409897685050964,0.5,0
unique_rows,50,XGB,7,0,0.001978714484721422,0.5,0
unique_rows,50,XGB,720,0,0.7353042364120483,0.5,1
unique_rows,50,XGB,62,0,0.0385109968483448,0.5,0
unique_rows,50,XGB,541,1,0.9984713196754456,0.5,1
unique_rows,50,XGB,95,1,0.9677578210830688,0.5,1
unique_rows,50,XGB,52,1,0.9036086797714233,0.5,1
unique_rows,50,XGB,599,1,0.48433059453964233,0.5,0
unique_rows,50,XGB,149,1,0.9915430545806885,0.5,1
unique_rows,50,XGB,373,0,0.9417020082473755,0.5,1
unique_rows,50,XGB,286,1,0.9914496541023254,0.5,1
unique_rows,50,XGB,252,0,0.006743913050740957,0.5,0
unique_rows,50,XGB,156,1,0.9906477332115173,0.5,1
unique_rows,50,XGB,63,1,0.8352847695350647,0.5,1
unique_rows,50,XGB,87,0,0.32545116543769836,0.5,0
unique_rows,50,XGB,169,1,0.978032112121582,0.5,1
unique_rows,50,XGB,633,0,0.0005672278348356485,0.5,0
unique_rows,50,XGB,498,1,0.9894171357154846,0.5,1
unique_rows,50,XGB,68,1,0.9995848536491394,0.5,1
unique_rows,50,XGB,389,1,0.766006588935852,0.5,1
unique_rows,50,XGB,144,1,0.8688194155693054,0.5,1
unique_rows,50,XGB,145,0,0.03144349530339241,0.5,0
unique_rows,50,XGB,70,0,0.007774126250296831,0.5,0
unique_rows,50,XGB,66,1,0.87497478723526,0.5,1
unique_rows,50,XGB,80,0,0.9406145215034485,0.5,1
unique_rows,50,XGB,218,0,0.005131242796778679,0.5,0
unique_rows,50,XGB,32,0,0.0046849325299263,0.5,0
unique_rows,50,XGB,198,1,0.9871137142181396,0.5,1
unique_rows,50,XGB,37,1,0.3995101749897003,0.5,0
unique_rows,50,XGB,12,1,0.9997734427452087,0.5,1
unique_rows,50,XGB,254,0,0.006261853501200676,0.5,0
unique_rows,50,XGB,349,0,0.9240763783454895,0.5,1
unique_rows,50,XGB,154,0,0.0026272833347320557,0.5,0
unique_rows,50,XGB,163,0,0.7135214805603027,0.5,1
unique_rows,50,XGB,438,1,0.9972773194313049,0.5,1
unique_rows,50,XGB,224,1,0.9567851424217224,0.5,1
unique_rows,50,XGB,166,0,0.0011170001234859228,0.5,0
unique_rows,50,XGB,33,0,0.1945376843214035,0.5,0
unique_rows,50,XGB,522,1,0.9870190620422363,0.5,1
unique_rows,50,XGB,313,1,0.7673654556274414,0.5,1
unique_rows,50,XGB,2,0,0.011642585508525372,0.5,0
unique_rows,50,XGB,402,1,0.7510389685630798,0.5,1
unique_rows,50,XGB,146,1,0.9998013377189636,0.5,1
unique_rows,50,XGB,67,0,0.16455087065696716,0.5,0
unique_rows,50,XGB,342,1,0.9987154006958008,0.5,1
unique_rows,50,XGB,304,1,0.9982764720916748,0.5,1
unique_rows,50,XGB,333,1,0.9968581199645996,0.5,1
unique_rows,50,XGB,39,0,0.9394370317459106,0.5,1
unique_rows,50,XGB,185,0,0.00047154753701761365,0.5,0
unique_rows,50,XGB,437,0,0.001490771071985364,0.5,0
unique_rows,50,XGB,628,1,0.9807555079460144,0.5,1
unique_rows,50,XGB,291,0,0.00041407981188967824,0.5,0
unique_rows,50,XGB,616,1,0.9341491460800171,0.5,1
unique_rows,50,XGB,106,0,0.20089755952358246,0.5,0
unique_rows,50,XGB,262,1,0.9742798805236816,0.5,1
unique_rows,50,XGB,643,1,0.8294850587844849,0.5,1
unique_rows,50,XGB,139,1,0.618200957775116,0.5,1
unique_rows,50,XGB,258,0,0.7314032912254333,0.5,1
unique_rows,50,XGB,51,0,0.7405789494514465,0.5,1
unique_rows,50,NB,181,1,0.4680025437260589,0.5,0
unique_rows,50,NB,210,1,0.9326095136364193,0.5,1
unique_rows,50,NB,366,0,0.18757838908455748,0.5,0
unique_rows,50,NB,7,0,0.0036987211138899776,0.5,0
unique_rows,50,NB,720,0,0.9945490420619383,0.5,1
unique_rows,50,NB,62,0,0.002147250100609716,0.5,0
unique_rows,50,NB,541,1,0.9981128656007072,0.5,1
unique_rows,50,NB,95,1,0.6961145323803387,0.5,1
unique_rows,50,NB,52,1,0.5192437598636487,0.5,1
unique_rows,50,NB,599,1,0.9783795989117064,0.5,1
unique_rows,50,NB,149,1,0.9991783311029221,0.5,1
unique_rows,50,NB,373,0,0.7578997063796351,0.5,1
unique_rows,50,NB,286,1,0.9842176106924595,0.5,1
unique_rows,50,NB,252,0,0.008448352213294494,0.5,0
unique_rows,50,NB,156,1,0.9617500767024664,0.5,1
unique_rows,50,NB,63,1,0.9519875323862141,0.5,1
unique_rows,50,NB,87,0,0.18670803177926903,0.5,0
unique_rows,50,NB,169,1,0.9971077644238163,0.5,1
unique_rows,50,NB,633,0,4.389375524115121e-05,0.5,0
unique_rows,50,NB,498,1,0.9305507480151931,0.5,1
unique_rows,50,NB,68,1,0.999942526454783,0.5,1
unique_rows,50,NB,389,1,0.2986490009079268,0.5,0
unique_rows,50,NB,144,1,0.9763269720609645,0.5,1
unique_rows,50,NB,145,0,0.007151880926742909,0.5,0
unique_rows,50,NB,70,0,7.013231136361622e-06,0.5,0
unique_rows,50,NB,66,1,0.8086341729258323,0.5,1
unique_rows,50,NB,80,0,0.886851600548163,0.5,1
unique_rows,50,NB,218,0,0.0004408365170679871,0.5,0
unique_rows,50,NB,32,0,0.005402837793666302,0.5,0
unique_rows,50,NB,198,1,0.9983044001003037,0.5,1
unique_rows,50,NB,37,1,0.9490447362754164,0.5,1
unique_rows,50,NB,12,1,0.99990636143498,0.5,1
unique_rows,50,NB,254,0,0.09182239756109167,0.5,0
unique_rows,50,NB,349,0,0.29562391281279726,0.5,0
unique_rows,50,NB,154,0,3.421502158336847e-05,0.5,0
unique_rows,50,NB,163,0,0.6881800400410945,0.5,1
unique_rows,50,NB,438,1,0.9986740603976397,0.5,1
unique_rows,50,NB,224,1,0.5807633226736938,0.5,1
unique_rows,50,NB,166,0,0.00048082319891064323,0.5,0
unique_rows,50,NB,33,0,0.00013680847981398464,0.5,0
unique_rows,50,NB,522,1,0.9968482944886775,0.5,1
unique_rows,50,NB,313,1,0.3965525662583035,0.5,0
unique_rows,50,NB,2,0,0.00018142746648182104,0.5,0
unique_rows,50,NB,402,1,0.8938043403770785,0.5,1
unique_rows,50,NB,146,1,0.99902827021393,0.5,1
unique_rows,50,NB,67,0,0.03585220917689695,0.5,0
unique_rows,50,NB,342,1,0.9961193926745177,0.5,1
unique_rows,50,NB,304,1,0.9980911902804088,0.5,1
unique_rows,50,NB,333,1,0.9948944669883109,0.5,1
unique_rows,50,NB,39,0,0.712121543809862,0.5,1
unique_rows,50,NB,185,0,0.00015462907673949346,0.5,0
unique_rows,50,NB,437,0,3.213744685663599e-05,0.5,0
unique_rows,50,NB,628,1,0.9747545594475733,0.5,1
unique_rows,50,NB,291,0,1.1806833388519788e-05,0.5,0
unique_rows,50,NB,616,1,0.9676320354989244,0.5,1
unique_rows,50,NB,106,0,0.11578668354707793,0.5,0
unique_rows,50,NB,262,1,0.9837604498533883,0.5,1
unique_rows,50,NB,643,1,0.758478837499961,0.5,1
unique_rows,50,NB,139,1,0.9965802002180892,0.5,1
unique_rows,50,NB,258,0,0.027392299785420883,0.5,0
unique_rows,50,NB,51,0,0.06328764856580364,0.5,0
unique_rows,50,KNN,181,1,0.8,0.5,1
unique_rows,50,KNN,210,1,0.8,0.5,1
unique_rows,50,KNN,366,0,0.4,0.5,0
unique_rows,50,KNN,7,0,0.0,0.5,0
unique_rows,50,KNN,720,0,1.0,0.5,1
unique_rows,50,KNN,62,0,0.0,0.5,0
unique_rows,50,KNN,541,1,1.0,0.5,1
unique_rows,50,KNN,95,1,1.0,0.5,1
unique_rows,50,KNN,52,1,0.6,0.5,1
unique_rows,50,KNN,599,1,1.0,0.5,1
unique_rows,50,KNN,149,1,1.0,0.5,1
unique_rows,50,KNN,373,0,0.8,0.5,1
unique_rows,50,KNN,286,1,0.8,0.5,1
unique_rows,50,KNN,252,0,0.2,0.5,0
unique_rows,50,KNN,156,1,1.0,0.5,1
unique_rows,50,KNN,63,1,1.0,0.5,1
unique_rows,50,KNN,87,0,0.4,0.5,0
unique_rows,50,KNN,169,1,1.0,0.5,1
unique_rows,50,KNN,633,0,0.0,0.5,0
unique_rows,50,KNN,498,1,1.0,0.5,1
unique_rows,50,KNN,68,1,1.0,0.5,1
unique_rows,50,KNN,389,1,0.4,0.5,0
unique_rows,50,KNN,144,1,0.8,0.5,1
unique_rows,50,KNN,145,0,0.2,0.5,0
unique_rows,50,KNN,70,0,0.0,0.5,0
unique_rows,50,KNN,66,1,0.6,0.5,1
unique_rows,50,KNN,80,0,0.8,0.5,1
unique_rows,50,KNN,218,0,0.0,0.5,0
unique_rows,50,KNN,32,0,0.2,0.5,0
unique_rows,50,KNN,198,1,1.0,0.5,1
unique_rows,50,KNN,37,1,0.8,0.5,1
unique_rows,50,KNN,12,1,1.0,0.5,1
unique_rows,50,KNN,254,0,0.2,0.5,0
unique_rows,50,KNN,349,0,0.6,0.5,1
unique_rows,50,KNN,154,0,0.0,0.5,0
unique_rows,50,KNN,163,0,0.6,0.5,1
unique_rows,50,KNN,438,1,1.0,0.5,1
unique_rows,50,KNN,224,1,0.8,0.5,1
unique_rows,50,KNN,166,0,0.2,0.5,0
unique_rows,50,KNN,33,0,0.0,0.5,0
unique_rows,50,KNN,522,1,1.0,0.5,1
unique_rows,50,KNN,313,1,0.6,0.5,1
unique_rows,50,KNN,2,0,0.0,0.5,0
unique_rows,50,KNN,402,1,0.4,0.5,0
unique_rows,50,KNN,146,1,1.0,0.5,1
unique_rows,50,KNN,67,0,0.4,0.5,0
unique_rows,50,KNN,342,1,1.0,0.5,1
unique_rows,50,KNN,304,1,0.8,0.5,1
unique_rows,50,KNN,333,1,1.0,0.5,1
unique_rows,50,KNN,39,0,0.6,0.5,1
unique_rows,50,KNN,185,0,0.0,0.5,0
unique_rows,50,KNN,437,0,0.0,0.5,0
unique_rows,50,KNN,628,1,0.6,0.5,1
unique_rows,50,KNN,291,0,0.0,0.5,0
unique_rows,50,KNN,616,1,1.0,0.5,1
unique_rows,50,KNN,106,0,0.4,0.5,0
unique_rows,50,KNN,262,1,0.8,0.5,1
unique_rows,50,KNN,643,1,0.2,0.5,0
unique_rows,50,KNN,139,1,0.8,0.5,1
unique_rows,50,KNN,258,0,0.8,0.5,1
unique_rows,50,KNN,51,0,0.2,0.5,0
unique_rows,50,Stacking,181,1,0.7159313509976518,0.5,1
unique_rows,50,Stacking,210,1,0.8282748063252772,0.5,1
unique_rows,50,Stacking,366,0,0.30470746626260997,0.5,0
unique_rows,50,Stacking,7,0,0.08160711128724862,0.5,0
unique_rows,50,Stacking,720,0,0.8681680230428204,0.5,1
unique_rows,50,Stacking,62,0,0.115136305846116,0.5,0
unique_rows,50,Stacking,541,1,0.9130687852446707,0.5,1
unique_rows,50,Stacking,95,1,0.8284661991539644,0.5,1
unique_rows,50,Stacking,52,1,0.6856244455513786,0.5,1
unique_rows,50,Stacking,599,1,0.8191004337210953,0.5,1
unique_rows,50,Stacking,149,1,0.9106233053809419,0.5,1
unique_rows,50,Stacking,373,0,0.7110343053780842,0.5,1
unique_rows,50,Stacking,286,1,0.8375187374363614,0.5,1
unique_rows,50,Stacking,252,0,0.09992338014837332,0.5,0
unique_rows,50,Stacking,156,1,0.8694083011579913,0.5,1
unique_rows,50,Stacking,63,1,0.8671249535601497,0.5,1
unique_rows,50,Stacking,87,0,0.443814325877874,0.5,0
unique_rows,50,Stacking,169,1,0.9021674201852521,0.5,1
unique_rows,50,Stacking,633,0,0.080781111335144,0.5,0
unique_rows,50,Stacking,498,1,0.8235613167191387,0.5,1
unique_rows,50,Stacking,68,1,0.9242873284636578,0.5,1
unique_rows,50,Stacking,389,1,0.5342544134927489,0.5,1
unique_rows,50,Stacking,144,1,0.8058847265173338,0.5,1
unique_rows,50,Stacking,145,0,0.11984898180627875,0.5,0
unique_rows,50,Stacking,70,0,0.07976838057397423,0.5,0
unique_rows,50,Stacking,66,1,0.7241296975633571,0.5,1
unique_rows,50,Stacking,80,0,0.7887993677178788,0.5,1
unique_rows,50,Stacking,218,0,0.07671877533193612,0.5,0
unique_rows,50,Stacking,32,0,0.11165298023344948,0.5,0
unique_rows,50,Stacking,198,1,0.8985115003946139,0.5,1
unique_rows,50,Stacking,37,1,0.7735495714860291,0.5,1
unique_rows,50,Stacking,12,1,0.9233419905173984,0.5,1
unique_rows,50,Stacking,254,0,0.12309562999112018,0.5,0
unique_rows,50,Stacking,349,0,0.6284754389571534,0.5,1
unique_rows,50,Stacking,154,0,0.07841298845659335,0.5,0
unique_rows,50,Stacking,163,0,0.5927223374405057,0.5,1
unique_rows,50,Stacking,438,1,0.9175179251566877,0.5,1
unique_rows,50,Stacking,224,1,0.7036985630479262,0.5,1
unique_rows,50,Stacking,166,0,0.10715403418515504,0.5,0
unique_rows,50,Stacking,33,0,0.1029316600977141,0.5,0
unique_rows,50,Stacking,522,1,0.9045812719105324,0.5,1
unique_rows,50,Stacking,313,1,0.6275882137758116,0.5,1
unique_rows,50,Stacking,2,0,0.08906853642718185,0.5,0
unique_rows,50,Stacking,402,1,0.6000811142289821,0.5,1
unique_rows,50,Stacking,146,1,0.9201597655576231,0.5,1
unique_rows,50,Stacking,67,0,0.27094168154841075,0.5,0
unique_rows,50,Stacking,342,1,0.911422527734774,0.5,1
unique_rows,50,Stacking,304,1,0.901853245708714,0.5,1
unique_rows,50,Stacking,333,1,0.914642243692339,0.5,1
unique_rows,50,Stacking,39,0,0.6242399228581712,0.5,1
unique_rows,50,Stacking,185,0,0.0777024896902379,0.5,0
unique_rows,50,Stacking,437,0,0.07577400887728998,0.5,0
unique_rows,50,Stacking,628,1,0.7834728493440306,0.5,1
unique_rows,50,Stacking,291,0,0.07088048621287626,0.5,0
unique_rows,50,Stacking,616,1,0.8341858764635737,0.5,1
unique_rows,50,Stacking,106,0,0.2850818099069165,0.5,0
unique_rows,50,Stacking,262,1,0.8437371643844385,0.5,1
unique_rows,50,Stacking,643,1,0.5005002784338192,0.5,1
unique_rows,50,Stacking,139,1,0.8355717921147585,0.5,1
unique_rows,50,Stacking,258,0,0.6383757874185327,0.5,1
unique_rows,50,Stacking,51,0,0.3300332006937071,0.5,0
unique_rows,50,OneHot LR,181,1,0.6836346962232513,0.5,1
unique_rows,50,OneHot LR,210,1,0.9126234425448212,0.5,1
unique_rows,50,OneHot LR,366,0,0.22854120580972748,0.5,0
unique_rows,50,OneHot LR,7,0,0.015993820343201542,0.5,0
unique_rows,50,OneHot LR,720,0,0.9666117344949009,0.5,1
unique_rows,50,OneHot LR,62,0,0.04802278472839053,0.5,0
unique_rows,50,OneHot LR,541,1,0.9532736956230181,0.5,1
unique_rows,50,OneHot LR,95,1,0.6412935276959448,0.5,1
unique_rows,50,OneHot LR,52,1,0.9395526493996832,0.5,1
unique_rows,50,OneHot LR,599,1,0.8642151710605684,0.5,1
unique_rows,50,OneHot LR,149,1,0.9490785584317197,0.5,1
unique_rows,50,OneHot LR,373,0,0.7008825991288921,0.5,1
unique_rows,50,OneHot LR,286,1,0.9557791446504865,0.5,1
unique_rows,50,OneHot LR,252,0,0.028734279180926765,0.5,0
unique_rows,50,OneHot LR,156,1,0.719668492878013,0.5,1
unique_rows,50,OneHot LR,63,1,0.9371864135703459,0.5,1
unique_rows,50,OneHot LR,87,0,0.6661672747127576,0.5,1
unique_rows,50,OneHot LR,169,1,0.9624453519429675,0.5,1
unique_rows,50,OneHot LR,633,0,0.019074136494863843,0.5,0
unique_rows,50,OneHot LR,498,1,0.7425623962507488,0.5,1
unique_rows,50,OneHot LR,68,1,0.9930373723724599,0.5,1
unique_rows,50,OneHot LR,389,1,0.7371611134645443,0.5,1
unique_rows,50,OneHot LR,144,1,0.841739908489603,0.5,1
unique_rows,50,OneHot LR,145,0,0.0688781225687623,0.5,0
unique_rows,50,OneHot LR,70,0,0.03339070048230419,0.5,0
unique_rows,50,OneHot LR,66,1,0.8927680289715766,0.5,1
unique_rows,50,OneHot LR,80,0,0.4121923798513399,0.5,0
unique_rows,50,OneHot LR,218,0,0.008728729271491127,0.5,0
unique_rows,50,OneHot LR,32,0,0.029146606505810944,0.5,0
unique_rows,50,OneHot LR,198,1,0.9699585671947447,0.5,1
unique_rows,50,OneHot LR,37,1,0.7874990285291117,0.5,1
unique_rows,50,OneHot LR,12,1,0.9848598625190216,0.5,1
unique_rows,50,OneHot LR,254,0,0.13596623542768524,0.5,0
unique_rows,50,OneHot LR,349,0,0.48579951578264186,0.5,0
unique_rows,50,OneHot LR,154,0,0.029225197641856847,0.5,0
unique_rows,50,OneHot LR,163,0,0.30559782987574696,0.5,0
unique_rows,50,OneHot LR,438,1,0.9768686228794534,0.5,1
unique_rows,50,OneHot LR,224,1,0.6429964239934584,0.5,1
unique_rows,50,OneHot LR,166,0,0.022880235381001316,0.5,0
unique_rows,50,OneHot LR,33,0,0.05374161875959373,0.5,0
unique_rows,50,OneHot LR,522,1,0.9521777558608919,0.5,1
unique_rows,50,OneHot LR,313,1,0.6585895059528492,0.5,1
unique_rows,50,OneHot LR,2,0,0.1130543798221928,0.5,0
unique_rows,50,OneHot LR,402,1,0.8398385451952676,0.5,1
unique_rows,50,OneHot LR,146,1,0.9817538449800083,0.5,1
unique_rows,50,OneHot LR,67,0,0.20468197947314137,0.5,0
unique_rows,50,OneHot LR,342,1,0.9816710212501902,0.5,1
unique_rows,50,OneHot LR,304,1,0.9711864386962286,0.5,1
unique_rows,50,OneHot LR,333,1,0.9763055609114083,0.5,1
unique_rows,50,OneHot LR,39,0,0.30993086198818287,0.5,0
unique_rows,50,OneHot LR,185,0,0.021498347596910487,0.5,0
unique_rows,50,OneHot LR,437,0,0.006770087776804009,0.5,0
unique_rows,50,OneHot LR,628,1,0.7859749656199481,0.5,1
unique_rows,50,OneHot LR,291,0,0.004695955362150236,0.5,0
unique_rows,50,OneHot LR,616,1,0.7053896866127588,0.5,1
unique_rows,50,OneHot LR,106,0,0.30541058748047767,0.5,0
unique_rows,50,OneHot LR,262,1,0.8263608494431577,0.5,1
unique_rows,50,OneHot LR,643,1,0.6060991578909034,0.5,1
unique_rows,50,OneHot LR,139,1,0.9449423268120636,0.5,1
unique_rows,50,OneHot LR,258,0,0.3916090872044481,0.5,0
unique_rows,50,OneHot LR,51,0,0.4270175727664747,0.5,0
unique_rows,50,Proposed,181,1,0.6836346962232513,0.4,1
unique_rows,50,Proposed,210,1,0.9126234425448212,0.4,1
unique_rows,50,Proposed,366,0,0.22854120580972748,0.4,0
unique_rows,50,Proposed,7,0,0.015993820343201542,0.4,0
unique_rows,50,Proposed,720,0,0.9666117344949009,0.4,1
unique_rows,50,Proposed,62,0,0.04802278472839053,0.4,0
unique_rows,50,Proposed,541,1,0.9532736956230181,0.4,1
unique_rows,50,Proposed,95,1,0.6412935276959448,0.4,1
unique_rows,50,Proposed,52,1,0.9395526493996832,0.4,1
unique_rows,50,Proposed,599,1,0.8642151710605684,0.4,1
unique_rows,50,Proposed,149,1,0.9490785584317197,0.4,1
unique_rows,50,Proposed,373,0,0.7008825991288921,0.4,1
unique_rows,50,Proposed,286,1,0.9557791446504865,0.4,1
unique_rows,50,Proposed,252,0,0.028734279180926765,0.4,0
unique_rows,50,Proposed,156,1,0.719668492878013,0.4,1
unique_rows,50,Proposed,63,1,0.9371864135703459,0.4,1
unique_rows,50,Proposed,87,0,0.6661672747127576,0.4,1
unique_rows,50,Proposed,169,1,0.9624453519429675,0.4,1
unique_rows,50,Proposed,633,0,0.019074136494863843,0.4,0
unique_rows,50,Proposed,498,1,0.7425623962507488,0.4,1
unique_rows,50,Proposed,68,1,0.9930373723724599,0.4,1
unique_rows,50,Proposed,389,1,0.7371611134645443,0.4,1
unique_rows,50,Proposed,144,1,0.841739908489603,0.4,1
unique_rows,50,Proposed,145,0,0.0688781225687623,0.4,0
unique_rows,50,Proposed,70,0,0.03339070048230419,0.4,0
unique_rows,50,Proposed,66,1,0.8927680289715766,0.4,1
unique_rows,50,Proposed,80,0,0.4121923798513399,0.4,1
unique_rows,50,Proposed,218,0,0.008728729271491127,0.4,0
unique_rows,50,Proposed,32,0,0.029146606505810944,0.4,0
unique_rows,50,Proposed,198,1,0.9699585671947447,0.4,1
unique_rows,50,Proposed,37,1,0.7874990285291117,0.4,1
unique_rows,50,Proposed,12,1,0.9848598625190216,0.4,1
unique_rows,50,Proposed,254,0,0.13596623542768524,0.4,0
unique_rows,50,Proposed,349,0,0.48579951578264186,0.4,1
unique_rows,50,Proposed,154,0,0.029225197641856847,0.4,0
unique_rows,50,Proposed,163,0,0.30559782987574696,0.4,0
unique_rows,50,Proposed,438,1,0.9768686228794534,0.4,1
unique_rows,50,Proposed,224,1,0.6429964239934584,0.4,1
unique_rows,50,Proposed,166,0,0.022880235381001316,0.4,0
unique_rows,50,Proposed,33,0,0.05374161875959373,0.4,0
unique_rows,50,Proposed,522,1,0.9521777558608919,0.4,1
unique_rows,50,Proposed,313,1,0.6585895059528492,0.4,1
unique_rows,50,Proposed,2,0,0.1130543798221928,0.4,0
unique_rows,50,Proposed,402,1,0.8398385451952676,0.4,1
unique_rows,50,Proposed,146,1,0.9817538449800083,0.4,1
unique_rows,50,Proposed,67,0,0.20468197947314137,0.4,0
unique_rows,50,Proposed,342,1,0.9816710212501902,0.4,1
unique_rows,50,Proposed,304,1,0.9711864386962286,0.4,1
unique_rows,50,Proposed,333,1,0.9763055609114083,0.4,1
unique_rows,50,Proposed,39,0,0.30993086198818287,0.4,0
unique_rows,50,Proposed,185,0,0.021498347596910487,0.4,0
unique_rows,50,Proposed,437,0,0.006770087776804009,0.4,0
unique_rows,50,Proposed,628,1,0.7859749656199481,0.4,1
unique_rows,50,Proposed,291,0,0.004695955362150236,0.4,0
unique_rows,50,Proposed,616,1,0.7053896866127588,0.4,1
unique_rows,50,Proposed,106,0,0.30541058748047767,0.4,0
unique_rows,50,Proposed,262,1,0.8263608494431577,0.4,1
unique_rows,50,Proposed,643,1,0.6060991578909034,0.4,1
unique_rows,50,Proposed,139,1,0.9449423268120636,0.4,1
unique_rows,50,Proposed,258,0,0.3916090872044481,0.4,0
unique_rows,50,Proposed,51,0,0.4270175727664747,0.4,1
unique_rows,51,LR,111,1,0.08009680885917404,0.5,0
unique_rows,51,LR,135,0,0.16106836630061452,0.5,0
unique_rows,51,LR,231,1,0.920341624978191,0.5,1
unique_rows,51,LR,54,0,0.004570738428436612,0.5,0
unique_rows,51,LR,105,0,0.07357440044491029,0.5,0
unique_rows,51,LR,342,1,0.9486605684957553,0.5,1
unique_rows,51,LR,182,0,0.029339583016375955,0.5,0
unique_rows,51,LR,367,0,0.5282578512359118,0.5,1
unique_rows,51,LR,159,1,0.9549265781569757,0.5,1
unique_rows,51,LR,128,1,0.1857804748709412,0.5,0
unique_rows,51,LR,536,1,0.9656492907918008,0.5,1
unique_rows,51,LR,70,0,0.005291972888696306,0.5,0
unique_rows,51,LR,434,1,0.9808836872129862,0.5,1
unique_rows,51,LR,438,1,0.9577798074111749,0.5,1
unique_rows,51,LR,733,1,0.9915529639991033,0.5,1
unique_rows,51,LR,450,0,0.00555045616493401,0.5,0
unique_rows,51,LR,203,1,0.5138428026952003,0.5,1
unique_rows,51,LR,81,0,0.1878150019205108,0.5,0
unique_rows,51,LR,426,1,0.9316882065461712,0.5,1
unique_rows,51,LR,331,0,0.399551111365062,0.5,0
unique_rows,51,LR,449,0,0.6693889848332397,0.5,1
unique_rows,51,LR,396,0,0.16487391727334733,0.5,0
unique_rows,51,LR,361,1,0.040690858604310924,0.5,0
unique_rows,51,LR,49,0,0.11047132011281163,0.5,0
unique_rows,51,LR,652,1,0.7578293449161161,0.5,1
unique_rows,51,LR,580,1,0.9097644746012762,0.5,1
unique_rows,51,LR,216,0,0.018985026922120465,0.5,0
unique_rows,51,LR,117,0,0.04491593564648288,0.5,0
unique_rows,51,LR,113,0,0.0284027020322543,0.5,0
unique_rows,51,LR,67,0,0.2561743003769964,0.5,0
unique_rows,51,LR,71,0,0.03393193809547349,0.5,0
unique_rows,51,LR,53,0,0.04341921838588891,0.5,0
unique_rows,51,LR,16,1,0.7772517854796227,0.5,1
unique_rows,51,LR,643,1,0.5079016376936635,0.5,1
unique_rows,51,LR,68,1,0.9918651425810532,0.5,1
unique_rows,51,LR,74,0,0.0646179619645529,0.5,0
unique_rows,51,LR,167,1,0.8736820206977198,0.5,1
unique_rows,51,LR,47,0,0.08255166514144123,0.5,0
unique_rows,51,LR,96,1,0.7785304478573317,0.5,1
unique_rows,51,LR,268,0,0.1481110354796026,0.5,0
unique_rows,51,LR,143,1,0.9793166376084561,0.5,1
unique_rows,51,LR,85,1,0.9258056590984033,0.5,1
unique_rows,51,LR,13,0,0.0005836441160000569,0.5,0
unique_rows,51,LR,255,1,0.6443256900233969,0.5,1
unique_rows,51,LR,37,1,0.770586411413122,0.5,1
unique_rows,51,LR,521,1,0.01352799816394935,0.5,0
unique_rows,51,LR,91,1,0.9625040680322928,0.5,1
unique_rows,51,LR,225,1,0.5606505182476621,0.5,1
unique_rows,51,LR,28,0,0.7352124582883665,0.5,1
unique_rows,51,LR,348,0,0.0034852127277227598,0.5,0
unique_rows,51,LR,72,0,0.17802220866973648,0.5,0
unique_rows,51,LR,131,1,0.9664555387814829,0.5,1
unique_rows,51,LR,52,1,0.21521530522424676,0.5,0
unique_rows,51,LR,234,1,0.9416695471927266,0.5,1
unique_rows,51,LR,148,1,0.8300661851191022,0.5,1
unique_rows,51,LR,77,0,0.006674814349234678,0.5,0
unique_rows,51,LR,281,1,0.9318912917406497,0.5,1
unique_rows,51,LR,421,1,0.776127622858117,0.5,1
unique_rows,51,LR,7,0,0.015227498353431516,0.5,0
unique_rows,51,LR,582,1,0.8538238881466585,0.5,1
unique_rows,51,LR,606,0,0.2842619453762488,0.5,0
unique_rows,51,DT,111,1,0.0,0.5,0
unique_rows,51,DT,135,0,0.0,0.5,0
unique_rows,51,DT,231,1,1.0,0.5,1
unique_rows,51,DT,54,0,0.0,0.5,0
unique_rows,51,DT,105,0,0.0,0.5,0
unique_rows,51,DT,342,1,1.0,0.5,1
unique_rows,51,DT,182,0,0.0,0.5,0
unique_rows,51,DT,367,0,1.0,0.5,1
unique_rows,51,DT,159,1,1.0,0.5,1
unique_rows,51,DT,128,1,1.0,0.5,1
unique_rows,51,DT,536,1,1.0,0.5,1
unique_rows,51,DT,70,0,0.0,0.5,0
unique_rows,51,DT,434,1,1.0,0.5,1
unique_rows,51,DT,438,1,1.0,0.5,1
unique_rows,51,DT,733,1,0.0,0.5,0
unique_rows,51,DT,450,0,0.0,0.5,0
unique_rows,51,DT,203,1,0.0,0.5,0
unique_rows,51,DT,81,0,1.0,0.5,1
unique_rows,51,DT,426,1,1.0,0.5,1
unique_rows,51,DT,331,0,1.0,0.5,1
unique_rows,51,DT,449,0,0.0,0.5,0
unique_rows,51,DT,396,0,1.0,0.5,1
unique_rows,51,DT,361,1,0.0,0.5,0
unique_rows,51,DT,49,0,1.0,0.5,1
unique_rows,51,DT,652,1,1.0,0.5,1
unique_rows,51,DT,580,1,1.0,0.5,1
unique_rows,51,DT,216,0,0.0,0.5,0
unique_rows,51,DT,117,0,0.0,0.5,0
unique_rows,51,DT,113,0,0.0,0.5,0
unique_rows,51,DT,67,0,0.0,0.5,0
unique_rows,51,DT,71,0,0.0,0.5,0
unique_rows,51,DT,53,0,1.0,0.5,1
unique_rows,51,DT,16,1,1.0,0.5,1
unique_rows,51,DT,643,1,0.0,0.5,0
unique_rows,51,DT,68,1,1.0,0.5,1
unique_rows,51,DT,74,0,0.0,0.5,0
unique_rows,51,DT,167,1,0.0,0.5,0
unique_rows,51,DT,47,0,0.0,0.5,0
unique_rows,51,DT,96,1,0.0,0.5,0
unique_rows,51,DT,268,0,0.0,0.5,0
unique_rows,51,DT,143,1,1.0,0.5,1
unique_rows,51,DT,85,1,1.0,0.5,1
unique_rows,51,DT,13,0,0.0,0.5,0
unique_rows,51,DT,255,1,0.0,0.5,0
unique_rows,51,DT,37,1,1.0,0.5,1
unique_rows,51,DT,521,1,0.0,0.5,0
unique_rows,51,DT,91,1,1.0,0.5,1
unique_rows,51,DT,225,1,0.0,0.5,0
unique_rows,51,DT,28,0,1.0,0.5,1
unique_rows,51,DT,348,0,0.0,0.5,0
unique_rows,51,DT,72,0,0.0,0.5,0
unique_rows,51,DT,131,1,1.0,0.5,1
unique_rows,51,DT,52,1,1.0,0.5,1
unique_rows,51,DT,234,1,1.0,0.5,1
unique_rows,51,DT,148,1,0.0,0.5,0
unique_rows,51,DT,77,0,0.0,0.5,0
unique_rows,51,DT,281,1,1.0,0.5,1
unique_rows,51,DT,421,1,1.0,0.5,1
unique_rows,51,DT,7,0,0.0,0.5,0
unique_rows,51,DT,582,1,1.0,0.5,1
unique_rows,51,DT,606,0,0.0,0.5,0
unique_rows,51,RF,111,1,0.19,0.5,0
unique_rows,51,RF,135,0,0.15,0.5,0
unique_rows,51,RF,231,1,0.93,0.5,1
unique_rows,51,RF,54,0,0.09,0.5,0
unique_rows,51,RF,105,0,0.17,0.5,0
unique_rows,51,RF,342,1,0.84,0.5,1
unique_rows,51,RF,182,0,0.08,0.5,0
unique_rows,51,RF,367,0,0.71,0.5,1
unique_rows,51,RF,159,1,1.0,0.5,1
unique_rows,51,RF,128,1,0.86,0.5,1
unique_rows,51,RF,536,1,0.95,0.5,1
unique_rows,51,RF,70,0,0.1,0.5,0
unique_rows,51,RF,434,1,0.95,0.5,1
unique_rows,51,RF,438,1,0.97,0.5,1
unique_rows,51,RF,733,1,0.98,0.5,1
unique_rows,51,RF,450,0,0.11,0.5,0
unique_rows,51,RF,203,1,0.38,0.5,0
unique_rows,51,RF,81,0,0.75,0.5,1
unique_rows,51,RF,426,1,0.81,0.5,1
unique_rows,51,RF,331,0,0.37,0.5,0
unique_rows,51,RF,449,0,0.53,0.5,1
unique_rows,51,RF,396,0,0.35,0.5,0
unique_rows,51,RF,361,1,0.06,0.5,0
unique_rows,51,RF,49,0,0.18,0.5,0
unique_rows,51,RF,652,1,0.58,0.5,1
unique_rows,51,RF,580,1,0.87,0.5,1
unique_rows,51,RF,216,0,0.06,0.5,0
unique_rows,51,RF,117,0,0.05,0.5,0
unique_rows,51,RF,113,0,0.06,0.5,0
unique_rows,51,RF,67,0,0.42,0.5,0
unique_rows,51,RF,71,0,0.07,0.5,0
unique_rows,51,RF,53,0,0.26,0.5,0
unique_rows,51,RF,16,1,0.8,0.5,1
unique_rows,51,RF,643,1,0.41,0.5,0
unique_rows,51,RF,68,1,0.99,0.5,1
unique_rows,51,RF,74,0,0.24,0.5,0
unique_rows,51,RF,167,1,0.7,0.5,1
unique_rows,51,RF,47,0,0.18,0.5,0
unique_rows,51,RF,96,1,0.4,0.5,0
unique_rows,51,RF,268,0,0.39,0.5,0
unique_rows,51,RF,143,1,0.96,0.5,1
unique_rows,51,RF,85,1,1.0,0.5,1
unique_rows,51,RF,13,0,0.03,0.5,0
unique_rows,51,RF,255,1,0.52,0.5,1
unique_rows,51,RF,37,1,0.75,0.5,1
unique_rows,51,RF,521,1,0.18,0.5,0
unique_rows,51,RF,91,1,0.73,0.5,1
unique_rows,51,RF,225,1,0.7,0.5,1
unique_rows,51,RF,28,0,0.53,0.5,1
unique_rows,51,RF,348,0,0.17,0.5,0
unique_rows,51,RF,72,0,0.17,0.5,0
unique_rows,51,RF,131,1,0.97,0.5,1
unique_rows,51,RF,52,1,0.92,0.5,1
unique_rows,51,RF,234,1,0.93,0.5,1
unique_rows,51,RF,148,1,0.54,0.5,1
unique_rows,51,RF,77,0,0.1,0.5,0
unique_rows,51,RF,281,1,0.98,0.5,1
unique_rows,51,RF,421,1,0.84,0.5,1
unique_rows,51,RF,7,0,0.02,0.5,0
unique_rows,51,RF,582,1,0.88,0.5,1
unique_rows,51,RF,606,0,0.39,0.5,0
unique_rows,51,XGB,111,1,0.0855269581079483,0.5,0
unique_rows,51,XGB,135,0,0.0030451484490185976,0.5,0
unique_rows,51,XGB,231,1,0.9992905855178833,0.5,1
unique_rows,51,XGB,54,0,0.004430066794157028,0.5,0
unique_rows,51,XGB,105,0,0.03696439042687416,0.5,0
unique_rows,51,XGB,342,1,0.9959704875946045,0.5,1
unique_rows,51,XGB,182,0,0.00032341430778615177,0.5,0
unique_rows,51,XGB,367,0,0.9087187051773071,0.5,1
unique_rows,51,XGB,159,1,0.9993703961372375,0.5,1
unique_rows,51,XGB,128,1,0.9844032526016235,0.5,1
unique_rows,51,XGB,536,1,0.9931862354278564,0.5,1
unique_rows,51,XGB,70,0,0.016309116035699844,0.5,0
unique_rows,51,XGB,434,1,0.9996669292449951,0.5,1
unique_rows,51,XGB,438,1,0.9986386895179749,0.5,1
unique_rows,51,XGB,733,1,0.9990928173065186,0.5,1
unique_rows,51,XGB,450,0,0.006550485268235207,0.5,0
unique_rows,51,XGB,203,1,0.22546714544296265,0.5,0
unique_rows,51,XGB,81,0,0.962611198425293,0.5,1
unique_rows,51,XGB,426,1,0.9868196249008179,0.5,1
unique_rows,51,XGB,331,0,0.29902997612953186,0.5,0
unique_rows,51,XGB,449,0,0.2071559727191925,0.5,0
unique_rows,51,XGB,396,0,0.5164155960083008,0.5,1
unique_rows,51,XGB,361,1,0.0013033795403316617,0.5,0
unique_rows,51,XGB,49,0,0.04863615706562996,0.5,0
unique_rows,51,XGB,652,1,0.863071858882904,0.5,1
unique_rows,51,XGB,580,1,0.98143070936203,0.5,1
unique_rows,51,XGB,216,0,0.0050023579970002174,0.5,0
unique_rows,51,XGB,117,0,0.0009760052780620754,0.5,0
unique_rows,51,XGB,113,0,0.012991286814212799,0.5,0
unique_rows,51,XGB,67,0,0.09265776723623276,0.5,0
unique_rows,51,XGB,71,0,0.0069551183842122555,0.5,0
unique_rows,51,XGB,53,0,0.024808408692479134,0.5,0
unique_rows,51,XGB,16,1,0.9784034490585327,0.5,1
unique_rows,51,XGB,643,1,0.8734025359153748,0.5,1
unique_rows,51,XGB,68,1,0.999883770942688,0.5,1
unique_rows,51,XGB,74,0,0.007906637154519558,0.5,0
unique_rows,51,XGB,167,1,0.5929303169250488,0.5,1
unique_rows,51,XGB,47,0,0.018538350239396095,0.5,0
unique_rows,51,XGB,96,1,0.007275337353348732,0.5,0
unique_rows,51,XGB,268,0,0.08368433266878128,0.5,0
unique_rows,51,XGB,143,1,0.9986976385116577,0.5,1
unique_rows,51,XGB,85,1,0.9996339082717896,0.5,1
unique_rows,51,XGB,13,0,0.0006101824692450464,0.5,0
unique_rows,51,XGB,255,1,0.12343767285346985,0.5,0
unique_rows,51,XGB,37,1,0.5559459924697876,0.5,1
unique_rows,51,XGB,521,1,0.07061368227005005,0.5,0
unique_rows,51,XGB,91,1,0.7912777662277222,0.5,1
unique_rows,51,XGB,225,1,0.9580329060554504,0.5,1
unique_rows,51,XGB,28,0,0.8505517840385437,0.5,1
unique_rows,51,XGB,348,0,0.03923635557293892,0.5,0
unique_rows,51,XGB,72,0,0.010124064050614834,0.5,0
unique_rows,51,XGB,131,1,0.9992490410804749,0.5,1
unique_rows,51,XGB,52,1,0.9894094467163086,0.5,1
unique_rows,51,XGB,234,1,0.9868630170822144,0.5,1
unique_rows,51,XGB,148,1,0.2988405227661133,0.5,0
unique_rows,51,XGB,77,0,0.009251700714230537,0.5,0
unique_rows,51,XGB,281,1,0.9993556141853333,0.5,1
unique_rows,51,XGB,421,1,0.9907463788986206,0.5,1
unique_rows,51,XGB,7,0,0.0006987625383771956,0.5,0
unique_rows,51,XGB,582,1,0.926239550113678,0.5,1
unique_rows,51,XGB,606,0,0.5225173234939575,0.5,1
unique_rows,51,NB,111,1,0.010806367120483214,0.5,0
unique_rows,51,NB,135,0,0.00031607905711364756,0.5,0
unique_rows,51,NB,231,1,0.9901774119592975,0.5,1
unique_rows,51,NB,54,0,1.1971963227395201e-09,0.5,0
unique_rows,51,NB,105,0,0.015404932919440593,0.5,0
unique_rows,51,NB,342,1,0.9955141823984174,0.5,1
unique_rows,51,NB,182,0,0.008112583037079757,0.5,0
unique_rows,51,NB,367,0,0.7131704293962371,0.5,1
unique_rows,51,NB,159,1,0.9988384012013187,0.5,1
unique_rows,51,NB,128,1,0.00046498276719719863,0.5,0
unique_rows,51,NB,536,1,0.9944584322023738,0.5,1
unique_rows,51,NB,70,0,1.2018118983497834e-05,0.5,0
unique_rows,51,NB,434,1,0.9969074456878784,0.5,1
unique_rows,51,NB,438,1,0.9982869065076708,0.5,1
unique_rows,51,NB,733,1,0.9996471077034536,0.5,1
unique_rows,51,NB,450,0,8.503619258516718e-07,0.5,0
unique_rows,51,NB,203,1,0.7073133811671245,0.5,1
unique_rows,51,NB,81,0,0.0264440540775902,0.5,0
unique_rows,51,NB,426,1,0.9963791781831863,0.5,1
unique_rows,51,NB,331,0,0.020544194860641702,0.5,0
unique_rows,51,NB,449,0,0.933894902393605,0.5,1
unique_rows,51,NB,396,0,0.019973522363760952,0.5,0
unique_rows,51,NB,361,1,0.00034561109942018417,0.5,0
unique_rows,51,NB,49,0,0.006088029085224372,0.5,0
unique_rows,51,NB,652,1,0.4669972308356357,0.5,0
unique_rows,51,NB,580,1,0.9845313690496516,0.5,1
unique_rows,51,NB,216,0,0.000884155203060444,0.5,0
unique_rows,51,NB,117,0,0.001496218426264033,0.5,0
unique_rows,51,NB,113,0,0.00021540791921144056,0.5,0
unique_rows,51,NB,67,0,0.029281889857957235,0.5,0
unique_rows,51,NB,71,0,0.0032660818493659293,0.5,0
unique_rows,51,NB,53,0,0.00048280819261366996,0.5,0
unique_rows,51,NB,16,1,0.9804331295413711,0.5,1
unique_rows,51,NB,643,1,0.6630345761112094,0.5,1
unique_rows,51,NB,68,1,0.9999197081074531,0.5,1
unique_rows,51,NB,74,0,0.010953124954858954,0.5,0
unique_rows,51,NB,167,1,0.9299362278412541,0.5,1
unique_rows,51,NB,47,0,0.002885296805765332,0.5,0
unique_rows,51,NB,96,1,0.9732545725776417,0.5,1
unique_rows,51,NB,268,0,0.0060467934256666234,0.5,0
unique_rows,51,NB,143,1,0.9998718705140205,0.5,1
unique_rows,51,NB,85,1,0.996671515155714,0.5,1
unique_rows,51,NB,13,0,1.2608856098879078e-09,0.5,0
unique_rows,51,NB,255,1,0.9380681228720152,0.5,1
unique_rows,51,NB,37,1,0.9578068214594563,0.5,1
unique_rows,51,NB,521,1,2.286255695628177e-06,0.5,0
unique_rows,51,NB,91,1,0.9950090336498605,0.5,1
unique_rows,51,NB,225,1,0.8311615317673213,0.5,1
unique_rows,51,NB,28,0,0.30885668661462995,0.5,0
unique_rows,51,NB,348,0,2.1338001836645158e-07,0.5,0
unique_rows,51,NB,72,0,0.06527235092243035,0.5,0
unique_rows,51,NB,131,1,0.9984774231869442,0.5,1
unique_rows,51,NB,52,1,0.002749325274847525,0.5,0
unique_rows,51,NB,234,1,0.9964462350392481,0.5,1
unique_rows,51,NB,148,1,0.9651206927142685,0.5,1
unique_rows,51,NB,77,0,1.2460337930045415e-06,0.5,0
unique_rows,51,NB,281,1,0.9991287453993017,0.5,1
unique_rows,51,NB,421,1,0.9316057679595259,0.5,1
unique_rows,51,NB,7,0,0.00265340189861259,0.5,0
unique_rows,51,NB,582,1,0.9835792307328531,0.5,1
unique_rows,51,NB,606,0,0.10489409311504237,0.5,0
unique_rows,51,KNN,111,1,0.0,0.5,0
unique_rows,51,KNN,135,0,0.2,0.5,0
unique_rows,51,KNN,231,1,1.0,0.5,1
unique_rows,51,KNN,54,0,0.0,0.5,0
unique_rows,51,KNN,105,0,0.0,0.5,0
unique_rows,51,KNN,342,1,1.0,0.5,1
unique_rows,51,KNN,182,0,0.0,0.5,0
unique_rows,51,KNN,367,0,0.4,0.5,0
unique_rows,51,KNN,159,1,1.0,0.5,1
unique_rows,51,KNN,128,1,0.6,0.5,1
unique_rows,51,KNN,536,1,1.0,0.5,1
unique_rows,51,KNN,70,0,0.2,0.5,0
unique_rows,51,KNN,434,1,1.0,0.5,1
unique_rows,51,KNN,438,1,1.0,0.5,1
unique_rows,51,KNN,733,1,1.0,0.5,1
unique_rows,51,KNN,450,0,0.2,0.5,0
unique_rows,51,KNN,203,1,0.2,0.5,0
unique_rows,51,KNN,81,0,0.6,0.5,1
unique_rows,51,KNN,426,1,1.0,0.5,1
unique_rows,51,KNN,331,0,0.4,0.5,0
unique_rows,51,KNN,449,0,0.8,0.5,1
unique_rows,51,KNN,396,0,0.4,0.5,0
unique_rows,51,KNN,361,1,0.2,0.5,0
unique_rows,51,KNN,49,0,0.2,0.5,0
unique_rows,51,KNN,652,1,0.6,0.5,1
unique_rows,51,KNN,580,1,1.0,0.5,1
unique_rows,51,KNN,216,0,0.0,0.5,0
unique_rows,51,KNN,117,0,0.2,0.5,0
unique_rows,51,KNN,113,0,0.0,0.5,0
unique_rows,51,KNN,67,0,0.4,0.5,0
unique_rows,51,KNN,71,0,0.0,0.5,0
unique_rows,51,KNN,53,0,0.0,0.5,0
unique_rows,51,KNN,16,1,1.0,0.5,1
unique_rows,51,KNN,643,1,0.4,0.5,0
unique_rows,51,KNN,68,1,1.0,0.5,1
unique_rows,51,KNN,74,0,0.6,0.5,1
unique_rows,51,KNN,167,1,0.6,0.5,1
unique_rows,51,KNN,47,0,0.0,0.5,0
unique_rows,51,KNN,96,1,0.6,0.5,1
unique_rows,51,KNN,268,0,0.2,0.5,0
unique_rows,51,KNN,143,1,1.0,0.5,1
unique_rows,51,KNN,85,1,1.0,0.5,1
unique_rows,51,KNN,13,0,0.0,0.5,0
unique_rows,51,KNN,255,1,0.8,0.5,1
unique_rows,51,KNN,37,1,0.8,0.5,1
unique_rows,51,KNN,521,1,0.2,0.5,0
unique_rows,51,KNN,91,1,1.0,0.5,1
unique_rows,51,KNN,225,1,0.6,0.5,1
unique_rows,51,KNN,28,0,0.6,0.5,1
unique_rows,51,KNN,348,0,0.2,0.5,0
unique_rows,51,KNN,72,0,0.4,0.5,0
unique_rows,51,KNN,131,1,1.0,0.5,1
unique_rows,51,KNN,52,1,0.6,0.5,1
unique_rows,51,KNN,234,1,1.0,0.5,1
unique_rows,51,KNN,148,1,0.8,0.5,1
unique_rows,51,KNN,77,0,0.0,0.5,0
unique_rows,51,KNN,281,1,1.0,0.5,1
unique_rows,51,KNN,421,1,1.0,0.5,1
unique_rows,51,KNN,7,0,0.0,0.5,0
unique_rows,51,KNN,582,1,1.0,0.5,1
unique_rows,51,KNN,606,0,0.2,0.5,0
unique_rows,51,Stacking,111,1,0.09216573181295278,0.5,0
unique_rows,51,Stacking,135,0,0.1106860093495021,0.5,0
unique_rows,51,Stacking,231,1,0.9074989042861024,0.5,1
unique_rows,51,Stacking,54,0,0.07302403577940993,0.5,0
unique_rows,51,Stacking,105,0,0.08823202771489486,0.5,0
unique_rows,51,Stacking,342,1,0.906270865893944,0.5,1
unique_rows,51,Stacking,182,0,0.07578365660553993,0.5,0
unique_rows,51,Stacking,367,0,0.6416243227690147,0.5,1
unique_rows,51,Stacking,159,1,0.9167723180089765,0.5,1
unique_rows,51,Stacking,128,1,0.3597622751251713,0.5,0
unique_rows,51,Stacking,536,1,0.9145871980049723,0.5,1
unique_rows,51,Stacking,70,0,0.08651979783472986,0.5,0
unique_rows,51,Stacking,434,1,0.9169891111613073,0.5,1
unique_rows,51,Stacking,438,1,0.9153836243014574,0.5,1
unique_rows,51,Stacking,733,1,0.9179585031870634,0.5,1
unique_rows,51,Stacking,450,0,0.08664566063096638,0.5,0
unique_rows,51,Stacking,203,1,0.42663077567668656,0.5,0
unique_rows,51,Stacking,81,0,0.3473948041811866,0.5,0
unique_rows,51,Stacking,426,1,0.90171453120961,0.5,1
unique_rows,51,Stacking,331,0,0.2409025029119283,0.5,0
unique_rows,51,Stacking,449,0,0.7006818275518586,0.5,1
unique_rows,51,Stacking,396,0,0.19781163662611503,0.5,0
unique_rows,51,Stacking,361,1,0.08799535196620303,0.5,0
unique_rows,51,Stacking,49,0,0.11124930940029851,0.5,0
unique_rows,51,Stacking,652,1,0.6608088671696053,0.5,1
unique_rows,51,Stacking,580,1,0.9007653004915108,0.5,1
unique_rows,51,Stacking,216,0,0.07321510344299191,0.5,0
unique_rows,51,Stacking,117,0,0.08806305545645565,0.5,0
unique_rows,51,Stacking,113,0,0.07450039261319788,0.5,0
unique_rows,51,Stacking,67,0,0.18539783078311423,0.5,0
unique_rows,51,Stacking,71,0,0.07562456282181883,0.5,0
unique_rows,51,Stacking,53,0,0.08970958329783742,0.5,0
unique_rows,51,Stacking,16,1,0.8743599839505352,0.5,1
unique_rows,51,Stacking,643,1,0.554842225256971,0.5,1
unique_rows,51,Stacking,68,1,0.9207094088242087,0.5,1
unique_rows,51,Stacking,74,0,0.13980846539530584,0.5,0
unique_rows,51,Stacking,167,1,0.7947104721618565,0.5,1
unique_rows,51,Stacking,47,0,0.08771248166919941,0.5,0
unique_rows,51,Stacking,96,1,0.6662968394810284,0.5,1
unique_rows,51,Stacking,268,0,0.13278632820496003,0.5,0
unique_rows,51,Stacking,143,1,0.9175951397990117,0.5,1
unique_rows,51,Stacking,85,1,0.912993606666055,0.5,1
unique_rows,51,Stacking,13,0,0.06962291966211656,0.5,0
unique_rows,51,Stacking,255,1,0.6810576318283608,0.5,1
unique_rows,51,Stacking,37,1,0.8082518672157056,0.5,1
unique_rows,51,Stacking,521,1,0.0950103370845619,0.5,0
unique_rows,51,Stacking,91,1,0.8896642769690835,0.5,1
unique_rows,51,Stacking,225,1,0.7215592838136591,0.5,1
unique_rows,51,Stacking,28,0,0.5936719242066018,0.5,1
unique_rows,51,Stacking,348,0,0.09146044686439467,0.5,0
unique_rows,51,Stacking,72,0,0.1438155350507175,0.5,0
unique_rows,51,Stacking,131,1,0.9164828538027021,0.5,1
unique_rows,51,Stacking,52,1,0.3819565313305769,0.5,0
unique_rows,51,Stacking,234,1,0.9103380295885258,0.5,1
unique_rows,51,Stacking,148,1,0.7698531095151973,0.5,1
unique_rows,51,Stacking,77,0,0.0739341684196981,0.5,0
unique_rows,51,Stacking,281,1,0.9128664436937948,0.5,1
unique_rows,51,Stacking,421,1,0.8709975150094567,0.5,1
unique_rows,51,Stacking,7,0,0.07089523598134873,0.5,0
unique_rows,51,Stacking,582,1,0.8899337538907426,0.5,1
unique_rows,51,Stacking,606,0,0.220089926281981,0.5,0
unique_rows,51,OneHot LR,111,1,0.12994221791518265,0.5,0
unique_rows,51,OneHot LR,135,0,0.051207299968186896,0.5,0
unique_rows,51,OneHot LR,231,1,0.956618207649699,0.5,1
unique_rows,51,OneHot LR,54,0,0.027777774603801663,0.5,0
unique_rows,51,OneHot LR,105,0,0.06443532507524852,0.5,0
unique_rows,51,OneHot LR,342,1,0.9694906504587313,0.5,1
unique_rows,51,OneHot LR,182,0,0.018170186734901655,0.5,0
unique_rows,51,OneHot LR,367,0,0.8060864545555967,0.5,1
unique_rows,51,OneHot LR,159,1,0.9750878361599365,0.5,1
unique_rows,51,OneHot LR,128,1,0.8925233004301657,0.5,1
unique_rows,51,OneHot LR,536,1,0.9673236135636021,0.5,1
unique_rows,51,OneHot LR,70,0,0.021404059156798837,0.5,0
unique_rows,51,OneHot LR,434,1,0.9868879078259775,0.5,1
unique_rows,51,OneHot LR,438,1,0.9753928313546342,0.5,1
unique_rows,51,OneHot LR,733,1,0.9910009425526466,0.5,1
unique_rows,51,OneHot LR,450,0,0.01231946010569525,0.5,0
unique_rows,51,OneHot LR,203,1,0.2894639464257087,0.5,0
unique_rows,51,OneHot LR,81,0,0.760798823165989,0.5,1
unique_rows,51,OneHot LR,426,1,0.9199136179849323,0.5,1
unique_rows,51,OneHot LR,331,0,0.37986891217475893,0.5,0
unique_rows,51,OneHot LR,449,0,0.6259298599397995,0.5,1
unique_rows,51,OneHot LR,396,0,0.17313043543704168,0.5,0
unique_rows,51,OneHot LR,361,1,0.18442163168740391,0.5,0
unique_rows,51,OneHot LR,49,0,0.1256372661009026,0.5,0
unique_rows,51,OneHot LR,652,1,0.8978219622615541,0.5,1
unique_rows,51,OneHot LR,580,1,0.9225438551442801,0.5,1
unique_rows,51,OneHot LR,216,0,0.009346201402782271,0.5,0
unique_rows,51,OneHot LR,117,0,0.0509759714166547,0.5,0
unique_rows,51,OneHot LR,113,0,0.014470970690966303,0.5,0
unique_rows,51,OneHot LR,67,0,0.13523951588918656,0.5,0
unique_rows,51,OneHot LR,71,0,0.028767152567463986,0.5,0
unique_rows,51,OneHot LR,53,0,0.20251361535248608,0.5,0
unique_rows,51,OneHot LR,16,1,0.7511146796590982,0.5,1
unique_rows,51,OneHot LR,643,1,0.5672049501556268,0.5,1
unique_rows,51,OneHot LR,68,1,0.9938177220083825,0.5,1
unique_rows,51,OneHot LR,74,0,0.06887940077501802,0.5,0
unique_rows,51,OneHot LR,167,1,0.892542215824537,0.5,1
unique_rows,51,OneHot LR,47,0,0.047291731615404176,0.5,0
unique_rows,51,OneHot LR,96,1,0.6532613755657324,0.5,1
unique_rows,51,OneHot LR,268,0,0.19454403022843902,0.5,0
unique_rows,51,OneHot LR,143,1,0.9704688536687418,0.5,1
unique_rows,51,OneHot LR,85,1,0.9601034079887617,0.5,1
unique_rows,51,OneHot LR,13,0,0.0032822328138583596,0.5,0
unique_rows,51,OneHot LR,255,1,0.5386396964349174,0.5,1
unique_rows,51,OneHot LR,37,1,0.8026814982377882,0.5,1
unique_rows,51,OneHot LR,521,1,0.21236442186577356,0.5,0
unique_rows,51,OneHot LR,91,1,0.9662152821797279,0.5,1
unique_rows,51,OneHot LR,225,1,0.626971592807134,0.5,1
unique_rows,51,OneHot LR,28,0,0.41586750613482937,0.5,0
unique_rows,51,OneHot LR,348,0,0.043237745202376957,0.5,0
unique_rows,51,OneHot LR,72,0,0.12216313827724501,0.5,0
unique_rows,51,OneHot LR,131,1,0.9776547815092284,0.5,1
unique_rows,51,OneHot LR,52,1,0.9059889091950849,0.5,1
unique_rows,51,OneHot LR,234,1,0.9420728041251684,0.5,1
unique_rows,51,OneHot LR,148,1,0.5574316285218405,0.5,1
unique_rows,51,OneHot LR,77,0,0.011316576750720318,0.5,0
unique_rows,51,OneHot LR,281,1,0.9622338081167328,0.5,1
unique_rows,51,OneHot LR,421,1,0.7473588626577908,0.5,1
unique_rows,51,OneHot LR,7,0,0.007229647325415398,0.5,0
unique_rows,51,OneHot LR,582,1,0.9271319542645683,0.5,1
unique_rows,51,OneHot LR,606,0,0.34018714707853764,0.5,0
unique_rows,51,Proposed,111,1,0.12994221791518265,0.2,0
unique_rows,51,Proposed,135,0,0.051207299968186896,0.2,0
unique_rows,51,Proposed,231,1,0.956618207649699,0.2,1
unique_rows,51,Proposed,54,0,0.027777774603801663,0.2,0
unique_rows,51,Proposed,105,0,0.06443532507524852,0.2,0
unique_rows,51,Proposed,342,1,0.9694906504587313,0.2,1
unique_rows,51,Proposed,182,0,0.018170186734901655,0.2,0
unique_rows,51,Proposed,367,0,0.8060864545555967,0.2,1
unique_rows,51,Proposed,159,1,0.9750878361599365,0.2,1
unique_rows,51,Proposed,128,1,0.8925233004301657,0.2,1
unique_rows,51,Proposed,536,1,0.9673236135636021,0.2,1
unique_rows,51,Proposed,70,0,0.021404059156798837,0.2,0
unique_rows,51,Proposed,434,1,0.9868879078259775,0.2,1
unique_rows,51,Proposed,438,1,0.9753928313546342,0.2,1
unique_rows,51,Proposed,733,1,0.9910009425526466,0.2,1
unique_rows,51,Proposed,450,0,0.01231946010569525,0.2,0
unique_rows,51,Proposed,203,1,0.2894639464257087,0.2,1
unique_rows,51,Proposed,81,0,0.760798823165989,0.2,1
unique_rows,51,Proposed,426,1,0.9199136179849323,0.2,1
unique_rows,51,Proposed,331,0,0.37986891217475893,0.2,1
unique_rows,51,Proposed,449,0,0.6259298599397995,0.2,1
unique_rows,51,Proposed,396,0,0.17313043543704168,0.2,0
unique_rows,51,Proposed,361,1,0.18442163168740391,0.2,0
unique_rows,51,Proposed,49,0,0.1256372661009026,0.2,0
unique_rows,51,Proposed,652,1,0.8978219622615541,0.2,1
unique_rows,51,Proposed,580,1,0.9225438551442801,0.2,1
unique_rows,51,Proposed,216,0,0.009346201402782271,0.2,0
unique_rows,51,Proposed,117,0,0.0509759714166547,0.2,0
unique_rows,51,Proposed,113,0,0.014470970690966303,0.2,0
unique_rows,51,Proposed,67,0,0.13523951588918656,0.2,0
unique_rows,51,Proposed,71,0,0.028767152567463986,0.2,0
unique_rows,51,Proposed,53,0,0.20251361535248608,0.2,1
unique_rows,51,Proposed,16,1,0.7511146796590982,0.2,1
unique_rows,51,Proposed,643,1,0.5672049501556268,0.2,1
unique_rows,51,Proposed,68,1,0.9938177220083825,0.2,1
unique_rows,51,Proposed,74,0,0.06887940077501802,0.2,0
unique_rows,51,Proposed,167,1,0.892542215824537,0.2,1
unique_rows,51,Proposed,47,0,0.047291731615404176,0.2,0
unique_rows,51,Proposed,96,1,0.6532613755657324,0.2,1
unique_rows,51,Proposed,268,0,0.19454403022843902,0.2,0
unique_rows,51,Proposed,143,1,0.9704688536687418,0.2,1
unique_rows,51,Proposed,85,1,0.9601034079887617,0.2,1
unique_rows,51,Proposed,13,0,0.0032822328138583596,0.2,0
unique_rows,51,Proposed,255,1,0.5386396964349174,0.2,1
unique_rows,51,Proposed,37,1,0.8026814982377882,0.2,1
unique_rows,51,Proposed,521,1,0.21236442186577356,0.2,1
unique_rows,51,Proposed,91,1,0.9662152821797279,0.2,1
unique_rows,51,Proposed,225,1,0.626971592807134,0.2,1
unique_rows,51,Proposed,28,0,0.41586750613482937,0.2,1
unique_rows,51,Proposed,348,0,0.043237745202376957,0.2,0
unique_rows,51,Proposed,72,0,0.12216313827724501,0.2,0
unique_rows,51,Proposed,131,1,0.9776547815092284,0.2,1
unique_rows,51,Proposed,52,1,0.9059889091950849,0.2,1
unique_rows,51,Proposed,234,1,0.9420728041251684,0.2,1
unique_rows,51,Proposed,148,1,0.5574316285218405,0.2,1
unique_rows,51,Proposed,77,0,0.011316576750720318,0.2,0
unique_rows,51,Proposed,281,1,0.9622338081167328,0.2,1
unique_rows,51,Proposed,421,1,0.7473588626577908,0.2,1
unique_rows,51,Proposed,7,0,0.007229647325415398,0.2,0
unique_rows,51,Proposed,582,1,0.9271319542645683,0.2,1
unique_rows,51,Proposed,606,0,0.34018714707853764,0.2,1
